country_code,year,value
ABW,1990,2.3333333333333335
ABW,1991,2.3333333333333335
ABW,1992,2.3333333333333335
ABW,1993,2.3333333333333335
ABW,1994,2.3333333333333335
ABW,1995,2.3333333333333335
ABW,1996,2.3333333333333335
ABW,1997,2.3333333333333335
ABW,1998,2.3333333333333335
ABW,1999,2.3333333333333335
ABW,2000,2.3333333333333335
ABW,2001,2.3333333333333335
ABW,2002,2.3333333333333335
ABW,2003,2.3333333333333335
ABW,2004,2.3333333333333335
ABW,2005,2.3333333333333335
ABW,2006,2.3333333333333335
ABW,2007,2.3333333333333335
ABW,2008,2.3333333333333335
ABW,2009,2.3333333333333335
ABW,2010,2.3333333333333335
ABW,2011,2.3333333333333335
ABW,2012,2.3333333333333335
ABW,2013,2.3333333333333335
ABW,2014,2.3333333333333335
ABW,2015,2.3333333333333335
ABW,2016,2.3333333333333335
ABW,2017,2.3333333333333335
ABW,2018,2.3333333333333335
ABW,2019,2.3333333333333335
ABW,2020,2.3333333333333335
ABW,2021,2.3333333333333335
ABW,2022,2.3333333333333335
ABW,2023,2.3333333333333335
AFE,1990,42.975249875818086
AFE,1991,42.799179836048324
AFE,1992,42.62310979627857
AFE,1993,40.26968998929205
AFE,1994,40.10327039785051
AFE,1995,39.93685080640896
AFE,1996,39.77043121496742
AFE,1997,39.60401162352587
AFE,1998,39.437592032084325
AFE,1999,39.271172440642786
AFE,2000,39.10475284920124
AFE,2001,38.9039800957902
AFE,2002,38.70320734237915
AFE,2003,38.502434588968114
AFE,2004,37.840646765595935
AFE,2005,37.64215276320776
AFE,2006,37.44382127019019
AFE,2007,37.24532517507857
AFE,2008,37.04708443557098
AFE,2009,36.848632294473056
AFE,2010,36.64823508297613
AFE,2011,36.4089620173726
AFE,2012,31.89065408989194
AFE,2013,31.680634937141207
AFE,2014,31.470633901231366
AFE,2015,31.26041973222869
AFE,2016,31.039681559375495
AFE,2017,30.824316261538492
AFE,2018,30.61151181969719
AFE,2019,30.391625862283504
AFE,2020,30.17425243566029
AFE,2021,29.95519378732366
AFE,2022,29.73720510217048
AFG,1990,1.8527819940818424
AFG,1991,1.8527819940818424
AFG,1992,1.8527819940818424
AFG,1993,1.8527819940818424
AFG,1994,1.8527819940818424
AFG,1995,1.8527819940818424
AFG,1996,1.8527819940818424
AFG,1997,1.8527819940818424
AFG,1998,1.8527819940818424
AFG,1999,1.8527819940818424
AFG,2000,1.8527819940818424
AFG,2001,1.8527819940818424
AFG,2002,1.8527819940818424
AFG,2003,1.8527819940818424
AFG,2004,1.8527819940818424
AFG,2005,1.8527819940818424
AFG,2006,1.8527819940818424
AFG,2007,1.8527819940818424
AFG,2008,1.8527819940818424
AFG,2009,1.8527819940818424
AFG,2010,1.8527819940818424
AFG,2011,1.8527819940818424
AFG,2012,1.8527819940818424
AFG,2013,1.8527819940818424
AFG,2014,1.8527819940818424
AFG,2015,1.8527819940818424
AFG,2016,1.8527819940818424
AFG,2017,1.8527819940818424
AFG,2018,1.8527819940818424
AFG,2019,1.8527819940818424
AFG,2020,1.8527819940818424
AFG,2021,1.8527819940818424
AFG,2022,1.8527819940818424
AFG,2023,1.8527819940818424
AFW,1990,22.77690812732567
AFW,1991,22.6587456692513
AFW,1992,22.540583211176926
AFW,1993,22.42242075310255
AFW,1994,22.30425829502818
AFW,1995,22.186095836953807
AFW,1996,22.067933378879435
AFW,1997,21.94977092080506
AFW,1998,21.831608462730685
AFW,1999,21.713446004656316
AFW,2000,21.595283546581943
AFW,2001,21.50315634472649
AFW,2002,21.41102914287104
AFW,2003,21.31890194101559
AFW,2004,21.226774739160135
AFW,2005,21.134647537304687
AFW,2006,21.042520335449236
AFW,2007,20.950393133593785
AFW,2008,20.858265931738337
AFW,2009,20.766138729882886
AFW,2010,20.674011528027435
AFW,2011,20.586055376098027
AFW,2012,20.49809922416862
AFW,2013,20.41014307223921
AFW,2014,20.3221869203098
AFW,2015,20.234230768380392
AFW,2016,20.152610156338095
AFW,2017,20.071327182398864
AFW,2018,19.98609959561254
AFW,2019,19.901230110461537
AFW,2020,19.8167839774834
AFW,2021,19.73203653242238
AFW,2022,19.64748777136017
AGO,1990,63.57807010507741
AGO,1991,63.45340739552419
AGO,1992,63.32874468597096
AGO,1993,63.20408197641775
AGO,1994,63.07941926686452
AGO,1995,62.9547565573113
AGO,1996,62.830093847758086
AGO,1997,62.70543113820486
AGO,1998,62.58076842865164
AGO,1999,62.45610571909842
AGO,2000,62.3314430095452
AGO,2001,61.886218817678674
AGO,2002,61.44099462581214
AGO,2003,60.995770433945616
AGO,2004,60.55054624207909
AGO,2005,60.105322050212564
AGO,2006,59.66009785834603
AGO,2007,59.214873666479505
AGO,2008,58.769649474612976
AGO,2009,58.32442528274645
AGO,2010,57.87920109087993
AGO,2011,57.4339760968958
AGO,2012,56.988751102911685
AGO,2013,56.543526108927566
AGO,2014,56.09830111494345
AGO,2015,55.653076120959334
AGO,2016,55.20784471003449
AGO,2017,54.762629341461455
AGO,2018,54.317405951712516
AGO,2019,53.872174540787675
AGO,2020,53.42695115103875
AGO,2021,52.98172238710194
AGO,2022,52.536497232694316
AGO,2023,52.0912696719339
ALB,1990,28.78832116788321
ALB,1991,28.717153284671532
ALB,1992,28.645985401459857
ALB,1993,28.574817518248175
ALB,1994,28.5036496350365
ALB,1995,28.432481751824817
ALB,1996,28.361313868613138
ALB,1997,28.29014598540146
ALB,1998,28.21897810218978
ALB,1999,28.147810218978105
ALB,2000,28.076642335766422
ALB,2001,28.123248175182486
ALB,2002,28.16985401459854
ALB,2003,28.2164598540146
ALB,2004,28.263065693430654
ALB,2005,28.309671532846714
ALB,2006,28.356277372262774
ALB,2007,28.40288321167883
ALB,2008,28.44948905109489
ALB,2009,28.496094890510946
ALB,2010,28.542700729927006
ALB,2011,28.594653284671534
ALB,2012,28.646605839416058
ALB,2013,28.698558394160585
ALB,2014,28.750510948905113
ALB,2015,28.802463503649633
ALB,2016,28.802189781021898
ALB,2017,28.792062043795617
ALB,2018,28.791970802919707
ALB,2019,28.791970802919707
ALB,2020,28.791970802919707
ALB,2021,28.791970802919707
ALB,2022,28.791970802919707
ALB,2023,28.791970802919707
AND,1990,34.04255319148936
AND,1991,34.04255319148936
AND,1992,34.04255319148936
AND,1993,34.04255319148936
AND,1994,34.04255319148936
AND,1995,34.04255319148936
AND,1996,34.04255319148936
AND,1997,34.04255319148936
AND,1998,34.04255319148936
AND,1999,34.04255319148936
AND,2000,34.04255319148936
AND,2001,34.04255319148936
AND,2002,34.04255319148936
AND,2003,34.04255319148936
AND,2004,34.04255319148936
AND,2005,34.04255319148936
AND,2006,34.04255319148936
AND,2007,34.04255319148936
AND,2008,34.04255319148936
AND,2009,34.04255319148936
AND,2010,34.04255319148936
AND,2011,34.04255319148936
AND,2012,34.04255319148936
AND,2013,34.04255319148936
AND,2014,34.04255319148936
AND,2015,34.04255319148936
AND,2016,34.04255319148936
AND,2017,34.04255319148936
AND,2018,34.04255319148936
AND,2019,34.04255319148936
AND,2020,34.04255319148936
AND,2021,34.04255319148936
AND,2022,34.04255319148936
AND,2023,34.04255319148936
ARB,1990,1.7860767977246226
ARB,1991,1.779710346154671
ARB,1992,1.7733407378853556
ARB,1993,1.7669742976482168
ARB,1994,1.7606078574110777
ARB,1995,1.7542414260743535
ARB,1996,1.7478749858372145
ARB,1997,1.7415085456000754
ARB,1998,1.7351421053629361
ARB,1999,1.728775665125797
ARB,2000,1.722409224888658
ARB,2001,1.7204797928980207
ARB,2002,1.7185503609073831
ARB,2003,1.716648430907329
ARB,2004,1.714720494202127
ARB,2005,1.7127895051031792
ARB,2006,1.7108509056847647
ARB,2007,1.7089184110374673
ARB,2008,1.7069874425707239
ARB,2009,1.7054389939633205
ARB,2010,1.7035103286146323
ARB,2011,1.697432026912546
ARB,2012,2.956405437181809
ARB,2013,2.937936996813667
ARB,2014,2.919451746953556
ARB,2015,2.900938038527913
ARB,2016,2.883323261220978
ARB,2017,2.86394290918001
ARB,2018,2.8444204691597164
ARB,2019,2.8266207876558407
ARB,2020,2.8088952608016657
ARB,2021,2.791120844538008
ARB,2022,2.773553927044466
ARE,1990,3.449732469726838
ARE,1991,3.540453393410307
ARE,1992,3.6311743170937762
ARE,1993,3.721895240777246
ARE,1994,3.812616164460715
ARE,1995,3.903337088144185
ARE,1996,3.994058011827654
ARE,1997,4.084778935511125
ARE,1998,4.175499859194593
ARE,1999,4.2662207828780625
ARE,2000,4.356941706561533
ARE,2001,4.3680230920867364
ARE,2002,4.37910447761194
ARE,2003,4.390185863137145
ARE,2004,4.401267248662348
ARE,2005,4.412348634187553
ARE,2006,4.4234300197127565
ARE,2007,4.434511405237961
ARE,2008,4.445592790763166
ARE,2009,4.456674176288369
ARE,2010,4.467755561813574
ARE,2011,4.467755561813574
ARE,2012,4.467755561813574
ARE,2013,4.467755561813574
ARE,2014,4.467755561813574
ARE,2015,4.467755561813574
ARE,2016,4.467755561813574
ARE,2017,4.467755561813574
ARE,2018,4.467755561813574
ARE,2019,4.467755561813574
ARE,2020,4.467755561813574
ARE,2021,4.467755561813574
ARE,2022,4.467755561813574
ARE,2023,4.467755561813574
ARG,1990,12.863714925694907
ARG,1991,12.796991986670028
ARG,1992,12.730269047645148
ARG,1993,12.663546108620269
ARG,1994,12.596823169595387
ARG,1995,12.530100230570508
ARG,1996,12.463377291545626
ARG,1997,12.396654352520747
ARG,1998,12.329931413495865
ARG,1999,12.263208474470986
ARG,2000,12.196485535446104
ARG,2001,12.080871417661482
ARG,2002,11.965257299876859
ARG,2003,11.849643182092235
ARG,2004,11.734029064307611
ARG,2005,11.61841494652299
ARG,2006,11.502800828738366
ARG,2007,11.387186710953744
ARG,2008,11.27157259316912
ARG,2009,11.155958475384498
ARG,2010,11.040344357599874
ARG,2011,10.958712897697584
ARG,2012,10.877081437795292
ARG,2013,10.795449977893004
ARG,2014,10.713818517990711
ARG,2015,10.63218705808842
ARG,2016,10.600396829746884
ARG,2017,10.559836883242165
ARG,2018,10.520373151507844
ARG,2019,10.48017860992659
ARG,2020,10.440714878192269
ARG,2021,10.40088574153448
ARG,2022,10.361056604876694
ARG,2023,10.321295141210733
ARM,1992,11.742606252195293
ARM,1993,11.735265191429574
ARM,1994,11.727924130663856
ARM,1995,11.720583069898138
ARM,1996,11.713242009132422
ARM,1997,11.705900948366702
ARM,1998,11.698559887600982
ARM,1999,11.691218826835264
ARM,2000,11.683877766069548
ARM,2001,11.676571829996488
ARM,2002,11.669265893923427
ARM,2003,11.661959957850367
ARM,2004,11.65465402177731
ARM,2005,11.64734808570425
ARM,2006,11.640042149631192
ARM,2007,11.63273621355813
ARM,2008,11.625430277485073
ARM,2009,11.618124341412011
ARM,2010,11.610818405338954
ARM,2011,11.603512469265894
ARM,2012,11.596206533192834
ARM,2013,11.588900597119775
ARM,2014,11.581594661046717
ARM,2015,11.574288724973655
ARM,2016,11.566912539515279
ARM,2017,11.559536354056902
ARM,2018,11.552160168598526
ARM,2019,11.544783983140148
ARM,2020,11.648942225544829
ARM,2021,11.641626848728007
ARM,2022,11.633671793213212
ARM,2023,11.618315824711415
ASM,1990,90.35
ASM,1991,90.18
ASM,1992,90.01
ASM,1993,89.84
ASM,1994,89.67
ASM,1995,89.5
ASM,1996,89.33
ASM,1997,89.16
ASM,1998,88.99
ASM,1999,88.82
ASM,2000,88.65
ASM,2001,88.5
ASM,2002,88.35
ASM,2003,88.2
ASM,2004,88.05
ASM,2005,87.9
ASM,2006,87.75
ASM,2007,87.6
ASM,2008,87.45
ASM,2009,87.3
ASM,2010,87.15
ASM,2011,87.0
ASM,2012,86.85
ASM,2013,86.7
ASM,2014,86.55
ASM,2015,86.4
ASM,2016,86.25
ASM,2017,86.1
ASM,2018,85.95
ASM,2019,85.8
ASM,2020,85.65
ASM,2021,85.5
ASM,2022,85.35
ASM,2023,85.2
ATG,1990,22.977272727272727
ATG,1991,22.827272727272728
ATG,1992,22.677272727272726
ATG,1993,22.52727272727273
ATG,1994,22.377272727272725
ATG,1995,22.227272727272727
ATG,1996,22.077272727272728
ATG,1997,21.92727272727273
ATG,1998,21.777272727272727
ATG,1999,21.627272727272725
ATG,2000,21.477272727272727
ATG,2001,21.325
ATG,2002,21.172727272727272
ATG,2003,21.020454545454545
ATG,2004,20.868181818181817
ATG,2005,20.715909090909093
ATG,2006,20.563636363636366
ATG,2007,20.411363636363635
ATG,2008,20.25909090909091
ATG,2009,20.10681818181818
ATG,2010,19.954545454545453
ATG,2011,19.804545454545455
ATG,2012,19.654545454545456
ATG,2013,19.50454545454545
ATG,2014,19.354545454545455
ATG,2015,19.204545454545453
ATG,2016,19.045454545454547
ATG,2017,18.90909090909091
ATG,2018,18.75
ATG,2019,18.59090909090909
ATG,2020,18.454545454545453
ATG,2021,18.302954545454543
ATG,2022,18.16159090909091
ATG,2023,18.01340909090909
AUS,1990,17.42735899405126
AUS,1991,17.400438670710592
AUS,1992,17.373518347369927
AUS,1993,17.346598024029262
AUS,1994,17.319677700688597
AUS,1995,17.292757377347932
AUS,1996,17.265837054007264
AUS,1997,17.2389167306666
AUS,1998,17.21199640732593
AUS,1999,17.185076083985265
AUS,2000,17.158155760644597
AUS,2001,17.128633351990942
AUS,2002,17.09911094333728
AUS,2003,17.069588534683625
AUS,2004,17.040066126029966
AUS,2005,17.010543717376304
AUS,2006,16.98102130872265
AUS,2007,16.95149890006899
AUS,2008,16.92197649141533
AUS,2009,16.892454082761674
AUS,2010,16.862931674108015
AUS,2011,16.9553102586465
AUS,2012,17.047688843184986
AUS,2013,17.14006742772347
AUS,2014,17.232446012261953
AUS,2015,17.324824596800436
AUS,2016,17.425487713240475
AUS,2017,17.422913616969275
AUS,2018,17.42131455716444
AUS,2019,17.42131455716444
AUS,2020,17.42131455716444
AUS,2021,17.42131455716444
AUS,2022,17.42131455716444
AUS,2023,17.42131455716444
AUT,1990,45.75460494425593
AUT,1991,45.83030780416868
AUT,1992,45.90601066408143
AUT,1993,45.98171352399418
AUT,1994,46.05741638390693
AUT,1995,46.13311924381968
AUT,1996,46.20882210373242
AUT,1997,46.284524963645175
AUT,1998,46.36022782355793
AUT,1999,46.43593068347067
AUT,2000,46.511633543383425
AUT,2001,46.542001938923896
AUT,2002,46.57237033446437
AUT,2003,46.60273873000485
AUT,2004,46.63310712554532
AUT,2005,46.66347552108579
AUT,2006,46.69384391662628
AUT,2007,46.72421231216675
AUT,2008,46.75458070770722
AUT,2009,46.784949103247705
AUT,2010,46.815317498788175
AUT,2011,46.858919049927295
AUT,2012,46.902520601066406
AUT,2013,46.946122152205525
AUT,2014,46.989723703344644
AUT,2015,47.03332525448376
AUT,2016,47.07695104217159
AUT,2017,47.120455647115854
AUT,2018,47.16396025206011
AUT,2019,47.103732428502184
AUT,2020,47.13790596219098
AUT,2021,47.172079495879785
AUT,2022,47.20613184682501
AUT,2023,47.240265390208435
AZE,1992,11.45482293281421
AZE,1993,11.50587019479193
AZE,1994,11.55691745676965
AZE,1995,11.607964718747372
AZE,1996,11.659011980725092
AZE,1997,11.710059242702814
AZE,1998,11.778799403071293
AZE,1999,11.885279003687806
AZE,2000,11.951092548877188
AZE,2001,12.006046922667183
AZE,2002,12.058811639110122
AZE,2003,12.108628950297632
AZE,2004,12.160463034642927
AZE,2005,12.217000967819985
AZE,2006,12.27518907995208
AZE,2007,12.331169444141885
AZE,2008,12.386262359761336
AZE,2009,12.441808477161047
AZE,2010,12.4914658343012
AZE,2011,12.600995668900772
AZE,2012,12.710826538266106
AZE,2013,12.820503514438839
AZE,2014,12.929708575783602
AZE,2015,13.039534011589224
AZE,2016,13.154411515664691
AZE,2017,13.2731460646972
AZE,2018,13.41393036029714
AZE,2019,13.553367048176737
AZE,2020,13.694189676451371
AZE,2021,13.832990925589836
AZE,2022,13.972481548699337
AZE,2023,14.111954022988508
BDI,1990,10.766355140186915
BDI,1991,10.444937694704052
BDI,1992,10.123520249221183
BDI,1993,9.802102803738318
BDI,1994,9.480685358255451
BDI,1995,9.159267912772586
BDI,1996,8.83785046728972
BDI,1997,8.516433021806852
BDI,1998,8.195015576323987
BDI,1999,7.873598130841122
BDI,2000,7.552180685358256
BDI,2001,7.552180685358256
BDI,2002,7.552180685358256
BDI,2003,7.552180685358256
BDI,2004,7.552180685358256
BDI,2005,7.552180685358256
BDI,2006,7.552180685358256
BDI,2007,7.552180685358256
BDI,2008,7.552180685358256
BDI,2009,7.552180685358256
BDI,2010,7.552180685358256
BDI,2011,8.219626168224298
BDI,2012,8.887071651090341
BDI,2013,9.554517133956386
BDI,2014,10.221962616822431
BDI,2015,10.889408099688474
BDI,2016,10.889408099688474
BDI,2017,10.889408099688474
BDI,2018,10.889408099688474
BDI,2019,10.889408099688474
BDI,2020,10.889408099688474
BDI,2021,10.889408099688474
BDI,2022,10.889408099688474
BDI,2023,10.889408099688474
BEL,2000,21.9991428477236
BEL,2001,22.073550258794054
BEL,2002,22.147957669864503
BEL,2003,22.222365080934956
BEL,2004,22.296772492005406
BEL,2005,22.37117990307586
BEL,2006,22.44558731414631
BEL,2007,22.519994725216762
BEL,2008,22.594402136287215
BEL,2009,22.668809547357665
BEL,2010,22.743216958428114
BEL,2011,22.73945867537006
BEL,2012,22.735700392312
BEL,2013,22.731942109253946
BEL,2014,22.728183826195895
BEL,2015,22.724425543137837
BEL,2016,22.724425543137837
BEL,2017,22.724425543137837
BEL,2018,22.605188075951858
BEL,2019,22.60444677641503
BEL,2020,22.60444677641503
BEL,2021,22.60444677641503
BEL,2022,22.60444677641503
BEL,2023,22.60444677641503
BEN,1990,42.88001064207166
BEN,1991,42.25922312876907
BEN,1992,41.63843561546648
BEN,1993,41.01764810216389
BEN,1994,40.3968605888613
BEN,1995,39.77607307555871
BEN,1996,39.15528556225612
BEN,1997,38.53449804895353
BEN,1998,37.91371053565094
BEN,1999,37.292923022348354
BEN,2000,36.67213550904576
BEN,2001,36.22871585668677
BEN,2002,35.78529620432778
BEN,2003,35.34187655196878
BEN,2004,34.89845689960979
BEN,2005,34.4550372472508
BEN,2006,34.01161759489181
BEN,2007,33.56819794253281
BEN,2008,33.12477829017382
BEN,2009,32.681358637814824
BEN,2010,32.237938985455834
BEN,2011,31.794519333096844
BEN,2012,31.35109968073785
BEN,2013,30.90768002837886
BEN,2014,30.464260376019865
BEN,2015,30.020840723660875
BEN,2016,29.577421071301877
BEN,2017,29.13400141894289
BEN,2018,28.690581766583893
BEN,2019,28.247162114224906
BEN,2020,27.80374246186591
BEN,2021,27.360322809506915
BEN,2022,26.916903157147924
BEN,2023,26.47348350478893
BFA,1990,28.20394736842105
BFA,1991,28.021162280701752
BFA,1992,27.838377192982456
BFA,1993,27.655592105263153
BFA,1994,27.47280701754386
BFA,1995,27.290021929824558
BFA,1996,27.10723684210526
BFA,1997,26.924451754385963
BFA,1998,26.741666666666664
BFA,1999,26.558881578947368
BFA,2000,26.37609649122807
BFA,2001,26.193347953216374
BFA,2002,26.010599415204677
BFA,2003,25.827850877192983
BFA,2004,25.645102339181285
BFA,2005,25.46235380116959
BFA,2006,25.279605263157894
BFA,2007,25.0968567251462
BFA,2008,24.914108187134502
BFA,2009,24.73135964912281
BFA,2010,24.54861111111111
BFA,2011,24.365789473684213
BFA,2012,24.182967836257312
BFA,2013,24.000146198830407
BFA,2014,23.81732456140351
BFA,2015,23.63450292397661
BFA,2016,23.45175438596491
BFA,2017,23.269005847953217
BFA,2018,23.086257309941523
BFA,2019,22.903508771929825
BFA,2020,22.720760233918128
BFA,2021,22.53801169590643
BFA,2022,22.355263157894736
BFA,2023,22.172514619883042
BGD,1990,14.75247752938465
BGD,1991,14.752475992932318
BGD,1992,14.75247445647999
BGD,1993,14.752472920027653
BGD,1994,14.752471383575324
BGD,1995,14.752469847122992
BGD,1996,14.752469078896826
BGD,1997,14.752467542444494
BGD,1998,14.752466005992165
BGD,1999,14.752464469539833
BGD,2000,14.752462933087504
BGD,2001,14.727890450948758
BGD,2002,14.703317968810016
BGD,2003,14.678745486671277
BGD,2004,14.654173004532534
BGD,2005,14.629600522393796
BGD,2006,14.605028040255053
BGD,2007,14.58045555811631
BGD,2008,14.555883075977569
BGD,2009,14.531309825612663
BGD,2010,14.506737343473915
BGD,2011,14.499144196051317
BGD,2012,14.491551048628715
BGD,2013,14.483957901206116
BGD,2014,14.476364753783514
BGD,2015,14.468771606360914
BGD,2016,14.468771606360914
BGD,2017,14.468771606360914
BGD,2018,14.468771606360914
BGD,2019,14.468771606360914
BGD,2020,14.468771606360914
BGD,2021,14.468771606360914
BGD,2022,14.458774758175954
BGD,2023,14.489921526388674
BGR,1990,30.073217029738768
BGR,1991,30.116604899213595
BGR,1992,30.159992768688422
BGR,1993,30.203380638163246
BGR,1994,30.246768507638073
BGR,1995,30.290156377112897
BGR,1996,30.333544246587724
BGR,1997,30.376932116062548
BGR,1998,30.420319985537375
BGR,1999,30.463707855012203
BGR,2000,30.507095724487026
BGR,2001,30.834312573443007
BGR,2002,31.68566176470588
BGR,2003,32.02721338604395
BGR,2004,32.36300110334682
BGR,2005,32.7319587628866
BGR,2006,33.068213200773265
BGR,2007,33.407605192892
BGR,2008,33.74090783537427
BGR,2009,34.08990420044215
BGR,2010,34.42336035372144
BGR,2011,34.600221075902724
BGR,2012,34.77708179808401
BGR,2013,34.953942520265294
BGR,2014,35.130803242446575
BGR,2015,35.30766396462786
BGR,2016,35.38135593220339
BGR,2017,35.50110537951363
BGR,2018,35.62085482682388
BGR,2019,35.74060427413412
BGR,2020,35.86035372144436
BGR,2021,35.98010316875461
BGR,2022,36.09985261606485
BGR,2023,36.21960206337509
BHR,1990,0.31884057971014496
BHR,1991,0.34057971014492755
BHR,1992,0.35211267605633806
BHR,1993,0.37323943661971826
BHR,1994,0.39436619718309857
BHR,1995,0.4154929577464789
BHR,1996,0.43661971830985913
BHR,1997,0.45774647887323944
BHR,1998,0.47887323943661975
BHR,1999,0.5
BHR,2000,0.5211267605633803
BHR,2001,0.5422535211267606
BHR,2002,0.5633802816901409
BHR,2003,0.576388888888889
BHR,2004,0.589041095890411
BHR,2005,0.6013513513513513
BHR,2006,0.6216216216216216
BHR,2007,0.6333333333333333
BHR,2008,0.6447368421052633
BHR,2009,0.6644736842105263
BHR,2010,0.6824146981627297
BHR,2011,0.6988265971316819
BHR,2012,0.7168831168831168
BHR,2013,0.7376623376623376
BHR,2014,0.7574578469520103
BHR,2015,0.7712082262210797
BHR,2016,0.7958921694480102
BHR,2017,0.8205128205128205
BHR,2018,0.8483290488431876
BHR,2019,0.8717948717948718
BHR,2020,0.89171974522293
BHR,2021,0.9113924050632912
BHR,2022,0.9367088607594937
BHR,2023,0.95
BHS,1990,50.935064935064936
BHS,1991,50.935064935064936
BHS,1992,50.935064935064936
BHS,1993,50.935064935064936
BHS,1994,50.935064935064936
BHS,1995,50.935064935064936
BHS,1996,50.935064935064936
BHS,1997,50.935064935064936
BHS,1998,50.935064935064936
BHS,1999,50.935064935064936
BHS,2000,50.935064935064936
BHS,2001,50.935064935064936
BHS,2002,50.935064935064936
BHS,2003,50.935064935064936
BHS,2004,50.935064935064936
BHS,2005,50.935064935064936
BHS,2006,50.935064935064936
BHS,2007,50.935064935064936
BHS,2008,50.935064935064936
BHS,2009,50.935064935064936
BHS,2010,50.935064935064936
BHS,2011,50.935064935064936
BHS,2012,50.935064935064936
BHS,2013,50.935064935064936
BHS,2014,50.935064935064936
BHS,2015,50.935064935064936
BHS,2016,50.935064935064936
BHS,2017,50.935064935064936
BHS,2018,50.935064935064936
BHS,2019,50.935064935064936
BHS,2020,50.935064935064936
BHS,2021,50.935064935064936
BHS,2022,50.935064935064936
BHS,2023,50.935064935064936
BIH,1992,42.7798828125
BIH,1993,42.58779296875
BIH,1994,42.395703125
BIH,1995,42.20361328125
BIH,1996,42.0115234375
BIH,1997,41.81943359375
BIH,1998,41.62734375
BIH,1999,41.43525390625
BIH,2000,41.2431640625
BIH,2001,41.22560546875
BIH,2002,41.208046875
BIH,2003,41.19048828125
BIH,2004,41.1729296875
BIH,2005,41.15537109375
BIH,2006,41.1378125
BIH,2007,41.12025390625
BIH,2008,41.1026953125
BIH,2009,41.08513671875
BIH,2010,41.067578125
BIH,2011,41.293515625
BIH,2012,41.519453125
BIH,2013,41.745390625
BIH,2014,41.971328125
BIH,2015,42.197265625
BIH,2016,42.5099609375
BIH,2017,42.7326171875
BIH,2018,42.7326171875
BIH,2019,42.7326171875
BIH,2020,42.7326171875
BIH,2021,42.7326171875
BIH,2022,42.7326171875
BIH,2023,42.7326171875
BLR,1992,38.824607742647636
BLR,1993,39.07448297616466
BLR,1994,39.32018257277773
BLR,1995,39.56513595047026
BLR,1996,39.81089847870882
BLR,1997,40.05373296196791
BLR,1998,40.301929211306074
BLR,1999,40.54379175191658
BLR,2000,40.784232528790035
BLR,2001,40.96103409516673
BLR,2002,41.14007365810609
BLR,2003,41.31669509826156
BLR,2004,41.49495845968001
BLR,2005,41.66728293719464
BLR,2006,41.82864803059575
BLR,2007,42.005214365626586
BLR,2008,42.18095435234744
BLR,2009,42.35773639957023
BLR,2010,42.53284837014913
BLR,2011,42.53462126065743
BLR,2012,42.54037723202184
BLR,2013,42.541940189642595
BLR,2014,42.531765308686374
BLR,2015,42.53416626432421
BLR,2016,42.9069698701401
BLR,2017,42.9784026641969
BLR,2018,43.05153217065721
BLR,2019,43.126154755746064
BLR,2020,43.1944033894965
BLR,2021,43.27223454052722
BLR,2022,43.33513966205232
BLR,2023,43.40806865599583
BLZ,1990,70.14598860149057
BLZ,1991,69.52902235861464
BLZ,1992,68.91205611573871
BLZ,1993,68.29508987286277
BLZ,1994,67.67812362998684
BLZ,1995,67.06115738711091
BLZ,1996,66.44419114423499
BLZ,1997,65.82722490135906
BLZ,1998,65.21025865848313
BLZ,1999,64.59329241560718
BLZ,2000,63.976326172731255
BLZ,2001,63.6786058746164
BLZ,2002,63.380885576501534
BLZ,2003,63.08316527838668
BLZ,2004,62.78544498027181
BLZ,2005,62.48772468215695
BLZ,2006,62.19000438404208
BLZ,2007,61.892284085927216
BLZ,2008,61.59456378781236
BLZ,2009,61.296843489697494
BLZ,2010,60.99912319158264
BLZ,2011,60.485664182376155
BLZ,2012,59.972205173169655
BLZ,2013,59.458746163963184
BLZ,2014,58.945287154756684
BLZ,2015,58.43182814555019
BLZ,2016,57.94300745287154
BLZ,2017,57.453748355984224
BLZ,2018,56.96492766330557
BLZ,2019,56.475668566418236
BLZ,2020,55.986409469530905
BLZ,2021,55.497150372643574
BLZ,2022,55.00789127575625
BLZ,2023,54.51863217886892
BMU,1990,18.51851851851852
BMU,1991,18.51851851851852
BMU,1992,18.51851851851852
BMU,1993,18.51851851851852
BMU,1994,18.51851851851852
BMU,1995,18.51851851851852
BMU,1996,18.51851851851852
BMU,1997,18.51851851851852
BMU,1998,18.51851851851852
BMU,1999,18.51851851851852
BMU,2000,18.51851851851852
BMU,2001,18.51851851851852
BMU,2002,18.51851851851852
BMU,2003,18.51851851851852
BMU,2004,18.51851851851852
BMU,2005,18.51851851851852
BMU,2006,18.51851851851852
BMU,2007,18.51851851851852
BMU,2008,18.51851851851852
BMU,2009,18.51851851851852
BMU,2010,18.51851851851852
BMU,2011,18.51851851851852
BMU,2012,18.51851851851852
BMU,2013,18.51851851851852
BMU,2014,18.51851851851852
BMU,2015,18.51851851851852
BMU,2016,18.51851851851852
BMU,2017,18.51851851851852
BMU,2018,18.51851851851852
BMU,2019,18.51851851851852
BMU,2020,18.51851851851852
BMU,2021,18.51851851851852
BMU,2022,18.51851851851852
BMU,2023,18.51851851851852
BOL,1990,53.35984491830518
BOL,1991,53.11029908612572
BOL,1992,52.86075325394628
BOL,1993,52.611207421766814
BOL,1994,52.36166158958737
BOL,1995,52.11211575740793
BOL,1996,51.86256992522846
BOL,1997,51.61302409304902
BOL,1998,51.36347826086956
BOL,1999,51.11393242869011
BOL,2000,50.86438659651067
BOL,2001,50.67834579525524
BOL,2002,50.49230499399982
BOL,2003,50.306264192744386
BOL,2004,50.12022339148897
BOL,2005,49.93418259023355
BOL,2006,49.748141788978124
BOL,2007,49.562100987722694
BOL,2008,49.37606018646727
BOL,2009,49.190019385211855
BOL,2010,49.003978583956425
BOL,2011,48.80850364626604
BOL,2012,48.61302870857565
BOL,2013,48.417553770885256
BOL,2014,48.22207883319487
BOL,2015,48.02660389550448
BOL,2016,47.771328348564566
BOL,2017,47.53274254592449
BOL,2018,47.312138835041075
BOL,2019,47.10953567802086
BOL,2020,46.92491461275731
BOL,2021,46.72830545555247
BOL,2022,46.53968835964183
BOL,2023,46.34574319209822
BRA,1990,70.45802056438394
BRA,1991,70.0056543680771
BRA,1992,69.55328817177028
BRA,1993,69.10092197546344
BRA,1994,68.64855577915661
BRA,1995,68.19618958284977
BRA,1996,67.74382338654293
BRA,1997,67.2914571902361
BRA,1998,66.83909099392928
BRA,1999,66.38672479762245
BRA,2000,65.93435860131561
BRA,2001,65.46167089807062
BRA,2002,64.98898319482565
BRA,2003,64.51629549158065
BRA,2004,64.04360778833569
BRA,2005,63.5709200850907
BRA,2006,63.09823238184572
BRA,2007,62.62554467860074
BRA,2008,62.15285697535576
BRA,2009,61.68016927211079
BRA,2010,61.207481568865795
BRA,2011,61.023328156743005
BRA,2012,60.839174744620216
BRA,2013,60.65502133249742
BRA,2014,60.47086792037463
BRA,2015,60.28673843702068
BRA,2016,60.07102058591983
BRA,2017,59.832929335952734
BRA,2018,59.70838009413577
BRA,2019,59.55858600119165
BRA,2020,59.41747805133678
BRA,2021,59.27048362434705
BRA,2022,59.12750923052258
BRA,2023,58.98187297652348
BRB,1990,14.651162790697676
BRB,1991,14.651162790697676
BRB,1992,14.651162790697676
BRB,1993,14.651162790697676
BRB,1994,14.651162790697676
BRB,1995,14.651162790697676
BRB,1996,14.651162790697676
BRB,1997,14.651162790697676
BRB,1998,14.651162790697676
BRB,1999,14.651162790697676
BRB,2000,14.651162790697676
BRB,2001,14.651162790697676
BRB,2002,14.651162790697676
BRB,2003,14.651162790697676
BRB,2004,14.651162790697676
BRB,2005,14.651162790697676
BRB,2006,14.651162790697676
BRB,2007,14.651162790697676
BRB,2008,14.651162790697676
BRB,2009,14.651162790697676
BRB,2010,14.651162790697676
BRB,2011,14.651162790697676
BRB,2012,14.651162790697676
BRB,2013,14.651162790697676
BRB,2014,14.651162790697676
BRB,2015,14.651162790697676
BRB,2016,14.651162790697676
BRB,2017,14.651162790697676
BRB,2018,14.651162790697676
BRB,2019,14.651162790697676
BRB,2020,14.651162790697676
BRB,2021,14.651162790697676
BRB,2022,14.651162790697676
BRB,2023,14.651162790697676
BRN,1990,78.36812144212524
BRN,1991,78.06451612903226
BRN,1992,77.76091081593928
BRN,1993,77.4573055028463
BRN,1994,77.15370018975332
BRN,1995,76.85009487666035
BRN,1996,76.54648956356736
BRN,1997,76.24288425047439
BRN,1998,75.9392789373814
BRN,1999,75.63567362428843
BRN,2000,75.33206831119544
BRN,2001,75.00948766603416
BRN,2002,74.68690702087287
BRN,2003,74.36432637571157
BRN,2004,74.04174573055028
BRN,2005,73.719165085389
BRN,2006,73.39658444022771
BRN,2007,73.07400379506642
BRN,2008,72.75142314990512
BRN,2009,72.42884250474383
BRN,2010,72.10626185958255
BRN,2011,72.10626185958255
BRN,2012,72.10626185958255
BRN,2013,72.10626185958255
BRN,2014,72.10626185958255
BRN,2015,72.10626185958255
BRN,2016,72.10626185958255
BRN,2017,72.10626185958255
BRN,2018,72.10626185958255
BRN,2019,72.10626185958255
BRN,2020,72.10626185958255
BRN,2021,72.10626185958255
BRN,2022,72.10626185958255
BRN,2023,72.10626185958255
BTN,1990,53.65066455493012
BTN,1991,53.863150910686386
BTN,1992,54.07563726644264
BTN,1993,54.28812362219892
BTN,1994,63.98070351758793
BTN,1995,64.23015075376884
BTN,1996,64.47959798994975
BTN,1997,64.72904522613065
BTN,1998,64.97849246231155
BTN,1999,65.22793969849246
BTN,2000,65.47738693467336
BTN,2001,65.72685929648242
BTN,2002,65.97633165829147
BTN,2003,66.2258040201005
BTN,2004,69.41039431224912
BTN,2005,69.67088175879529
BTN,2006,69.93136920534145
BTN,2007,70.1918566518876
BTN,2008,70.45234409843377
BTN,2009,70.71283154497993
BTN,2010,70.97331899152609
BTN,2011,71.02521184773198
BTN,2012,71.07710470393788
BTN,2013,71.12899756014377
BTN,2014,71.18089041634967
BTN,2015,71.23278327255555
BTN,2016,71.23427013422818
BTN,2017,71.28617869127517
BTN,2018,71.34556895647614
BTN,2019,71.39486103828003
BTN,2020,71.44729942317777
BTN,2021,71.49973780807551
BTN,2022,71.55217619297326
BTN,2023,71.60513896171999
BWA,1990,33.179291726218835
BWA,1991,32.970550350254975
BWA,1992,32.76180897429111
BWA,1993,32.553067598327246
BWA,1994,32.344326222363385
BWA,1995,32.13558484639952
BWA,1996,31.926843470435657
BWA,1997,31.718102094471796
BWA,1998,31.509360718507935
BWA,1999,31.300619342544067
BWA,2000,31.091877966580206
BWA,2001,30.883136590616346
BWA,2002,30.674395214652478
BWA,2003,30.465653838688617
BWA,2004,30.256912462724756
BWA,2005,30.048171086760888
BWA,2006,29.839429710797027
BWA,2007,29.630688334833167
BWA,2008,29.421946958869306
BWA,2009,29.213205582905438
BWA,2010,29.004464206941577
BWA,2011,28.795722830977716
BWA,2012,28.58698145501385
BWA,2013,28.378240079049988
BWA,2014,28.169498703086127
BWA,2015,27.960757327122266
BWA,2016,27.7520159511584
BWA,2017,27.543274575194538
BWA,2018,27.334533199230677
BWA,2019,27.12579182326681
BWA,2020,26.917050447302948
BWA,2021,26.708309071339087
BWA,2022,26.49956769537522
BWA,2023,26.29082631941136
CAF,1990,37.24517641015763
CAF,1991,37.1970207711323
CAF,1992,37.14886513210697
CAF,1993,37.10070949308164
CAF,1994,37.052553854056306
CAF,1995,37.00439821503098
CAF,1996,36.95624257600565
CAF,1997,36.908086936980325
CAF,1998,36.85993129795499
CAF,1999,36.81177565892966
CAF,2000,36.76362001990433
CAF,2001,36.715464380879
CAF,2002,36.667308741853674
CAF,2003,36.61915310282834
CAF,2004,36.57099746380301
CAF,2005,36.52284182477768
CAF,2006,36.474686185752354
CAF,2007,36.42653054672702
CAF,2008,36.37837490770169
CAF,2009,36.33021926867636
CAF,2010,36.282063629651034
CAF,2011,36.2339079906257
CAF,2012,36.18575235160037
CAF,2013,36.137596712575046
CAF,2014,36.08944107354971
CAF,2015,36.04128543452438
CAF,2016,35.99312979549905
CAF,2017,35.94497415647373
CAF,2018,35.896818517448395
CAF,2019,35.84866287842306
CAF,2020,35.80050723939773
CAF,2021,35.75235160037241
CAF,2022,35.704195961347075
CAF,2023,35.65604032232174
CAN,1990,38.845511561425404
CAN,1991,38.840258588670686
CAN,1992,38.83500561591596
CAN,1993,38.82975264316124
CAN,1994,38.82449967040652
CAN,1995,38.8192466976518
CAN,1996,38.81399372489708
CAN,1997,38.808740752142356
CAN,1998,38.80348777938764
CAN,1999,38.79823480663292
CAN,2000,38.7929818338782
CAN,2001,38.78763070807387
CAN,2002,38.782279582269545
CAN,2003,38.77692845646522
CAN,2004,38.7715773306609
CAN,2005,38.766226204856565
CAN,2006,38.76087507905224
CAN,2007,38.755523953247916
CAN,2008,38.7501728274436
CAN,2009,38.74482170163927
CAN,2010,38.73947057583494
CAN,2011,38.73486407475693
CAN,2012,38.73025757367892
CAN,2013,38.72565107260091
CAN,2014,38.7210445715229
CAN,2015,38.716438070444894
CAN,2016,38.71201337558376
CAN,2017,38.7078876013737
CAN,2018,38.7037629425392
CAN,2019,38.69963716832913
CAN,2020,38.695512509494634
CAN,2021,39.47012792563178
CAN,2022,39.46591999954487
CAN,2023,39.46171173211055
CEB,1990,27.703833509930178
CEB,1991,27.74414533106961
CEB,1992,31.515461970585864
CEB,1993,32.09601640606829
CEB,1994,32.14796286358367
CEB,1995,32.20194445726511
CEB,1996,32.25242537465376
CEB,1997,32.30728201861114
CEB,1998,32.360972175340514
CEB,1999,32.41407663272813
CEB,2000,32.46947199423694
CEB,2001,32.593462803028864
CEB,2002,32.76697613248992
CEB,2003,32.88930640107816
CEB,2004,33.01018694646257
CEB,2005,33.13885079682159
CEB,2006,33.2639312747045
CEB,2007,33.391439845320036
CEB,2008,33.51620278504829
CEB,2009,33.609941948725265
CEB,2010,33.73459167252943
CEB,2011,33.86417788661386
CEB,2012,34.00071029475421
CEB,2013,34.099423226925005
CEB,2014,34.20840789950816
CEB,2015,34.33997784119086
CEB,2016,34.39391422693465
CEB,2017,34.47108402216233
CEB,2018,34.500882027648274
CEB,2019,34.53188703746422
CEB,2020,34.55928472644914
CEB,2021,34.58928003676681
CEB,2022,34.618857056597406
CHE,1990,29.180908223197648
CHE,1991,29.28881957330439
CHE,1992,29.396730486627305
CHE,1993,29.504640963169038
CHE,1994,29.612551002932236
CHE,1995,29.720460605919552
CHE,1996,29.82934774023796
CHE,1997,29.938242331483984
CHE,1998,30.047144388611464
CHE,1999,30.156053920576447
CHE,2000,30.264970170592587
CHE,2001,30.363419593364366
CHE,2002,30.461875099298126
CHE,2003,30.5603374622472
CHE,2004,30.65880669032231
CHE,2005,30.757282791636204
CHE,2006,30.855765774303705
CHE,2007,30.954254863087506
CHE,2008,31.052257325186233
CHE,2009,31.150262753612505
CHE,2010,31.24827193933171
CHE,2011,31.335755816381322
CHE,2012,31.42324155064883
CHE,2013,31.51073152810372
CHE,2014,31.59822336301777
CHE,2015,31.685717850794592
CHE,2016,31.7732664163142
CHE,2017,31.860333797102125
CHE,2018,31.94740117789005
CHE,2019,32.03446855867797
CHE,2020,32.1215359394659
CHE,2021,32.20860332025383
CHE,2022,32.29567070104174
CHE,2023,32.38273808182967
CHI,1990,4.191919191919193
CHI,1991,4.191919191919193
CHI,1992,4.191919191919193
CHI,1993,4.191919191919193
CHI,1994,4.191919191919193
CHI,1995,4.191919191919193
CHI,1996,4.191919191919193
CHI,1997,4.191919191919193
CHI,1998,4.191919191919193
CHI,1999,4.191919191919193
CHI,2000,4.191919191919193
CHI,2001,4.287878787878788
CHI,2002,4.383838383838383
CHI,2003,4.479797979797979
CHI,2004,4.575757575757576
CHI,2005,4.671717171717172
CHI,2006,4.767676767676767
CHI,2007,4.863636363636363
CHI,2008,4.959595959595959
CHI,2009,5.055555555555555
CHI,2010,5.151515151515151
CHI,2011,5.151515151515151
CHI,2012,5.151515151515151
CHI,2013,5.151515151515151
CHI,2014,5.151515151515151
CHI,2015,5.151515151515151
CHI,2016,5.151515151515151
CHI,2017,5.151515151515151
CHI,2018,5.151515151515151
CHI,2019,5.151515151515151
CHI,2020,5.151515151515151
CHI,2021,5.151515151515151
CHL,1990,20.50490093230688
CHL,1991,20.581697895988338
CHL,1992,20.65849485966979
CHL,1993,20.735291823351247
CHL,1994,20.812088787032703
CHL,1995,20.888885750714156
CHL,1996,20.965682714395616
CHL,1997,21.04247967807707
CHL,1998,21.119276641758525
CHL,1999,21.19607360543998
CHL,2000,21.272870569121437
CHL,2001,21.395017295825866
CHL,2002,21.517164022530302
CHL,2003,21.639310749234735
CHL,2004,21.761457475939167
CHL,2005,21.8836042026436
CHL,2006,22.00575092934803
CHL,2007,22.127897656052465
CHL,2008,22.250044382756897
CHL,2009,22.372191109461326
CHL,2010,22.494337836165762
CHL,2011,22.72857657773976
CHL,2012,22.962815319313762
CHL,2013,23.197054060887762
CHL,2014,23.489714119821254
CHL,2015,23.724536889599534
CHL,2016,23.870842044926142
CHL,2017,24.036451896299482
CHL,2018,24.20206174767283
CHL,2019,24.34979748573984
CHL,2020,24.515245473388827
CHL,2021,24.680720385039066
CHL,2022,24.846177257608467
CHL,2023,25.01164611135842
CHN,1990,16.73800655074162
CHN,1991,16.94954714669933
CHN,1992,17.161087742657045
CHN,1993,17.372628338614756
CHN,1994,17.58416893457247
CHN,1995,17.795728485850383
CHN,1996,18.007288487819324
CHN,1997,18.218829534427684
CHN,1998,18.430370581036044
CHN,1999,18.641911627644404
CHN,2000,18.85347275628394
CHN,2001,19.104968120561207
CHN,2002,19.356453899023084
CHN,2003,19.607938686774748
CHN,2004,19.859422866706524
CHN,2005,20.110908128425475
CHN,2006,20.362392776967077
CHN,2007,20.613877886082406
CHN,2008,20.865361693838402
CHN,2009,21.116845051735627
CHN,2010,21.36832885413419
CHN,2011,21.57462737043298
CHN,2012,21.780925886731776
CHN,2013,21.987224403030567
CHN,2014,22.193522919329357
CHN,2015,22.39982143562815
CHN,2016,22.630512099750643
CHN,2017,22.830656749263174
CHN,2018,23.030907915353403
CHN,2019,23.23115908144364
CHN,2020,23.43130373095617
CHN,2021,23.631554897046403
CHN,2022,23.83169954655893
CHN,2023,24.031938995825612
CIV,1990,24.688238993710694
CIV,1991,23.821443396226417
CIV,1992,22.95464779874214
CIV,1993,22.08785220125786
CIV,1994,21.221056603773587
CIV,1995,20.35426100628931
CIV,1996,19.487465408805033
CIV,1997,18.620669811320756
CIV,1998,17.75387421383648
CIV,1999,16.887078616352202
CIV,2000,16.020283018867925
CIV,2001,15.665292452830187
CIV,2002,15.310301886792455
CIV,2003,14.955311320754717
CIV,2004,14.60032075471698
CIV,2005,14.245330188679246
CIV,2006,13.890339622641509
CIV,2007,13.535349056603774
CIV,2008,13.180358490566038
CIV,2009,12.825367924528303
CIV,2010,12.470377358490566
CIV,2011,12.115389937106919
CIV,2012,11.760402515723271
CIV,2013,11.405415094339624
CIV,2014,11.050427672955975
CIV,2015,10.695440251572327
CIV,2016,10.340440251572327
CIV,2017,9.985440251572328
CIV,2018,9.630440251572328
CIV,2019,9.275471698113208
CIV,2020,8.920471698113207
CIV,2021,8.565492767295598
CIV,2022,8.210499685534591
CIV,2023,7.855516037735849
CMR,1990,47.59789299993653
CMR,1991,47.4069704469971
CMR,1992,47.216047894057674
CMR,1993,47.02512534111823
CMR,1994,46.8342027881788
CMR,1995,46.64328023523937
CMR,1996,46.45235768229993
CMR,1997,46.26143512936049
CMR,1998,46.070512576421066
CMR,1999,45.879590023481626
CMR,2000,45.68866747054219
CMR,2001,45.54121765987604
CMR,2002,45.39376784920988
CMR,2003,45.24631803854371
CMR,2004,45.09886822787755
CMR,2005,44.9514184172114
CMR,2006,44.80396860654523
CMR,2007,44.65651879587908
CMR,2008,44.50906898521293
CMR,2009,44.36161917454676
CMR,2010,44.2141693638806
CMR,2011,44.09570349685853
CMR,2012,43.97723762983647
CMR,2013,43.858771762814406
CMR,2014,43.74030589579234
CMR,2015,43.62184002877028
CMR,2016,43.50337416174821
CMR,2017,43.38490829472615
CMR,2018,43.266442427704085
CMR,2019,43.147976560682025
CMR,2020,43.02951069365996
CMR,2021,42.9110448266379
CMR,2022,42.79257895961583
CMR,2023,42.674113092593764
COD,1990,66.44273394940562
COD,1991,66.14587238922829
COD,1992,65.84901082905097
COD,1993,65.55214926887365
COD,1994,65.25528770869632
COD,1995,64.958426148519
COD,1996,64.66156458834168
COD,1997,64.36470302816434
COD,1998,64.06784146798702
COD,1999,63.77097990780971
COD,2000,63.47411834763239
COD,2001,63.17725678745506
COD,2002,62.88039522727774
COD,2003,62.58353366710042
COD,2004,62.28667210692309
COD,2005,61.98981054674577
COD,2006,61.69294898656845
COD,2007,61.39608742639112
COD,2008,61.0992258662138
COD,2009,60.80236430603648
COD,2010,60.505502745859154
COD,2011,60.01968372995743
COD,2012,59.53386471405571
COD,2013,59.048045698153985
COD,2014,58.56222668225226
COD,2015,58.07640766635054
COD,2016,57.59058688604133
COD,2017,57.10477051675085
COD,2018,56.61895414746036
COD,2019,56.13330098586269
COD,2020,55.64720672239254
COD,2021,55.161553560794864
COD,2022,54.675459297324714
COD,2023,54.18985725943407
COG,1990,65.34407027818449
COG,1991,65.30893118594436
COG,1992,65.27379209370424
COG,1993,65.23865300146413
COG,1994,65.20351390922401
COG,1995,65.1683748169839
COG,1996,65.13323572474377
COG,1997,65.09809663250367
COG,1998,65.06295754026354
COG,1999,65.02781844802342
COG,2000,64.99267935578331
COG,2001,64.9575402635432
COG,2002,64.92240117130308
COG,2003,64.88726207906296
COG,2004,64.85212298682283
COG,2005,64.81698389458272
COG,2006,64.7818448023426
COG,2007,64.74670571010249
COG,2008,64.71156661786237
COG,2009,64.67642752562226
COG,2010,64.64128843338214
COG,2011,64.60614934114201
COG,2012,64.5710102489019
COG,2013,64.53587115666178
COG,2014,64.50073206442167
COG,2015,64.46559297218155
COG,2016,64.43045387994142
COG,2017,64.39531478770132
COG,2018,64.35139092240118
COG,2019,64.30746705710102
COG,2020,64.26354319180088
COG,2021,64.21961932650073
COG,2022,64.17569546120059
COG,2023,64.13177159590045
COL,1990,58.54721946822894
COL,1991,58.346891392519154
COL,1992,58.14656331680938
COL,1993,57.9462352410996
COL,1994,57.74590716538981
COL,1995,57.54557908968003
COL,1996,57.34525101397027
COL,1997,57.14492293826048
COL,1998,56.9445948625507
COL,1999,56.744266786840925
COL,2000,56.54393871113113
COL,2001,56.37019287967553
COL,2002,56.19644704821991
COL,2003,56.022701216764304
COL,2004,55.8489553853087
COL,2005,55.67520955385308
COL,2006,55.50146372239747
COL,2007,55.32771789094186
COL,2008,55.15397205948626
COL,2009,54.980226228030645
COL,2010,54.80648039657504
COL,2011,54.685141054529076
COL,2012,54.5638017124831
COL,2013,54.44246237043713
COL,2014,54.32112302839116
COL,2015,54.19978368634519
COL,2016,54.04190175754845
COL,2017,53.84386660657954
COL,2018,53.66424515547544
COL,2019,53.484632717440284
COL,2020,53.30501126633619
COL,2021,53.12539585398828
COL,2022,52.945776385759345
COL,2023,52.7661596214511
COM,1990,24.750134336378295
COM,1991,24.514777001612035
COM,1992,24.27941966684578
COM,1993,24.044062332079527
COM,1994,23.80870499731327
COM,1995,23.573347662547018
COM,1996,23.337990327780762
COM,1997,23.102632993014506
COM,1998,22.867275658248253
COM,1999,22.631918323482
COM,2000,22.396560988715745
COM,2001,22.161203653949492
COM,2002,21.925846319183236
COM,2003,21.69048898441698
COM,2004,21.455131649650724
COM,2005,21.21977431488447
COM,2006,20.984416980118215
COM,2007,20.74905964535196
COM,2008,20.513702310585707
COM,2009,20.27834497581945
COM,2010,20.042987641053198
COM,2011,19.807630306286946
COM,2012,19.57227297152069
COM,2013,19.336915636754433
COM,2014,19.10155830198818
COM,2015,18.866200967221925
COM,2016,18.62976894142934
COM,2017,18.393336915636755
COM,2018,18.162278344975817
COM,2019,17.925846319183236
COM,2020,17.689414293390648
COM,2021,17.452982267598067
COM,2022,17.21655024180548
COM,2023,16.980118216012897
CPV,1990,3.816377171215881
CPV,1991,4.420347394540943
CPV,1992,5.0243176178660045
CPV,1993,5.628287841191066
CPV,1994,6.232258064516129
CPV,1995,6.836228287841191
CPV,1996,7.440198511166253
CPV,1997,8.044168734491315
CPV,1998,8.648138957816377
CPV,1999,9.252109181141439
CPV,2000,9.856079404466502
CPV,2001,9.930521091811414
CPV,2002,10.004962779156328
CPV,2003,10.079404466501241
CPV,2004,10.153846153846153
CPV,2005,10.228287841191067
CPV,2006,10.302729528535979
CPV,2007,10.377171215880892
CPV,2008,10.451612903225806
CPV,2009,10.526054590570718
CPV,2010,10.600496277915633
CPV,2011,10.674937965260547
CPV,2012,10.749379652605459
CPV,2013,10.823821339950372
CPV,2014,10.898263027295286
CPV,2015,10.972704714640198
CPV,2016,11.047146401985112
CPV,2017,11.121588089330023
CPV,2018,11.196029776674937
CPV,2019,11.27047146401985
CPV,2020,11.344913151364763
CPV,2021,11.419354838709678
CPV,2022,11.493796526054592
CPV,2023,11.568238213399503
CRI,1990,56.94085389737563
CRI,1991,56.84257735996866
CRI,1992,56.74430082256169
CRI,1993,56.646024285154716
CRI,1994,56.54774774774774
CRI,1995,56.449471210340775
CRI,1996,56.3511946729338
CRI,1997,56.25291813552683
CRI,1998,56.15464159811986
CRI,1999,56.056365060712885
CRI,2000,55.95808852330592
CRI,2001,55.98546807677243
CRI,2002,56.01284763023894
CRI,2003,56.04022718370545
CRI,2004,56.06760673717195
CRI,2005,56.09498629063846
CRI,2006,56.12236584410498
CRI,2007,56.14974539757148
CRI,2008,56.177124951037996
CRI,2009,56.204504504504506
CRI,2010,56.231884057971016
CRI,2011,56.5524089306698
CRI,2012,56.87293380336859
CRI,2013,57.193458676067365
CRI,2014,57.513983548766156
CRI,2015,57.83450842146494
CRI,2016,58.1551116333725
CRI,2017,58.475714845280066
CRI,2018,58.79612220916569
CRI,2019,59.11672542107325
CRI,2020,59.437328632980815
CRI,2021,59.75793184488837
CRI,2022,60.07853505679592
CRI,2023,60.39913826870349
CSS,1990,91.52680789167907
CSS,1991,91.47080424365078
CSS,1992,91.41480059562248
CSS,1993,91.35879694759417
CSS,1994,91.30279329956588
CSS,1995,91.24678965153757
CSS,1996,91.19078600350927
CSS,1997,91.13478235548097
CSS,1998,91.07877870745267
CSS,1999,91.02277505942436
CSS,2000,90.96677141139607
CSS,2001,90.92700503234896
CSS,2002,90.88723865330184
CSS,2003,90.84747227425473
CSS,2004,90.80770589520762
CSS,2005,90.7679395161605
CSS,2006,90.72817313711339
CSS,2007,90.68840675806628
CSS,2008,90.64864037901917
CSS,2009,90.60887399997205
CSS,2010,90.56910762092494
CSS,2011,90.484972923206
CSS,2012,90.40083822548706
CSS,2013,90.31670352776813
CSS,2014,90.23256883004919
CSS,2015,90.14843413233025
CSS,2016,90.06766181143635
CSS,2017,89.99702680574629
CSS,2018,89.91402126442381
CSS,2019,89.83094044600824
CSS,2020,89.74793490468576
CSS,2021,89.66487892771094
CSS,2022,89.58185682542799
CUB,1990,19.162011173184357
CUB,1991,19.513035381750466
CUB,1992,19.864059590316575
CUB,1993,20.21508379888268
CUB,1994,20.56610800744879
CUB,1995,20.917132216014895
CUB,1996,21.268156424581004
CUB,1997,21.619180633147113
CUB,1998,21.970204841713223
CUB,1999,22.321229050279328
CUB,2000,22.672253258845437
CUB,2001,23.135009310986966
CUB,2002,23.821787762007705
CUB,2003,24.286654135338345
CUB,2004,24.75143313598346
CUB,2005,25.211386696730553
CUB,2006,25.68072911772996
CUB,2007,26.145246148064636
CUB,2008,26.61217587373168
CUB,2009,27.079105599398723
CUB,2010,27.546035325065766
CUB,2011,27.908630676660774
CUB,2012,28.437209912891824
CUB,2013,29.583573210516217
CUB,2014,30.124975966160356
CUB,2015,30.585975024015372
CUB,2016,31.151480199923103
CUB,2017,31.233140655105974
CUB,2018,31.233140655105974
CUB,2019,31.233140655105974
CUB,2020,31.233140655105974
CUB,2021,31.233140655105974
CUB,2022,31.233140655105974
CUB,2023,31.233140655105974
CUW,2011,0.15765765765765766
CUW,2012,0.15765765765765766
CUW,2013,0.15765765765765766
CUW,2014,0.15765765765765766
CUW,2015,0.15765765765765766
CUW,2016,0.15765765765765766
CUW,2017,0.15765765765765766
CUW,2018,0.15765765765765766
CUW,2019,0.15765765765765766
CUW,2020,0.15765765765765766
CUW,2021,0.15765765765765766
CUW,2022,0.15765765765765766
CUW,2023,0.15765765765765766
CYM,1990,54.708333333333336
CYM,1991,54.625
CYM,1992,54.541666666666664
CYM,1993,54.45833333333333
CYM,1994,54.375
CYM,1995,54.29166666666667
CYM,1996,54.208333333333336
CYM,1997,54.125
CYM,1998,54.041666666666664
CYM,1999,53.95833333333333
CYM,2000,53.875
CYM,2001,53.7875
CYM,2002,53.7
CYM,2003,53.6125
CYM,2004,53.525
CYM,2005,53.4375
CYM,2006,53.35
CYM,2007,53.2625
CYM,2008,53.175
CYM,2009,53.0875
CYM,2010,53.0
CYM,2011,53.0
CYM,2012,53.0
CYM,2013,53.0
CYM,2014,53.0
CYM,2015,53.0
CYM,2016,53.0
CYM,2017,53.0
CYM,2018,53.375
CYM,2019,53.0
CYM,2020,53.0
CYM,2021,52.75
CYM,2022,52.66666666666667
CYM,2023,52.47208333333333
CYP,1990,17.436147186147185
CYP,1991,17.549783549783548
CYP,1992,17.66341991341991
CYP,1993,17.77705627705628
CYP,1994,17.89069264069264
CYP,1995,18.004329004329005
CYP,1996,18.117965367965365
CYP,1997,18.231601731601728
CYP,1998,18.345238095238095
CYP,1999,18.458874458874458
CYP,2000,18.57251082251082
CYP,2001,18.58582251082251
CYP,2002,18.5991341991342
CYP,2003,18.612445887445887
CYP,2004,18.625757575757575
CYP,2005,18.639069264069263
CYP,2006,18.652380952380952
CYP,2007,18.66569264069264
CYP,2008,18.67900432900433
CYP,2009,18.692316017316017
CYP,2010,18.705627705627705
CYP,2011,18.702813852813854
CYP,2012,18.7
CYP,2013,18.697186147186144
CYP,2014,18.694372294372293
CYP,2015,18.69155844155844
CYP,2016,18.68073593073593
CYP,2017,18.67857142857143
CYP,2018,18.676406926406926
CYP,2019,18.674242424242422
CYP,2020,18.67207792207792
CYP,2021,18.66991341991342
CYP,2022,18.66774891774892
CYP,2023,18.665584415584416
CZE,1993,34.05954445451016
CZE,1994,34.069729519865405
CZE,1995,34.079914585220656
CZE,1996,34.0900996505759
CZE,1997,34.10028471593115
CZE,1998,34.1104697812864
CZE,1999,34.12065484664165
CZE,2000,34.130839911996894
CZE,2001,34.15683965316423
CZE,2002,34.182839394331566
CZE,2003,34.2088391354989
CZE,2004,34.239269997411334
CZE,2005,34.265273103805335
CZE,2006,34.295715210355986
CZE,2007,34.321721682847894
CZE,2008,34.352175038839974
CZE,2009,34.3781848783014
CZE,2010,34.40864948854072
CZE,2011,34.43716172471837
CZE,2012,34.46567396089603
CZE,2013,34.4986531986532
CZE,2014,34.527169127169124
CZE,2015,34.560160600958426
CZE,2016,34.57907006864396
CZE,2017,34.602512627897944
CZE,2018,34.625955187151924
CZE,2019,34.65141732130483
CZE,2020,34.67799192549392
CZE,2021,34.70669802089294
CZE,2022,34.73694317854479
CZE,2023,34.76238837404077
DEU,1990,32.36616733022083
DEU,1991,32.38163434823705
DEU,1992,32.39710136625325
DEU,1993,32.413496791934
DEU,1994,32.429893156884646
DEU,1995,32.4462904611859
DEU,1996,32.4626887049185
DEU,1997,32.48187938690732
DEU,1998,32.500143258266
DEU,1999,32.51934208264084
DEU,2000,32.53761283851554
DEU,2001,32.55803955288048
DEU,2002,32.577538267499854
DEU,2003,32.59797597545942
DEU,2004,32.617484301975516
DEU,2005,32.63418970065374
DEU,2006,32.65370497820601
DEU,2007,32.67416181489661
DEU,2008,32.693686716576316
DEU,2009,32.71133931900978
DEU,2010,32.73087184783544
DEU,2011,32.73754877209089
DEU,2012,32.74516554771332
DEU,2013,32.71898647099289
DEU,2014,32.722843221553454
DEU,2015,32.73232815456057
DEU,2016,32.68548202427296
DEU,2017,32.684546469359134
DEU,2018,32.68361096800046
DEU,2019,32.68267552019233
DEU,2020,32.68267552019233
DEU,2021,32.68267552019233
DEU,2022,32.68548202427296
DEU,2023,32.67893426437341
DJI,1990,0.24158757549611734
DJI,1991,0.24158757549611734
DJI,1992,0.24158757549611734
DJI,1993,0.24158757549611734
DJI,1994,0.24158757549611734
DJI,1995,0.24158757549611734
DJI,1996,0.24158757549611734
DJI,1997,0.24158757549611734
DJI,1998,0.24158757549611734
DJI,1999,0.24158757549611734
DJI,2000,0.24158757549611734
DJI,2001,0.24158757549611734
DJI,2002,0.24158757549611734
DJI,2003,0.24158757549611734
DJI,2004,0.24158757549611734
DJI,2005,0.24158757549611734
DJI,2006,0.24158757549611734
DJI,2007,0.24158757549611734
DJI,2008,0.24158757549611734
DJI,2009,0.24158757549611734
DJI,2010,0.24158757549611734
DJI,2011,0.24158757549611734
DJI,2012,0.24158757549611734
DJI,2013,0.24158757549611734
DJI,2014,0.24158757549611734
DJI,2015,0.24158757549611734
DJI,2016,0.24158757549611734
DJI,2017,0.24201898188093185
DJI,2018,0.24331320103537532
DJI,2019,0.24590163934426232
DJI,2020,0.25021570319240727
DJI,2021,0.2533779119930975
DJI,2022,0.2573080241587576
DJI,2023,0.26072476272648837
DMA,1990,67.08
DMA,1991,66.75466666666668
DMA,1992,66.42933333333335
DMA,1993,66.104
DMA,1994,65.77866666666667
DMA,1995,65.45333333333333
DMA,1996,65.128
DMA,1997,64.80266666666667
DMA,1998,64.47733333333333
DMA,1999,64.152
DMA,2000,63.82666666666667
DMA,2001,63.82666666666667
DMA,2002,63.82666666666667
DMA,2003,63.82666666666667
DMA,2004,63.82666666666667
DMA,2005,63.82666666666667
DMA,2006,63.82666666666667
DMA,2007,63.82666666666667
DMA,2008,63.82666666666667
DMA,2009,63.82666666666667
DMA,2010,63.82666666666667
DMA,2011,63.82666666666667
DMA,2012,63.82666666666667
DMA,2013,63.82666666666667
DMA,2014,63.82666666666667
DMA,2015,63.82666666666667
DMA,2016,63.82666666666667
DMA,2017,63.82666666666667
DMA,2018,63.82666666666667
DMA,2019,63.82666666666667
DMA,2020,63.82666666666667
DMA,2021,63.82666666666667
DMA,2022,63.82666666666667
DMA,2023,63.82666666666667
DNK,1990,13.285999999999998
DNK,1991,13.386400000000002
DNK,1992,13.486800000000002
DNK,1993,13.5872
DNK,1994,13.6876
DNK,1995,13.788
DNK,1996,13.888399999999997
DNK,1997,13.988800000000001
DNK,1998,14.089200000000002
DNK,1999,14.189599999999999
DNK,2000,14.29
DNK,2001,14.327225000000002
DNK,2002,14.364449999999998
DNK,2003,14.401675
DNK,2004,14.438900000000002
DNK,2005,14.476125000000001
DNK,2006,14.513349999999999
DNK,2007,14.550574999999998
DNK,2008,14.587800000000001
DNK,2009,14.625024999999999
DNK,2010,14.662249999999998
DNK,2011,14.8532
DNK,2012,15.04415
DNK,2013,15.2351
DNK,2014,15.42605
DNK,2015,15.617
DNK,2016,15.6165
DNK,2017,15.64
DNK,2018,15.664
DNK,2019,15.6875
DNK,2020,15.711
DNK,2021,15.7345
DNK,2022,15.758
DNK,2023,15.781500000000001
DOM,1990,33.013661767749944
DOM,1991,33.79523908093562
DOM,1992,34.5768163941213
DOM,1993,35.35839370730697
DOM,1994,36.13997102049266
DOM,1995,36.92154833367833
DOM,1996,37.703125646864
DOM,1997,38.484702960049674
DOM,1998,39.26628027323535
DOM,1999,40.047857586421024
DOM,2000,40.82943489960671
DOM,2001,41.03777685779341
DOM,2002,41.246118815980125
DOM,2003,41.45446077416684
DOM,2004,41.66280273235355
DOM,2005,41.87114469054026
DOM,2006,42.07948664872696
DOM,2007,42.28782860691368
DOM,2008,42.49617056510039
DOM,2009,42.7045125232871
DOM,2010,42.912854481473815
DOM,2011,43.03924653280894
DOM,2012,43.16563858414407
DOM,2013,43.2920306354792
DOM,2014,43.418422686814324
DOM,2015,43.54481473814945
DOM,2016,43.71227489132685
DOM,2017,43.879735044504244
DOM,2018,44.047195197681646
DOM,2019,44.317380672484056
DOM,2020,44.48522989118641
DOM,2021,44.65307910988876
DOM,2022,44.820928328591094
DOM,2023,44.98877754729344
DZA,1990,0.699908470278032
DZA,1991,0.6962136925105176
DZA,1992,0.692518914743003
DZA,1993,0.6888241369754885
DZA,1994,0.685129359207974
DZA,1995,0.6814345814404595
DZA,1996,0.677739803672945
DZA,1997,0.6740450259054305
DZA,1998,0.670350248137916
DZA,1999,0.6666554703704015
DZA,2000,0.6629606926028869
DZA,2001,0.6771939842300168
DZA,2002,0.6914272758571465
DZA,2003,0.7056605674842762
DZA,2004,0.719893859111406
DZA,2005,0.7341271507385356
DZA,2006,0.7483604423656655
DZA,2007,0.7625937339927952
DZA,2008,0.7768270256199249
DZA,2009,0.7910603172470547
DZA,2010,0.8052936088741844
DZA,2011,0.8084845533097651
DZA,2012,0.8116754977453459
DZA,2013,0.8148664421809266
DZA,2014,0.8180573866165072
DZA,2015,0.8212479862419969
DZA,2016,0.8212479862419969
DZA,2017,0.8157897941043968
DZA,2018,0.8103316019667967
DZA,2019,0.8141106921830258
DZA,2020,0.8183093032824742
DZA,2021,0.8220880532719776
DZA,2022,0.826286664371426
DZA,2023,0.8303142240546827
EAP,1990,29.11828369388658
EAP,1991,29.1063423794755
EAP,1992,29.0914270227252
EAP,1993,29.076511672255098
EAP,1994,29.0615963155048
EAP,1995,29.04669920064081
EAP,1996,29.03180207334564
EAP,1997,29.016886697861054
EAP,1998,29.001971322376473
EAP,1999,28.987055946891893
EAP,2000,28.878721712581537
EAP,2001,28.997622404494724
EAP,2002,29.117552536188295
EAP,2003,29.22412169841603
EAP,2004,29.34368493704513
EAP,2005,29.457596939258828
EAP,2006,29.570774418406735
EAP,2007,29.689980573497763
EAP,2008,29.808783779820075
EAP,2009,29.927717114161236
EAP,2010,30.045976223788564
EAP,2011,30.080996495027247
EAP,2012,30.115916124354584
EAP,2013,30.151875917331413
EAP,2014,30.186172305899603
EAP,2015,30.221126997580615
EAP,2016,30.34892314818569
EAP,2017,30.349838038918026
EAP,2018,30.397845520035748
EAP,2019,30.445819729641002
EAP,2020,30.49338289775298
EAP,2021,30.512661836984254
EAP,2022,30.56059689760326
EAR,1990,26.34475056605157
EAR,1991,26.22177337317023
EAR,1992,25.479878360009447
EAR,1993,25.170059992092444
EAR,1994,25.0575515501375
EAR,1995,24.939785552100474
EAR,1996,24.822019560097864
EAR,1997,24.70425356206084
EAR,1998,24.60763292455996
EAR,1999,24.48976564305019
EAR,2000,24.31545873811782
EAR,2001,24.250456551700392
EAR,2002,24.18541480597144
EAR,2003,24.120528575531374
EAR,2004,23.96396614874659
EAR,2005,23.899208380892386
EAR,2006,23.834281659960883
EAR,2007,23.76932883388937
EAR,2008,23.704733952619847
EAR,2009,23.639564552470087
EAR,2010,23.574854932864735
EAR,2011,23.483264879747768
EAR,2012,23.391741351642647
EAR,2013,23.300183495440514
EAR,2014,23.20955565791188
EAR,2015,23.11458312270046
EAR,2016,23.06864581670087
EAR,2017,22.979169217919033
EAR,2018,22.911495031529395
EAR,2019,22.845451012812045
EAR,2020,22.78045029013577
EAR,2021,22.704453648704337
EAR,2022,22.653388534092752
EAS,1990,26.26820475267799
EAS,1991,26.25530260213326
EAS,1992,26.238399626586574
EAS,1993,26.221496659250313
EAS,1994,26.20459368370364
EAS,1995,26.187701462855195
EAS,1996,26.170916669356135
EAS,1997,26.15401361054079
EAS,1998,26.13711055583068
EAS,1999,26.120207497015336
EAS,2000,26.048425558045256
EAS,2001,26.116580501221396
EAS,2002,26.18558114771762
EAS,2003,26.24676275657275
EAS,2004,26.315591327773962
EAS,2005,26.381097647468938
EAS,2006,26.446176464541754
EAS,2007,26.514782044769227
EAS,2008,26.583114594730578
EAS,2009,26.651528125637274
EAS,2010,26.719469913325074
EAS,2011,26.77084375817152
EAS,2012,26.82201623003822
EAS,2013,26.873800461541375
EAS,2014,26.924736282313436
EAS,2015,26.976046160267412
EAS,2016,27.086679501885314
EAS,2017,27.086059059772786
EAS,2018,27.116707264035316
EAS,2019,27.148011008032963
EAS,2020,27.179847379479835
EAS,2021,27.194736788610328
EAS,2022,27.22664711690867
ECA,1992,9.798032423200832
ECA,1993,9.824567629246316
ECA,1994,9.851217992011103
ECA,1995,9.877861776591295
ECA,1996,9.904495476008066
ECA,1997,9.931120737958084
ECA,1998,9.958007197678773
ECA,1999,9.985291380559676
ECA,2000,9.993872000038575
ECA,2001,10.025552410283542
ECA,2002,10.057150292047584
ECA,2003,10.088751802913077
ECA,2004,10.120339494744746
ECA,2005,10.15182760303667
ECA,2006,10.57790028744519
ECA,2007,10.616816804667458
ECA,2008,10.655592249483954
ECA,2009,10.694391562425677
ECA,2010,10.733216884785511
ECA,2011,10.776734701063456
ECA,2012,10.820138162497692
ECA,2013,10.863488456419603
ECA,2014,10.908969577545774
ECA,2015,10.943432063639168
ECA,2016,10.97506770052034
ECA,2017,11.013165271745677
ECA,2018,11.057373412893078
ECA,2019,11.101844207441113
ECA,2020,11.152433051026396
ECA,2021,11.19673554912977
ECA,2022,11.241250106639544
ECS,1992,37.73509896174479
ECS,1993,37.764934790869425
ECS,1994,37.80354474052262
ECS,1995,37.83961952521022
ECS,1996,37.872009448310436
ECS,1997,37.80763831506856
ECS,1998,37.836074661021364
ECS,1999,37.85848793339549
ECS,2000,37.866242916161454
ECS,2001,37.91461999001788
ECS,2002,37.961908231917064
ECS,2003,38.00751686891955
ECS,2004,38.053853073694036
ECS,2005,38.10027712223368
ECS,2006,38.134650942522256
ECS,2007,38.182676393677326
ECS,2008,38.23251264662853
ECS,2009,38.2790818393716
ECS,2010,38.32516223875043
ECS,2011,38.346355800782554
ECS,2012,38.367120482823466
ECS,2013,38.38627792006512
ECS,2014,38.40780030661428
ECS,2015,38.4227676321406
ECS,2016,38.44435258583166
ECS,2017,38.46897809147349
ECS,2018,38.48477882930252
ECS,2019,38.50169316493873
ECS,2020,38.52433005316531
ECS,2021,38.54099948759572
ECS,2022,38.55834859881328
ECU,1990,52.854392428839766
ECU,1991,52.5286772142754
ECU,1992,52.202961999711015
ECU,1993,51.87724678514666
ECU,1994,51.551531570582284
ECU,1995,51.225816356017916
ECU,1996,50.90010114145355
ECU,1997,50.57438592688918
ECU,1998,56.01079884039299
ECU,1999,55.647733129328394
ECU,2000,55.28466741826381
ECU,2001,55.001888387824124
ECU,2002,54.71910935738444
ECU,2003,54.43633032694476
ECU,2004,54.15355129650508
ECU,2005,53.870772266065394
ECU,2006,53.58799323562571
ECU,2007,53.30521420518601
ECU,2008,53.02243517474633
ECU,2009,52.73965614430666
ECU,2010,52.45687711386696
ECU,2011,52.28856498631019
ECU,2012,52.120252858753425
ECU,2013,51.95194073119664
ECU,2014,51.783628603639876
ECU,2015,51.61531647608311
ECU,2016,51.356538895152205
ECU,2017,51.09776131422129
ECU,2018,50.83898373329039
ECU,2019,50.58020615235947
ECU,2020,50.32142857142857
ECU,2021,50.06265099049767
ECU,2022,49.803873409566755
ECU,2023,49.54509582863585
EGY,1990,0.0440102466221307
EGY,1991,0.04555728564970617
EGY,1992,0.04710432467728163
EGY,1993,0.0486513637048571
EGY,1994,0.05019840273243257
EGY,1995,0.05174544176000804
EGY,1996,0.05329248078758351
EGY,1997,0.054839519815158964
EGY,1998,0.05638655884273444
EGY,1999,0.05793359787030992
EGY,2000,0.05948063689788538
EGY,2001,0.06012657592043799
EGY,2002,0.06077251494299061
EGY,2003,0.06141845396554323
EGY,2004,0.06206439298809584
EGY,2005,0.06271033201064845
EGY,2006,0.06335627103320106
EGY,2007,0.06400221005575368
EGY,2008,0.0646481490783063
EGY,2009,0.0652940881008589
EGY,2010,0.06594002712341153
EGY,2011,0.06248028529810638
EGY,2012,0.05902054347280125
EGY,2013,0.05556080164749611
EGY,2014,0.052101059822190966
EGY,2015,0.04864131799688583
EGY,2016,0.0451855944547692
EGY,2017,0.0451855944547692
EGY,2018,0.0451855944547692
EGY,2019,0.0451855944547692
EGY,2020,0.0451855944547692
EGY,2021,0.0451855944547692
EGY,2022,0.0451855944547692
EGY,2023,0.0451855944547692
EMU,1990,33.422625464425636
EMU,1991,33.666803971508315
EMU,1992,34.72542165210059
EMU,1993,35.03869381947084
EMU,1994,35.26609656573479
EMU,1995,35.493501032619214
EMU,1996,35.71998158021472
EMU,1997,35.94778268921742
EMU,1998,36.176394095738246
EMU,1999,36.404213769632946
EMU,2000,36.45117240140543
EMU,2001,36.60317482918727
EMU,2002,36.74166428682105
EMU,2003,36.880078148848064
EMU,2004,37.0301089713321
EMU,2005,37.17691910261694
EMU,2006,37.33043214401602
EMU,2007,37.47455811092057
EMU,2008,37.626916604880066
EMU,2009,37.773000949885684
EMU,2010,37.89979983736315
EMU,2011,37.98250555559118
EMU,2012,38.058626736706394
EMU,2013,38.119531921844505
EMU,2014,38.20008802288837
EMU,2015,38.28864432312271
EMU,2016,38.342432985377584
EMU,2017,38.4214377029921
EMU,2018,38.47559401158011
EMU,2019,38.52993375344337
EMU,2020,38.58648734971821
EMU,2021,38.640761272558066
EMU,2022,38.69835320529138
ERI,1993,11.292871287128712
ERI,1994,11.261584158415843
ERI,1995,11.230297029702971
ERI,1996,11.199009900990099
ERI,1997,11.167722772277228
ERI,1998,11.136435643564356
ERI,1999,11.105148514851486
ERI,2000,11.073861386138613
ERI,2001,11.042574257425743
ERI,2002,11.01128712871287
ERI,2003,10.98
ERI,2004,9.140320769201363
ERI,2005,9.110985579993397
ERI,2006,9.086474152253656
ERI,2007,9.058220228687796
ERI,2008,9.030254665605417
ERI,2009,9.003251617466425
ERI,2010,8.977483792336095
ERI,2011,8.949616385020772
ERI,2012,8.924026107240277
ERI,2013,8.90034222261119
ERI,2014,8.875197115639427
ERI,2015,8.845245977589583
ERI,2016,8.81997366660957
ERI,2017,8.794326890187035
ERI,2018,8.767757210876974
ERI,2019,8.741453808772881
ERI,2020,8.718215239586637
ERI,2021,8.682254728985907
ERI,2022,8.656177431254136
ERI,2023,8.630100133522365
ESP,1990,27.84050136152491
ESP,1991,28.47907055902611
ESP,1992,29.117639756527314
ESP,1993,29.756208954028512
ESP,1994,30.39477815152971
ESP,1995,31.033347349030915
ESP,1996,31.671916546532113
ESP,1997,32.310485744033315
ESP,1998,32.94905494153452
ESP,1999,33.58762413903572
ESP,2000,34.25637274549098
ESP,2001,34.58050028083126
ESP,2002,34.835307790958645
ESP,2003,35.11418641453496
ESP,2004,35.40705557113667
ESP,2005,35.70425173816346
ESP,2006,36.00299811615697
ESP,2007,36.28442026807718
ESP,2008,36.597951082598236
ESP,2009,36.89928809208679
ESP,2010,37.089938201235974
ESP,2011,37.10192046091061
ESP,2012,37.079778493032926
ESP,2013,37.082113512324824
ESP,2014,37.08444853161672
ESP,2015,37.12753246701263
ESP,2016,37.14286858140298
ESP,2017,37.15223391736539
ESP,2018,37.15664678147688
ESP,2019,37.16772156446949
ESP,2020,37.177305488549756
ESP,2021,37.17275210932335
ESP,2022,37.18279227980552
ESP,2023,37.192588954835465
EST,1992,52.193866477942905
EST,1993,52.271691436659594
EST,1994,52.34951639537626
EST,1995,52.427341354092945
EST,1996,52.50516631280963
EST,1997,52.5829912715263
EST,1998,52.66081623024298
EST,1999,52.738641188959654
EST,2000,52.816466147676344
EST,2001,53.04560037744751
EST,2002,53.27473460721869
EST,2003,53.50386883698985
EST,2004,53.73300306676102
EST,2005,53.9621372965322
EST,2006,54.191271526303375
EST,2007,54.42040575607455
EST,2008,54.64953998584572
EST,2009,54.87867421561688
EST,2010,55.10780844538806
EST,2011,55.50879924510498
EST,2012,55.9097900448219
EST,2013,54.91175523349436
EST,2014,55.30278352887048
EST,2015,55.69381182424661
EST,2016,55.69933287324592
EST,2017,57.03859649122806
EST,2018,57.03859649122806
EST,2019,57.03859649122806
EST,2020,57.03859649122806
EST,2021,57.03859649122806
EST,2022,57.06529370465715
EST,2023,57.06529370465715
ETH,1993,19.0395
ETH,1994,18.9665
ETH,1995,18.8935
ETH,1996,18.820500000000003
ETH,1997,18.7475
ETH,1998,18.6745
ETH,1999,18.6015
ETH,2000,18.5285
ETH,2001,18.4555
ETH,2002,18.3825
ETH,2003,18.3095
ETH,2004,16.158553631131316
ETH,2005,16.093835919517264
ETH,2006,16.028963687470608
ETH,2007,15.964027930470111
ETH,2008,15.900233951281459
ETH,2009,15.83526539254428
ETH,2010,15.770828773732445
ETH,2011,15.706088146017041
ETH,2012,15.641307796747794
ETH,2013,15.576762884710687
ETH,2014,15.5125439694869
ETH,2015,15.447843469177949
ETH,2016,15.382897740790574
ETH,2017,15.318290823433339
ETH,2018,15.253489974050149
ETH,2019,15.188677999760584
ETH,2020,15.123987724657919
ETH,2021,15.060182244554213
ETH,2022,14.995585285513815
ETH,2023,14.930897578269468
EUU,1990,36.0477774855482
EUU,1991,36.22343627510769
EUU,1992,36.80553033049287
EUU,1993,36.95220716235489
EUU,1994,37.11877883226547
EUU,1995,37.286005872351666
EUU,1996,37.452101172114226
EUU,1997,37.61989784271497
EUU,1998,37.78722531169184
EUU,1999,37.954460342123184
EUU,2000,37.98595293400796
EUU,2001,38.11149645380067
EUU,2002,38.243391189692254
EUU,2003,38.35930326303632
EUU,2004,38.48233405908983
EUU,2005,38.605670793985624
EUU,2006,38.732613504437296
EUU,2007,38.85366272687172
EUU,2008,38.97968108782139
EUU,2009,39.091161805840514
EUU,2010,39.199040603189815
EUU,2011,39.28224022401692
EUU,2012,39.36304069134302
EUU,2013,39.431589773026765
EUU,2014,39.50644572723474
EUU,2015,39.594849295028325
EUU,2016,39.64416515687585
EUU,2017,39.70506314511235
EUU,2018,39.74887890328391
EUU,2019,39.793614743737805
EUU,2020,39.838781517856226
EUU,2021,39.882879586279735
EUU,2022,39.92916020101853
FCS,1990,29.934074209512076
FCS,1991,29.800153431999426
FCS,1992,29.192680458898394
FCS,1993,28.398507886396892
FCS,1994,28.27165257596433
FCS,1995,28.144797265531764
FCS,1996,28.01794196071403
FCS,1997,27.891086650281462
FCS,1998,27.764231339848898
FCS,1999,27.637376029416334
FCS,2000,27.5105207245986
FCS,2001,27.396469494532024
FCS,2002,27.282433583094317
FCS,2003,27.168672129473197
FCS,2004,26.830990119913626
FCS,2005,26.717842856812425
FCS,2006,26.604522722172085
FCS,2007,26.49130104673884
FCS,2008,26.378571798381863
FCS,2009,26.26989082398394
FCS,2010,26.156866911153013
FCS,2011,26.02241028183858
FCS,2012,24.03885262030538
FCS,2013,23.912739782317573
FCS,2014,23.78635809836741
FCS,2015,23.659824418102314
FCS,2016,23.528667842359763
FCS,2017,23.402518445771598
FCS,2018,23.27930484770821
FCS,2019,23.15377201416703
FCS,2020,23.031478549464552
FCS,2021,22.907002860634638
FCS,2022,22.788421895167843
FIN,1990,71.81893693161298
FIN,1991,72.00617551462621
FIN,1992,72.19341409763945
FIN,1993,72.38065268065267
FIN,1994,72.56789126366591
FIN,1995,72.75512984667914
FIN,1996,72.94236842969238
FIN,1997,73.1296070127056
FIN,1998,73.31684559571883
FIN,1999,73.50408417873207
FIN,2000,73.6913227617453
FIN,2001,73.6244656751699
FIN,2002,73.5576085885945
FIN,2003,73.49075150201911
FIN,2004,73.42389441544371
FIN,2005,73.35703732886832
FIN,2006,73.40585972181118
FIN,2007,73.34372060903023
FIN,2008,73.32256663376111
FIN,2009,73.25555774925962
FIN,2010,73.18854886475815
FIN,2011,73.30086544473329
FIN,2012,73.41077363519695
FIN,2013,73.5206818256606
FIN,2014,73.63059001612426
FIN,2015,73.73564542134184
FIN,2016,73.73564542134184
FIN,2017,73.73321926822848
FIN,2018,73.73321926822848
FIN,2019,73.73079327476721
FIN,2020,73.72836744094229
FIN,2021,73.72649965767137
FIN,2022,73.72649965767137
FIN,2023,73.72351625213844
FJI,1990,51.433497536945815
FJI,1991,51.79901477832512
FJI,1992,52.164532019704424
FJI,1993,52.53004926108375
FJI,1994,52.895566502463055
FJI,1995,53.26108374384236
FJI,1996,53.62660098522167
FJI,1997,53.992118226600994
FJI,1998,54.357635467980295
FJI,1999,54.7231527093596
FJI,2000,55.088669950738925
FJI,2001,55.45413245758073
FJI,2002,55.81959496442255
FJI,2003,56.185057471264365
FJI,2004,56.55051997810618
FJI,2005,56.915982484948
FJI,2006,57.28144499178982
FJI,2007,57.64690749863164
FJI,2008,58.01237000547346
FJI,2009,58.377832512315265
FJI,2010,58.74329501915708
FJI,2011,59.10870279146141
FJI,2012,59.474110563765734
FJI,2013,59.839518336070064
FJI,2014,60.20492610837439
FJI,2015,60.57033388067872
FJI,2016,60.93596059113301
FJI,2017,61.301587301587304
FJI,2018,61.667214012041605
FJI,2019,62.0328407224959
FJI,2020,62.3984674329502
FJI,2021,62.76409414340449
FJI,2022,63.129720853858785
FJI,2023,63.495347564313086
FRA,1990,26.78541608683551
FRA,1991,26.943501252435293
FRA,1992,27.10158641803507
FRA,1993,27.259671583634848
FRA,1994,27.417756749234623
FRA,1995,27.5758419148344
FRA,1996,27.733927080434178
FRA,1997,27.892012246033953
FRA,1998,28.050097411633736
FRA,1999,28.208182577233508
FRA,2000,28.366267742833283
FRA,2001,28.576120233787922
FRA,2002,28.785972724742553
FRA,2003,28.99582521569719
FRA,2004,29.205677706651823
FRA,2005,29.415530197606454
FRA,2006,29.625382688561093
FRA,2007,29.835235179515724
FRA,2008,30.04508767047036
FRA,2009,30.254940161424994
FRA,2010,30.46479265237963
FRA,2011,30.619537990537154
FRA,2012,30.774283328694686
FRA,2013,30.929028666852215
FRA,2014,31.08377400500974
FRA,2015,31.23851934316727
FRA,2016,31.3932646813248
FRA,2017,31.548010019482327
FRA,2018,31.702755357639855
FRA,2019,31.857500695797388
FRA,2020,32.01224603395491
FRA,2021,32.16699137211244
FRA,2022,32.321736710269974
FRA,2023,32.4764820484275
FRO,1990,0.05730659025787967
FRO,1991,0.05730659025787967
FRO,1992,0.05730659025787967
FRO,1993,0.05730659025787967
FRO,1994,0.05730659025787967
FRO,1995,0.05730659025787967
FRO,1996,0.05730659025787967
FRO,1997,0.05730659025787967
FRO,1998,0.05730659025787967
FRO,1999,0.05730659025787967
FRO,2000,0.05730659025787967
FRO,2001,0.05730659025787967
FRO,2002,0.05730659025787967
FRO,2003,0.05730659025787967
FRO,2004,0.05730659025787967
FRO,2005,0.05730659025787967
FRO,2006,0.05730659025787967
FRO,2007,0.05730659025787967
FRO,2008,0.05730659025787967
FRO,2009,0.05730659025787967
FRO,2010,0.05730659025787967
FRO,2011,0.05730659025787967
FRO,2012,0.05730659025787967
FRO,2013,0.05730659025787967
FRO,2014,0.05730659025787967
FRO,2015,0.05730659025787967
FRO,2016,0.05730659025787967
FRO,2017,0.05730659025787967
FRO,2018,0.05730659025787967
FRO,2019,0.05730659025787967
FRO,2020,0.05856515373352855
FRO,2021,0.05839416058394161
FRO,2022,0.05839416058394161
FRO,2023,0.05839416058394161
FSM,1991,90.86857142857143
FSM,1992,90.90857142857143
FSM,1993,90.94857142857143
FSM,1994,90.98857142857142
FSM,1995,91.02857142857144
FSM,1996,91.06857142857143
FSM,1997,91.10857142857142
FSM,1998,91.14857142857143
FSM,1999,91.18857142857144
FSM,2000,91.22857142857144
FSM,2001,91.26714285714286
FSM,2002,91.30571428571427
FSM,2003,91.34428571428572
FSM,2004,91.38285714285713
FSM,2005,91.42142857142858
FSM,2006,91.46
FSM,2007,91.49857142857142
FSM,2008,91.53714285714287
FSM,2009,91.57571428571428
FSM,2010,91.6142857142857
FSM,2011,91.65428571428572
FSM,2012,91.69428571428571
FSM,2013,91.73428571428572
FSM,2014,91.77428571428571
FSM,2015,91.81428571428573
FSM,2016,91.85714285714286
FSM,2017,91.9
FSM,2018,91.94285714285715
FSM,2019,91.98571428571428
FSM,2020,92.02857142857144
FSM,2021,92.07142857142857
FSM,2022,92.1142857142857
FSM,2023,92.15714285714286
GAB,1990,92.21725462801258
GAB,1991,92.19334031901269
GAB,1992,92.1694260100128
GAB,1993,92.14551170101292
GAB,1994,92.12159739201304
GAB,1995,92.09768308301317
GAB,1996,92.07376877401327
GAB,1997,92.04985446501338
GAB,1998,92.02594015601349
GAB,1999,92.00202584701363
GAB,2000,91.97811153801374
GAB,2001,91.9584778980867
GAB,2002,91.93884425815966
GAB,2003,91.91921061823263
GAB,2004,91.89957697830559
GAB,2005,91.87994333837854
GAB,2006,91.8603096984515
GAB,2007,91.84067605852448
GAB,2008,91.82104241859743
GAB,2009,91.80140877867039
GAB,2010,91.78177513874336
GAB,2011,91.7356618931191
GAB,2012,91.68954864749486
GAB,2013,91.6434354018706
GAB,2014,91.59732215624636
GAB,2015,91.55120891062212
GAB,2016,91.50510342686383
GAB,2017,91.45899794310553
GAB,2018,91.41289245934723
GAB,2019,91.36678697558894
GAB,2020,91.32068149183064
GAB,2021,91.27457600807234
GAB,2022,91.22847052431405
GAB,2023,91.18236504055575
GBR,1990,11.482660273632868
GBR,1991,11.555408589261356
GBR,1992,11.628156904889844
GBR,1993,11.700905220518331
GBR,1994,11.773653536146819
GBR,1995,11.846401851775306
GBR,1996,11.919150167403794
GBR,1997,11.991898483032282
GBR,1998,12.06464679866077
GBR,1999,12.137395114289257
GBR,2000,12.210143429917744
GBR,2001,12.253544413673376
GBR,2002,12.296945397429008
GBR,2003,12.34034638118464
GBR,2004,12.383747364940271
GBR,2005,12.427148348695905
GBR,2006,12.470549332451537
GBR,2007,12.513950316207168
GBR,2008,12.557351299962798
GBR,2009,12.60075228371843
GBR,2010,12.644153267474062
GBR,2011,12.723515066341504
GBR,2012,12.802876865208946
GBR,2013,12.882238664076388
GBR,2014,12.961600462943826
GBR,2015,13.040962261811268
GBR,2016,13.05749596990865
GBR,2017,13.078163105030379
GBR,2018,13.115363948249495
GBR,2019,13.152564791468608
GBR,2020,13.185632207663373
GBR,2021,13.221455379655273
GBR,2022,13.255487124374818
GBR,2023,13.290713016161702
GEO,1992,39.63102604691322
GEO,1993,39.642970211541225
GEO,1994,39.65491437616923
GEO,1995,39.66685854079724
GEO,1996,39.67880270542524
GEO,1997,39.690746870053246
GEO,1998,39.70269103468125
GEO,1999,39.71463519930926
GEO,2000,39.72657936393726
GEO,2001,39.81551302345661
GEO,2002,39.904446682975966
GEO,2003,39.99338034249533
GEO,2004,40.08231400201468
GEO,2005,40.17124766153403
GEO,2006,40.26018132105339
GEO,2007,40.34911498057274
GEO,2008,40.4380486400921
GEO,2009,40.52698229961146
GEO,2010,40.61591595913081
GEO,2011,40.61591595913081
GEO,2012,40.61591595913081
GEO,2013,40.61591595913081
GEO,2014,40.61591595913081
GEO,2015,40.61591595913081
GEO,2016,40.61591595913081
GEO,2017,40.61591595913081
GEO,2018,40.61591595913081
GEO,2019,40.61591595913081
GEO,2020,40.61591595913081
GEO,2021,40.61591595913081
GEO,2022,40.61591595913081
GEO,2023,40.61591595913081
GHA,1990,43.61545222817966
GHA,1991,43.14272215874132
GHA,1992,42.66999208930298
GHA,1993,42.19726201986463
GHA,1994,41.7245319504263
GHA,1995,41.25180188098796
GHA,1996,40.77907181154961
GHA,1997,40.30634174211128
GHA,1998,39.83361167267294
GHA,1999,39.360881603234596
GHA,2000,38.888151533796254
GHA,2001,38.490120418387974
GHA,2002,38.0920893029797
GHA,2003,37.694058187571414
GHA,2004,37.29602707216314
GHA,2005,36.897995956754855
GHA,2006,36.499964841346575
GHA,2007,36.101933725938295
GHA,2008,35.70390261053002
GHA,2009,35.305871495121735
GHA,2010,34.907840379713456
GHA,2011,34.852913773402484
GHA,2012,34.7979871670915
GHA,2013,34.74306056078052
GHA,2014,34.68813395446955
GHA,2015,34.633207348158564
GHA,2016,34.81691131229674
GHA,2017,35.00061527643491
GHA,2018,35.032345961149694
GHA,2019,35.06515538405418
GHA,2020,35.09739375027469
GHA,2021,35.12867715891761
GHA,2022,35.16044310056123
GHA,2023,35.19219585730421
GIB,1990,0.0
GIB,1991,0.0
GIB,1992,0.0
GIB,1993,0.0
GIB,1994,0.0
GIB,1995,0.0
GIB,1996,0.0
GIB,1997,0.0
GIB,1998,0.0
GIB,1999,0.0
GIB,2000,0.0
GIB,2001,0.0
GIB,2002,0.0
GIB,2003,0.0
GIB,2004,0.0
GIB,2005,0.0
GIB,2006,0.0
GIB,2007,0.0
GIB,2008,0.0
GIB,2009,0.0
GIB,2010,0.0
GIB,2011,0.0
GIB,2012,0.0
GIB,2013,0.0
GIB,2014,0.0
GIB,2015,0.0
GIB,2016,0.0
GIB,2017,0.0
GIB,2018,0.0
GIB,2019,0.0
GIB,2020,0.0
GIB,2021,0.0
GIB,2022,0.0
GIB,2023,0.0
GIN,1990,29.61093928048185
GIN,1991,29.469721634380598
GIN,1992,29.32850398827934
GIN,1993,29.187286342178087
GIN,1994,29.046068696076837
GIN,1995,28.904851049975584
GIN,1996,28.763633403874326
GIN,1997,28.622415757773073
GIN,1998,28.481198111671823
GIN,1999,28.33998046557057
GIN,2000,28.198762819469316
GIN,2001,28.052254598730265
GIN,2002,27.905746377991207
GIN,2003,27.75923815725216
GIN,2004,27.6127299365131
GIN,2005,27.466221715774054
GIN,2006,27.319713495034996
GIN,2007,27.17320527429595
GIN,2008,27.02669705355689
GIN,2009,26.880188832817844
GIN,2010,26.733680612078786
GIN,2011,26.587172391339735
GIN,2012,26.440664170600687
GIN,2013,26.29415594986163
GIN,2014,26.147647729122582
GIN,2015,26.001139508383524
GIN,2016,25.838352596451248
GIN,2017,25.675565684518965
GIN,2018,25.512778772586685
GIN,2019,25.349991860654402
GIN,2020,25.187204948722126
GIN,2021,25.024418036789843
GIN,2022,24.86163112485756
GIN,2023,24.69884421292528
GMB,1990,40.974308300395265
GMB,1991,40.40780632411067
GMB,1992,39.84130434782609
GMB,1993,39.2748023715415
GMB,1994,38.70830039525692
GMB,1995,38.14179841897233
GMB,1996,37.575296442687744
GMB,1997,37.00879446640316
GMB,1998,36.442292490118575
GMB,1999,35.87579051383399
GMB,2000,35.30928853754941
GMB,2001,34.74278656126482
GMB,2002,34.17628458498024
GMB,2003,33.60978260869565
GMB,2004,33.04328063241107
GMB,2005,32.476778656126484
GMB,2006,31.9102766798419
GMB,2007,31.343774703557308
GMB,2008,30.777272727272724
GMB,2009,30.210770750988143
GMB,2010,29.64426877470356
GMB,2011,29.077865612648218
GMB,2012,28.51146245059289
GMB,2013,27.94505928853755
GMB,2014,27.37865612648221
GMB,2015,26.81225296442688
GMB,2016,26.245059288537547
GMB,2017,25.67885375494071
GMB,2018,25.112648221343875
GMB,2019,24.545454545454547
GMB,2020,23.979249011857707
GMB,2021,23.412381422924902
GMB,2022,22.845958498023716
GMB,2023,22.27923913043478
GNB,1990,79.42140825035563
GNB,1991,79.12108819345661
GNB,1992,78.82076813655762
GNB,1993,78.5204480796586
GNB,1994,78.22012802275961
GNB,1995,77.9198079658606
GNB,1996,77.61948790896159
GNB,1997,77.31916785206259
GNB,1998,77.0188477951636
GNB,1999,76.71852773826458
GNB,2000,76.41820768136557
GNB,2001,76.11788762446656
GNB,2002,75.81756756756756
GNB,2003,75.51724751066857
GNB,2004,75.21692745376956
GNB,2005,74.91660739687055
GNB,2006,74.61628733997155
GNB,2007,74.31596728307255
GNB,2008,74.01564722617354
GNB,2009,73.71532716927453
GNB,2010,73.41500711237553
GNB,2011,73.1147226173542
GNB,2012,72.81443812233286
GNB,2013,72.51415362731152
GNB,2014,72.21386913229018
GNB,2015,71.91358463726884
GNB,2016,71.61344238975819
GNB,2017,71.3133001422475
GNB,2018,71.01315789473685
GNB,2019,70.71301564722617
GNB,2020,70.41287339971551
GNB,2021,70.11273115220484
GNB,2022,69.81258890469417
GNB,2023,69.5124466571835
GNQ,1990,96.22638146167559
GNQ,1991,95.92844919786097
GNQ,1992,95.63051693404636
GNQ,1993,95.33258467023174
GNQ,1994,95.03465240641712
GNQ,1995,94.73672014260251
GNQ,1996,94.43878787878789
GNQ,1997,94.14085561497325
GNQ,1998,93.84292335115863
GNQ,1999,93.54499108734402
GNQ,2000,93.2470588235294
GNQ,2001,92.94912655971478
GNQ,2002,92.65119429590017
GNQ,2003,92.35326203208555
GNQ,2004,92.05532976827094
GNQ,2005,91.75739750445632
GNQ,2006,91.45946524064172
GNQ,2007,91.1615329768271
GNQ,2008,90.86360071301249
GNQ,2009,90.56566844919786
GNQ,2010,90.26773618538324
GNQ,2011,89.96976827094474
GNQ,2012,89.67180035650624
GNQ,2013,89.37383244206774
GNQ,2014,89.07586452762924
GNQ,2015,88.77789661319073
GNQ,2016,88.47985739750445
GNQ,2017,88.18181818181819
GNQ,2018,87.88377896613191
GNQ,2019,87.58573975044564
GNQ,2020,87.28770053475937
GNQ,2021,86.98966131907308
GNQ,2022,86.6916221033868
GNQ,2023,86.39358288770053
GRC,1990,25.59
GRC,1991,25.824041117145075
GRC,1992,26.058081458494957
GRC,1993,26.292122575640033
GRC,1994,26.526162916989914
GRC,1995,26.760204034134986
GRC,1996,26.994245151280065
GRC,1997,27.22828549262995
GRC,1998,27.46232660977502
GRC,1999,27.6963669511249
GRC,2000,27.93040806826998
GRC,2001,28.164366951124904
GRC,2002,28.398326609775022
GRC,2003,28.63228549262995
GRC,2004,28.866245151280058
GRC,2005,29.10020403413499
GRC,2006,29.33416291698992
GRC,2007,29.568122575640025
GRC,2008,29.80208145849496
GRC,2009,30.036041117145075
GRC,2010,30.27
GRC,2011,30.27
GRC,2012,30.27
GRC,2013,30.27
GRC,2014,30.27
GRC,2015,30.27
GRC,2016,30.2699767261443
GRC,2017,30.2699767261443
GRC,2018,30.2699767261443
GRC,2019,30.2699767261443
GRC,2020,30.2699767261443
GRC,2021,30.2699767261443
GRC,2022,30.2699767261443
GRC,2023,30.2699767261443
GRD,1990,52.05882352941177
GRD,1991,52.05882352941177
GRD,1992,52.05882352941177
GRD,1993,52.05882352941177
GRD,1994,52.05882352941177
GRD,1995,52.05882352941177
GRD,1996,52.05882352941177
GRD,1997,52.05882352941177
GRD,1998,52.05882352941177
GRD,1999,52.05882352941177
GRD,2000,52.05882352941177
GRD,2001,52.05882352941177
GRD,2002,52.05882352941177
GRD,2003,52.05882352941177
GRD,2004,52.05882352941177
GRD,2005,52.05882352941177
GRD,2006,52.05882352941177
GRD,2007,52.05882352941177
GRD,2008,52.05882352941177
GRD,2009,52.05882352941177
GRD,2010,52.05882352941177
GRD,2011,52.05882352941177
GRD,2012,52.05882352941177
GRD,2013,52.05882352941177
GRD,2014,52.05882352941177
GRD,2015,52.05882352941177
GRD,2016,52.05882352941177
GRD,2017,52.05882352941177
GRD,2018,52.05882352941177
GRD,2019,52.05882352941177
GRD,2020,52.05882352941177
GRD,2021,52.05882352941177
GRD,2022,52.05882352941177
GRD,2023,52.05882352941177
GRL,1990,0.0006438396254023998
GRL,1991,0.0006438396254023998
GRL,1992,0.0006438396254023998
GRL,1993,0.0006438396254023998
GRL,1994,0.0006438396254023998
GRL,1995,0.0006438396254023998
GRL,1996,0.0006438396254023998
GRL,1997,0.0005359970763795834
GRL,1998,0.0005359970763795834
GRL,1999,0.0005359970763795834
GRL,2000,0.0005359970763795834
GRL,2001,0.0005359970763795834
GRL,2002,0.0005359970763795834
GRL,2003,0.0005359970763795834
GRL,2004,0.0005359970763795834
GRL,2005,0.0005359970763795834
GRL,2006,0.0005359970763795834
GRL,2007,0.0005359970763795834
GRL,2008,0.0005359970763795834
GRL,2009,0.0005359970763795834
GRL,2010,0.0005359970763795834
GRL,2011,0.0005359970763795834
GRL,2012,0.0005359970763795834
GRL,2013,0.0005359970763795834
GRL,2014,0.0005359970763795834
GRL,2015,0.0005359970763795834
GRL,2016,0.0005359970763795834
GRL,2017,0.0005359970763795834
GRL,2018,0.0005359970763795834
GRL,2019,0.0005359970763795834
GRL,2020,0.0005359970763795834
GRL,2021,0.0005359970763795834
GRL,2022,0.0005359970763795834
GRL,2023,0.0005359970763795834
GTM,1990,44.617394550205304
GTM,1991,44.083613288540505
GTM,1992,43.5498320268757
GTM,1993,43.0160507652109
GTM,1994,42.4822695035461
GTM,1995,41.9484882418813
GTM,1996,41.4147069802165
GTM,1997,40.880925718551694
GTM,1998,40.347144456886895
GTM,1999,39.813363195222095
GTM,2000,39.279581933557296
GTM,2001,38.82549458753266
GTM,2002,38.371407241508024
GTM,2003,37.91731989548339
GTM,2004,37.46323254945875
GTM,2005,37.009145203434116
GTM,2006,36.55505785740949
GTM,2007,36.10097051138485
GTM,2008,35.64688316536021
GTM,2009,35.19279581933557
GTM,2010,34.738708473310936
GTM,2011,34.48338932437477
GTM,2012,34.2280701754386
GTM,2013,33.97275102650242
GTM,2014,33.717431877566256
GTM,2015,33.46211272863008
GTM,2016,33.3538633818589
GTM,2017,33.24561403508772
GTM,2018,33.13736468831653
GTM,2019,33.02911534154535
GTM,2020,32.92086599477417
GTM,2021,32.81261664800299
GTM,2022,32.7043673012318
GTM,2023,32.59611795446062
GUM,1990,44.44444444444444
GUM,1991,44.44444444444444
GUM,1992,44.44444444444444
GUM,1993,44.44444444444444
GUM,1994,44.44444444444444
GUM,1995,44.44444444444444
GUM,1996,44.44444444444444
GUM,1997,44.44444444444444
GUM,1998,44.44444444444444
GUM,1999,44.44444444444444
GUM,2000,44.44444444444444
GUM,2001,44.44444444444444
GUM,2002,44.44444444444444
GUM,2003,44.44444444444444
GUM,2004,44.44444444444444
GUM,2005,44.44444444444444
GUM,2006,44.44444444444444
GUM,2007,44.44444444444444
GUM,2008,44.44444444444444
GUM,2009,44.44444444444444
GUM,2010,44.44444444444444
GUM,2011,44.81481481481481
GUM,2012,45.18518518518518
GUM,2013,45.55555555555556
GUM,2014,45.925925925925924
GUM,2015,46.2962962962963
GUM,2016,51.85185185185185
GUM,2017,51.85185185185185
GUM,2018,51.85185185185185
GUM,2019,51.85185185185185
GUM,2020,51.85185185185185
GUM,2021,51.85185185185185
GUM,2022,51.85185185185185
GUM,2023,51.85185185185185
GUY,1990,94.499110998222
GUY,1991,94.47984251968504
GUY,1992,94.46057404114809
GUY,1993,94.44130556261112
GUY,1994,94.42203708407418
GUY,1995,94.40276860553722
GUY,1996,94.38350012700026
GUY,1997,94.36423164846329
GUY,1998,94.34496316992634
GUY,1999,94.32569469138939
GUY,2000,94.30642621285243
GUY,2001,94.28386588773178
GUY,2002,94.26130556261113
GUY,2003,94.23874523749048
GUY,2004,94.21618491236983
GUY,2005,94.19362458724918
GUY,2006,94.17106426212852
GUY,2007,94.14850393700786
GUY,2008,94.12594361188724
GUY,2009,94.10338328676657
GUY,2010,94.08082296164592
GUY,2011,94.0214376428753
GUY,2012,93.96205232410463
GUY,2013,93.90266700533401
GUY,2014,93.84328168656337
GUY,2015,93.78389636779274
GUY,2016,93.73716027432056
GUY,2017,93.69037338074676
GUY,2018,93.64363728727457
GUY,2019,93.59685039370078
GUY,2020,87.21862271478639
GUY,2021,87.17501799753718
GUY,2022,87.13143459316093
GUY,2023,87.08783698020271
HIC,1990,28.98626843278183
HIC,1991,29.006015168630224
HIC,1992,35.53250026312657
HIC,1993,35.55029136681251
HIC,1994,35.56726975301806
HIC,1995,35.5829952155698
HIC,1996,35.59697237685259
HIC,1997,35.56308176679534
HIC,1998,35.574956905552796
HIC,1999,35.58369861223065
HIC,2000,35.59160537250756
HIC,2001,35.62019142523772
HIC,2002,35.64842534728101
HIC,2003,35.67584342070803
HIC,2004,35.703626532420195
HIC,2005,35.73148665435154
HIC,2006,35.76222780849015
HIC,2007,35.790027680525384
HIC,2008,35.82875577522862
HIC,2009,35.8558741994421
HIC,2010,35.882690461425135
HIC,2011,35.91043763934309
HIC,2012,35.938260028049704
HIC,2013,35.96531220380454
HIC,2014,35.99304696433038
HIC,2015,36.021418146618345
HIC,2016,36.04182851090733
HIC,2017,36.04610363880368
HIC,2018,36.051079695305916
HIC,2019,36.05684585658388
HIC,2020,36.063586744626576
HIC,2021,36.19272750875333
HIC,2022,36.211481062020276
HND,1990,62.45222986862097
HND,1991,62.26498346590401
HND,1992,62.07773706318706
HND,1993,61.89049066047011
HND,1994,61.70324425775314
HND,1995,61.5159978550362
HND,1996,61.32875145231925
HND,1997,61.14150504960229
HND,1998,60.95425864688534
HND,1999,60.767012244168384
HND,2000,60.579765841451426
HND,2001,60.39851640003574
HND,2002,60.21726695862007
HND,2003,60.0360175172044
HND,2004,59.85476807578872
HND,2005,59.673518634373046
HND,2006,59.49226919295736
HND,2007,59.31101975154169
HND,2008,59.12977031012602
HND,2009,58.94852086871034
HND,2010,58.767271427294666
HND,2011,58.56771829475378
HND,2012,58.36816516221288
HND,2013,58.168612029672
HND,2014,57.969058897131106
HND,2015,57.76950576459022
HND,2016,57.58378764858343
HND,2017,57.39663955670748
HND,2018,57.20940209133971
HND,2019,57.02216462597194
HND,2020,56.83492716060417
HND,2021,56.647689695236394
HND,2022,56.46045222986862
HND,2023,56.27321476450084
HPC,1990,35.203462530023145
HPC,1991,35.029798827010566
HPC,1992,34.85613512399799
HPC,1993,33.646324610231886
HPC,1994,33.47928129465804
HPC,1995,33.312237979084195
HPC,1996,33.145194663510345
HPC,1997,32.978151347936496
HPC,1998,32.811108032362654
HPC,1999,32.644064716788805
HPC,2000,32.47702140121496
HPC,2001,32.32782436470889
HPC,2002,32.178627328202815
HPC,2003,32.02943029169674
HPC,2004,31.609959115108083
HPC,2005,31.461945796748907
HPC,2006,31.314028110228048
HPC,2007,31.166013426803236
HPC,2008,31.01814923605209
HPC,2009,30.87016038269696
HPC,2010,30.721023031288762
HPC,2011,30.54835225564002
HPC,2012,28.467934517415184
HPC,2013,28.303413634724514
HPC,2014,28.138905241687034
HPC,2015,27.97425097558453
HPC,2016,27.7966008687619
HPC,2017,27.624121076279216
HPC,2018,27.4527875961795
HPC,2019,27.278732517995685
HPC,2020,27.107792644453326
HPC,2021,26.934756780872775
HPC,2022,26.76308007898907
HRV,1992,33.21409407977106
HRV,1993,33.27669468789126
HRV,1994,33.33929529601144
HRV,1995,33.40189590413164
HRV,1996,33.4226509467667
HRV,1997,33.48517327617006
HRV,1998,33.58969772849222
HRV,1999,33.65229833661241
HRV,2000,33.713692946058096
HRV,2001,33.77629131492345
HRV,2002,33.83888968378881
HRV,2003,33.869987849331714
HRV,2004,33.93252805374884
HRV,2005,33.99506825816596
HRV,2006,34.05760846258309
HRV,2007,34.120148667000215
HRV,2008,34.18268887141734
HRV,2009,34.245229075834466
HRV,2010,34.30776928025159
HRV,2011,34.314916732184976
HRV,2012,34.32206418411836
HRV,2013,34.329211636051745
HRV,2014,34.33635908798514
HRV,2015,34.343506539918515
HRV,2016,34.381391608891434
HRV,2017,34.51519548281038
HRV,2018,34.55989564720177
HRV,2019,34.60456722178543
HRV,2020,34.65171551107934
HRV,2021,34.69639027877055
HRV,2022,34.741065046461756
HRV,2023,34.78573981415297
HTI,1990,13.894049346879536
HTI,1991,13.885812772133526
HTI,1992,13.877576197387517
HTI,1993,13.869339622641508
HTI,1994,13.8611030478955
HTI,1995,13.852866473149492
HTI,1996,13.844629898403483
HTI,1997,13.836393323657475
HTI,1998,13.828156748911466
HTI,1999,13.819920174165457
HTI,2000,13.81168359941945
HTI,2001,13.80344702467344
HTI,2002,13.795210449927431
HTI,2003,13.786973875181422
HTI,2004,13.778737300435415
HTI,2005,13.770500725689406
HTI,2006,13.762264150943397
HTI,2007,13.75402757619739
HTI,2008,13.74579100145138
HTI,2009,13.73755442670537
HTI,2010,13.729317851959363
HTI,2011,13.616618287373003
HTI,2012,13.503918722786649
HTI,2013,13.39121915820029
HTI,2014,13.278519593613932
HTI,2015,13.165820029027575
HTI,2016,13.052975326560231
HTI,2017,12.940130624092888
HTI,2018,12.827285921625545
HTI,2019,12.714441219158202
HTI,2020,12.601596516690854
HTI,2021,12.488751814223512
HTI,2022,12.37590711175617
HTI,2023,12.263062409288823
HUN,1990,20.18359853121175
HUN,1991,20.302959830866808
HUN,1992,20.422321130521865
HUN,1993,20.54396839528155
HUN,1994,20.663342977965726
HUN,1995,20.7827175606499
HUN,1996,20.902092143334077
HUN,1997,21.035512249443205
HUN,1998,21.15496659242762
HUN,1999,21.274420935412028
HUN,2000,21.436844454362866
HUN,2001,21.576567730417313
HUN,2002,21.71629100647177
HUN,2003,21.856014282526225
HUN,2004,21.995737558580675
HUN,2005,22.137931034482758
HUN,2006,22.27766990291262
HUN,2007,22.417408771342487
HUN,2008,22.557147639772346
HUN,2009,22.4662321882249
HUN,2010,22.604550977576494
HUN,2011,22.63642991273611
HUN,2012,22.668308847895723
HUN,2013,22.70018778305534
HUN,2014,22.550230111768574
HUN,2015,22.581854043392504
HUN,2016,22.55895244356783
HUN,2017,22.542954196800352
HUN,2018,22.528161297392067
HUN,2019,22.512272627657243
HUN,2020,22.496274380889762
HUN,2021,22.480349550734164
HUN,2022,22.46437541091387
HUN,2023,22.44843414420338
IBD,1992,34.96083204899986
IBD,1993,34.893573624996826
IBD,1994,34.826849331174316
IBD,1995,34.75921851490831
IBD,1996,34.69027776602316
IBD,1997,34.62082915920123
IBD,1998,34.56444031101226
IBD,1999,34.491970375364396
IBD,2000,34.401244451348724
IBD,2001,34.363500984918275
IBD,2002,34.3261650330107
IBD,2003,34.284654512959044
IBD,2004,34.24640914397551
IBD,2005,34.206864204415425
IBD,2006,34.16775422970113
IBD,2007,34.13056569344432
IBD,2008,34.093406598977396
IBD,2009,34.05712144271062
IBD,2010,34.0194802131994
IBD,2011,33.99417371292368
IBD,2012,33.96885978247268
IBD,2013,33.94384442380563
IBD,2014,33.91843419019175
IBD,2015,33.89311607573133
IBD,2016,33.88705181810154
IBD,2017,33.849419302066586
IBD,2018,33.833263637602705
IBD,2019,33.81495555506537
IBD,2020,33.799646443607735
IBD,2021,33.7745996726421
IBD,2022,33.75809590819292
IBT,1992,34.46892730982671
IBT,1993,34.192439991551666
IBT,1994,34.10852979810927
IBT,1995,34.0214079094636
IBT,1996,33.93331418061675
IBT,1997,33.844844264359736
IBT,1998,33.76603775419238
IBT,1999,33.67532855597614
IBT,2000,33.56720251994868
IBT,2001,33.50611432261547
IBT,2002,33.44530696446407
IBT,2003,33.381500418187294
IBT,2004,33.26771421514179
IBT,2005,33.20538641074216
IBT,2006,33.14439074308388
IBT,2007,33.08374195931121
IBT,2008,33.02329318690043
IBT,2009,32.96339010800471
IBT,2010,32.90228804472355
IBT,2011,32.84323285281901
IBT,2012,32.211072204995844
IBT,2013,32.152061591671114
IBT,2014,32.093143272237896
IBT,2015,32.0325296196315
IBT,2016,31.98751537530331
IBT,2017,31.920327209855962
IBT,2018,31.868962640898715
IBT,2019,31.814942260138984
IBT,2020,31.763467618032912
IBT,2021,31.704936629786836
IBT,2022,31.652026677930543
IDA,1990,34.16780046339407
IDA,1991,34.01026818904469
IDA,1992,32.85484822047327
IDA,1993,32.00383830298338
IDA,1994,31.865749149799587
IDA,1995,31.717868871626507
IDA,1996,31.56998859787255
IDA,1997,31.42210831528034
IDA,1998,31.27422803268814
IDA,1999,31.126347754515063
IDA,2000,30.96353229052389
IDA,2001,30.829594656815942
IDA,2002,30.695583169408412
IDA,2003,30.56187406404399
IDA,2004,30.23192012429247
IDA,2005,30.09879512241508
IDA,2006,29.965430684952327
IDA,2007,29.83196673378203
IDA,2008,29.699164554289695
IDA,2009,29.56601490011963
IDA,2010,29.432110267291872
IDA,2011,29.268262491840687
IDA,2012,27.29090448823412
IDA,2013,27.13675852349816
IDA,2014,26.983787117104157
IDA,2015,26.825207056270738
IDA,2016,26.67112225866249
IDA,2017,26.52166931646198
IDA,2018,26.37174468263996
IDA,2019,26.217788821406472
IDA,2020,26.065356524119956
IDA,2021,25.911890553087776
IDA,2022,25.757551058946184
IDB,1990,36.467872680547345
IDB,1991,36.323173253583555
IDB,1992,33.5682390209459
IDB,1993,33.444563857310136
IDB,1994,33.32088869367436
IDB,1995,33.19721353003859
IDB,1996,33.073538386861564
IDB,1997,32.94986322322579
IDB,1998,32.82618803913129
IDB,1999,32.702512875495515
IDB,2000,32.50857157930125
IDB,2001,32.41595667119463
IDB,2002,32.322983388238384
IDB,2003,32.230233816751344
IDB,2004,32.137417348770285
IDB,2005,32.04446913255314
IDB,2006,31.951488149874596
IDB,2007,31.857642204442627
IDB,2008,31.76478054575666
IDB,2009,31.671950571144027
IDB,2010,31.579319615043065
IDB,2011,31.488646090788695
IDB,2012,31.39749515443419
IDB,2013,31.306356686132514
IDB,2014,31.21514768844384
IDB,2015,31.093399308033167
IDB,2016,31.00404256010898
IDB,2017,30.922871287314287
IDB,2018,30.83525380006404
IDB,2019,30.74186010388354
IDB,2020,30.647671338761384
IDB,2021,30.554059513296313
IDB,2022,30.460472652134012
IDN,1990,65.43771424786236
IDN,1991,64.48467351523817
IDN,1992,63.531632782613976
IDN,1993,62.57859204998979
IDN,1994,61.6255513173656
IDN,1995,60.67251058474141
IDN,1996,59.71946985211722
IDN,1997,58.76642911949303
IDN,1998,57.813388386868844
IDN,1999,56.860347654244656
IDN,2000,53.943528667353036
IDN,2001,53.85720197771634
IDN,2002,53.770875288079644
IDN,2003,53.68454859844295
IDN,2004,53.59822190880625
IDN,2005,53.51189521916956
IDN,2006,53.42556852953285
IDN,2007,53.339241839896154
IDN,2008,53.25291515025946
IDN,2009,53.16658846062276
IDN,2010,53.08026177098607
IDN,2011,52.58691922691595
IDN,2012,52.09357668284582
IDN,2013,51.60023413877569
IDN,2014,51.10689159470556
IDN,2015,50.61354905063544
IDN,2016,50.74345452695819
IDN,2017,50.039333822986606
IDN,2018,49.71681777920756
IDN,2019,49.39429640925072
IDN,2020,49.07178036547167
IDN,2021,48.36194486812056
IDN,2022,48.0419900717626
IDN,2023,47.72203369024635
IDX,1990,33.53865662917646
IDX,1991,33.37764828150268
IDX,1992,32.64538190312889
IDX,1993,31.607054056514947
IDX,1994,31.46483882184684
IDX,1995,31.310289712187362
IDX,1996,31.15574060252789
IDX,1997,31.00119148723176
IDX,1998,30.846642377572298
IDX,1999,30.692093267912824
IDX,2000,30.536941710987275
IDX,2001,30.39159956127404
IDX,2002,30.24625741156081
IDX,2003,30.101237628994372
IDX,2004,29.71012859773215
IDX,2005,29.566001786494937
IDX,2006,29.42158376950994
IDX,2007,29.277259254584713
IDX,2008,29.13351395227444
IDX,2009,28.989326423923732
IDX,2010,28.844146755613398
IDX,2011,28.6602828471525
IDX,2012,26.304316081105604
IDX,2013,26.135029823332086
IDX,2014,25.967159377038463
IDX,2015,25.798684690444755
IDX,2016,25.629020817100983
IDX,2017,25.463141470452815
IDX,2018,25.29822806140283
IDX,2019,25.129713831459316
IDX,2020,24.96324800372372
IDX,2021,24.79538578452113
IDX,2022,24.62652066507454
IMN,1990,6.0701754385964914
IMN,1991,6.0701754385964914
IMN,1992,6.0701754385964914
IMN,1993,6.0701754385964914
IMN,1994,6.0701754385964914
IMN,1995,6.0701754385964914
IMN,1996,6.0701754385964914
IMN,1997,6.0701754385964914
IMN,1998,6.0701754385964914
IMN,1999,6.0701754385964914
IMN,2000,6.0701754385964914
IMN,2001,6.0701754385964914
IMN,2002,6.0701754385964914
IMN,2003,6.0701754385964914
IMN,2004,6.0701754385964914
IMN,2005,6.0701754385964914
IMN,2006,6.0701754385964914
IMN,2007,6.0701754385964914
IMN,2008,6.0701754385964914
IMN,2009,6.0701754385964914
IMN,2010,6.0701754385964914
IMN,2011,6.0701754385964914
IMN,2012,6.0701754385964914
IMN,2013,6.0701754385964914
IMN,2014,6.0701754385964914
IMN,2015,6.0701754385964914
IMN,2016,6.0701754385964914
IMN,2017,6.0701754385964914
IMN,2018,6.0701754385964914
IMN,2019,6.0701754385964914
IMN,2020,6.0701754385964914
IMN,2021,6.0701754385964914
IMN,2022,6.0701754385964914
IMN,2023,6.0701754385964914
IND,1990,21.504848327890247
IND,1991,21.627712995133173
IND,1992,21.7505776623761
IND,1993,21.873442329619028
IND,1994,21.996306996861957
IND,1995,22.119171664104883
IND,1996,22.242036331347812
IND,1997,22.364900998590738
IND,1998,22.487765665833667
IND,1999,22.610630333076596
IND,2000,22.73349500031952
IND,2001,22.797567595747328
IND,2002,22.861640191175134
IND,2003,22.925712786602944
IND,2004,22.989785382030746
IND,2005,23.053857977458556
IND,2006,23.11793057288636
IND,2007,23.182003168314168
IND,2008,23.246075763741974
IND,2009,23.31014835916978
IND,2010,23.37422095459759
IND,2011,23.463821686471434
IND,2012,23.553422418345278
IND,2013,23.643023150219125
IND,2014,23.73262388209297
IND,2015,23.822224613966817
IND,2016,23.91169081020722
IND,2017,24.00149334553123
IND,2018,24.090959541771635
IND,2019,24.180762077095643
IND,2020,24.27022827333605
IND,2021,24.35969446957645
IND,2022,24.44949700490046
IND,2023,24.539030468957584
IRL,1990,6.701117723907678
IRL,1991,6.946029902743504
IRL,1992,7.19094208157933
IRL,1993,7.435854260415155
IRL,1994,7.68076643925098
IRL,1995,7.925678618086805
IRL,1996,8.17059079692263
IRL,1997,8.415502975758454
IRL,1998,8.660415154594281
IRL,1999,8.905327333430106
IRL,2000,9.150239512265932
IRL,2001,9.280911598200028
IRL,2002,9.411583684134127
IRL,2003,9.542255770068223
IRL,2004,9.672927856002323
IRL,2005,9.803599941936419
IRL,2006,9.934272027870518
IRL,2007,10.064944113804616
IRL,2008,10.195616199738716
IRL,2009,10.326288285672812
IRL,2010,10.456960371606911
IRL,2011,10.556510378864857
IRL,2012,10.656060386122805
IRL,2013,10.755610393380751
IRL,2014,10.8551604006387
IRL,2015,10.954710407896647
IRL,2016,11.06619248076644
IRL,2017,11.177529394687182
IRL,2018,11.235592974306865
IRL,2019,11.29365655392655
IRL,2020,11.351720133546232
IRL,2021,11.409783713165917
IRL,2022,11.467847292785601
IRL,2023,11.525910872405284
IRN,1990,5.572374075984184
IRN,1991,5.5876986173530785
IRN,1992,5.603023158721973
IRN,1993,5.618347700090866
IRN,1994,5.63367224145976
IRN,1995,5.648996782828656
IRN,1996,5.664321324197549
IRN,1997,5.679645865566443
IRN,1998,5.694970406935337
IRN,1999,5.710294948304232
IRN,2000,5.725619489673126
IRN,2001,5.8095066185318895
IRN,2002,5.893393747390653
IRN,2003,5.9772808762494165
IRN,2004,6.061168005108181
IRN,2005,6.1450551339669435
IRN,2006,6.228942262825708
IRN,2007,6.312829391684471
IRN,2008,6.396716520543236
IRN,2009,6.480603649401999
IRN,2010,6.5644907782607635
IRN,2011,6.5644907782607635
IRN,2012,6.5644907782607635
IRN,2013,6.5644907782607635
IRN,2014,6.5644907782607635
IRN,2015,6.5644907782607635
IRN,2016,6.570642697512217
IRN,2017,6.601540832049306
IRN,2018,6.61140215716487
IRN,2019,6.6212634822804315
IRN,2020,6.626810477657935
IRN,2021,6.635439137134052
IRN,2022,6.641602465331278
IRN,2023,6.649236117103236
IRQ,1990,1.8382605116949038
IRQ,1991,1.8414614628346708
IRQ,1992,1.844662413974438
IRQ,1993,1.8478633651142056
IRQ,1994,1.8510643162539724
IRQ,1995,1.8542652673937399
IRQ,1996,1.8574662185335074
IRQ,1997,1.8606671696732742
IRQ,1998,1.8638681208130417
IRQ,1999,1.8670690719528087
IRQ,2000,1.870270023092576
IRQ,2001,1.8718704986624597
IRQ,2002,1.8734709742323434
IRQ,2003,1.8750714498022272
IRQ,2004,1.8766719253721105
IRQ,2005,1.8782724009419942
IRQ,2006,1.8798728765118777
IRQ,2007,1.8814733520817615
IRQ,2008,1.8830738276516452
IRQ,2009,1.8979093755756122
IRQ,2010,1.8995210904402284
IRQ,2011,1.8995210904402284
IRQ,2012,1.8995210904402284
IRQ,2013,1.9003611837983265
IRQ,2014,1.9003611837983265
IRQ,2015,1.9003611837983265
IRQ,2016,1.9003611837983265
IRQ,2017,1.9003611837983265
IRQ,2018,1.9003611837983265
IRQ,2019,1.9003524289959228
IRQ,2020,1.9003524289959228
IRQ,2021,1.9003524289959228
IRQ,2022,1.9003524289959228
IRQ,2023,1.9003524289959228
ISL,1990,0.17027431421446385
ISL,1991,0.18300249376558606
ISL,1992,0.19573067331670824
ISL,1993,0.20845885286783045
ISL,1994,0.22118703241895263
ISL,1995,0.2339152119700748
ISL,1996,0.24664339152119702
ISL,1997,0.25937157107231923
ISL,1998,0.2720997506234413
ISL,1999,0.28482793017456365
ISL,2000,0.2975561097256858
ISL,2001,0.312359102244389
ISL,2002,0.32716209476309227
ISL,2003,0.3419650872817955
ISL,2004,0.3567680798004988
ISL,2005,0.371571072319202
ISL,2006,0.3863740648379052
ISL,2007,0.40117705735660847
ISL,2008,0.4159800498753117
ISL,2009,0.430783042394015
ISL,2010,0.4455860349127182
ISL,2011,0.4525486284289277
ISL,2012,0.4595112219451372
ISL,2013,0.4664738154613466
ISL,2014,0.4734364089775562
ISL,2015,0.4803990024937656
ISL,2016,0.48538653366583545
ISL,2017,0.49256857855361597
ISL,2018,0.49628086878905087
ISL,2019,0.5027273628880293
ISL,2020,0.5092730338192998
ISL,2021,0.5157195279182782
ISL,2022,0.5222651988495488
ISL,2023,0.5287444213031836
ISR,1990,6.099815157116451
ISR,1991,6.196857670979667
ISR,1992,6.293900184842884
ISR,1993,6.390942698706099
ISR,1994,6.487985212569317
ISR,1995,6.585027726432532
ISR,1996,6.682070240295748
ISR,1997,6.779112754158965
ISR,1998,6.876155268022181
ISR,1999,6.973197781885397
ISR,2000,7.070240295748614
ISR,2001,7.074861367837339
ISR,2002,7.079482439926063
ISR,2003,7.084103512014788
ISR,2004,7.088724584103511
ISR,2005,7.093345656192236
ISR,2006,7.09796672828096
ISR,2007,7.102587800369687
ISR,2008,7.10720887245841
ISR,2009,7.111829944547135
ISR,2010,7.116451016635859
ISR,2011,7.218114602587801
ISR,2012,7.3197781885397415
ISR,2013,7.421441774491683
ISR,2014,7.523105360443623
ISR,2015,7.624768946395563
ISR,2016,6.469500924214418
ISR,2017,6.469500924214418
ISR,2018,6.469500924214418
ISR,2019,6.469500924214418
ISR,2020,6.469500924214418
ISR,2021,6.469500924214418
ISR,2022,6.469500924214418
ISR,2023,6.469500924214418
ITA,1990,25.80582095134473
ITA,1991,26.0708578423039
ITA,1992,26.335894733263064
ITA,1993,26.60093162422223
ITA,1994,26.865968515181393
ITA,1995,27.131005406140556
ITA,1996,27.396042297099726
ITA,1997,27.661079188058892
ITA,1998,27.926116079018055
ITA,1999,28.191152969977217
ITA,2000,28.301456116976308
ITA,2001,28.524232545871403
ITA,2002,28.7470089747665
ITA,2003,28.969785403661596
ITA,2004,29.192561832556695
ITA,2005,29.41533826145179
ITA,2006,29.638114690346885
ITA,2007,29.860891119241977
ITA,2008,30.08366754813708
ITA,2009,30.30644397703217
ITA,2010,30.529220405927266
ITA,2011,30.71117754076519
ITA,2012,30.893134675603108
ITA,2013,31.07509181044103
ITA,2014,31.25704894527895
ITA,2015,31.439006080116872
ITA,2016,31.62096997815486
ITA,2017,31.802933876192856
ITA,2018,31.98489777423086
ITA,2019,32.16697044809734
ITA,2020,32.34893496146653
ITA,2021,32.530899474835735
ITA,2022,32.71253212498309
ITA,2023,32.89449479237116
JAM,1990,48.13296398891967
JAM,1991,48.130378578024015
JAM,1992,48.127793167128345
JAM,1993,48.12520775623268
JAM,1994,48.12262234533703
JAM,1995,48.120036934441366
JAM,1996,48.117451523545704
JAM,1997,48.11486611265005
JAM,1998,48.112280701754386
JAM,1999,48.109695290858724
JAM,2000,48.10710987996307
JAM,2001,48.45290858725762
JAM,2002,48.798707294552166
JAM,2003,49.14450600184673
JAM,2004,49.49030470914128
JAM,2005,49.836103416435826
JAM,2006,50.18190212373038
JAM,2007,50.52770083102492
JAM,2008,50.873499538319486
JAM,2009,51.21929824561404
JAM,2010,51.56509695290858
JAM,2011,51.91615881809788
JAM,2012,52.267220683287164
JAM,2013,52.61828254847646
JAM,2014,52.969344413665745
JAM,2015,53.32040627885504
JAM,2016,53.6786703601108
JAM,2017,54.03785780240074
JAM,2018,54.397045244690666
JAM,2019,54.75530932594644
JAM,2020,55.11449676823638
JAM,2021,55.47306555863343
JAM,2022,55.83204986149585
JAM,2023,56.19075715604801
JOR,1990,1.10494106980961
JOR,1991,1.10494106980961
JOR,1992,1.10494106980961
JOR,1993,1.10494106980961
JOR,1994,1.10494106980961
JOR,1995,1.10494106980961
JOR,1996,1.10494106980961
JOR,1997,1.10494106980961
JOR,1998,1.10494106980961
JOR,1999,1.10494106980961
JOR,2000,1.10494106980961
JOR,2001,1.10494106980961
JOR,2002,1.10494106980961
JOR,2003,1.10494106980961
JOR,2004,1.10494106980961
JOR,2005,1.10494106980961
JOR,2006,1.10494106980961
JOR,2007,1.10494106980961
JOR,2008,1.10494106980961
JOR,2009,1.0982203198918676
JOR,2010,1.0982203198918676
JOR,2011,1.0982203198918676
JOR,2012,1.0982203198918676
JOR,2013,1.0982203198918676
JOR,2014,1.0982203198918676
JOR,2015,1.0982203198918676
JOR,2016,1.0982203198918676
JOR,2017,1.0982203198918676
JOR,2018,1.0982203198918676
JOR,2019,1.09804716534901
JOR,2020,1.09804716534901
JOR,2021,1.09804716534901
JOR,2022,1.09804716534901
JOR,2023,1.09804716534901
JPN,1990,68.43115743280308
JPN,1991,68.4108612177729
JPN,1992,68.39056500274273
JPN,1993,68.37026878771256
JPN,1994,68.34997257268239
JPN,1995,68.32967635765222
JPN,1996,68.32812071330589
JPN,1997,68.30781893004115
JPN,1998,68.28751714677641
JPN,1999,68.26721536351165
JPN,2000,68.24691358024691
JPN,2001,68.27160493827161
JPN,2002,68.2962962962963
JPN,2003,68.32098765432099
JPN,2004,68.34567901234568
JPN,2005,68.37037037037037
JPN,2006,68.39506172839506
JPN,2007,68.41975308641976
JPN,2008,68.44444444444444
JPN,2009,68.46913580246914
JPN,2010,68.49382716049382
JPN,2011,68.48175582990397
JPN,2012,68.46968449931413
JPN,2013,68.45761316872428
JPN,2014,68.44554183813443
JPN,2015,68.43347050754458
JPN,2016,68.42249657064473
JPN,2017,68.40877914951989
JPN,2018,68.40877914951989
JPN,2019,68.40877914951989
JPN,2020,68.40877914951989
JPN,2021,68.40877914951989
JPN,2022,68.40877914951989
JPN,2023,68.39578113646276
KAZ,1992,1.1709378819868876
KAZ,1993,1.1707408600955662
KAZ,1994,1.170543838204245
KAZ,1995,1.1703468163129236
KAZ,1996,1.1701497944216024
KAZ,1997,1.1699527725302812
KAZ,1998,1.16975575063896
KAZ,1999,1.1695587287476388
KAZ,2000,1.1693617068563174
KAZ,2001,1.1665930288550581
KAZ,2002,1.1638243138126458
KAZ,2003,1.1610556358113864
KAZ,2004,1.158286957810127
KAZ,2005,1.1555182798088677
KAZ,2006,1.1527495647664554
KAZ,2007,1.1499808867651962
KAZ,2008,1.1472122087639365
KAZ,2009,1.1444434937215247
KAZ,2010,1.1416748157202652
KAZ,2011,1.1584379375486165
KAZ,2012,1.1752010223358151
KAZ,2013,1.1919641071230138
KAZ,2014,1.2087272289513649
KAZ,2015,1.2254903137385638
KAZ,2016,1.2363262584731636
KAZ,2017,1.2471607956439603
KAZ,2018,1.2579920731933179
KAZ,2019,1.26882246175501
KAZ,2020,1.2796532948105346
KAZ,2021,1.2904838315368377
KAZ,2022,1.301314553468904
KAZ,2023,1.3121451642775124
KEN,1990,6.779597287134975
KEN,1991,6.797633271251362
KEN,1992,6.815669255367747
KEN,1993,6.833705239484134
KEN,1994,6.85174122360052
KEN,1995,6.869777207716907
KEN,1996,6.887813191833294
KEN,1997,6.905849175949679
KEN,1998,6.923885160066065
KEN,1999,6.94192114418245
KEN,2000,6.959957128298837
KEN,2001,6.899365709667219
KEN,2002,6.838774291035597
KEN,2003,6.778182872403978
KEN,2004,6.717591453772358
KEN,2005,6.657000035140739
KEN,2006,6.59640861650912
KEN,2007,6.535817197877498
KEN,2008,6.47522577924588
KEN,2009,6.414634360614261
KEN,2010,6.354042941982641
KEN,2011,6.321035246160875
KEN,2012,6.288027550339108
KEN,2013,6.255019854517342
KEN,2014,6.222012158695576
KEN,2015,6.167806623771955
KEN,2016,6.198336940044369
KEN,2017,6.228659541608236
KEN,2018,6.258776541074821
KEN,2019,6.2376294489612345
KEN,2020,6.216624778804023
KEN,2021,6.216624778804023
KEN,2022,6.216624778804023
KEN,2023,6.216624778804023
KGZ,1992,5.971418143899896
KGZ,1993,5.9946079249217945
KGZ,1994,6.017797184567257
KGZ,1995,6.040986965589156
KGZ,1996,6.064176225234619
KGZ,1997,6.087365484880083
KGZ,1998,6.110555265901981
KGZ,1999,6.133745046923879
KGZ,2000,6.156934306569343
KGZ,2001,6.182367049009385
KGZ,2002,6.2077997914494265
KGZ,2003,6.233232533889469
KGZ,2004,6.25866527632951
KGZ,2005,6.284098018769551
KGZ,2006,6.309530761209594
KGZ,2007,6.334963503649635
KGZ,2008,6.360396246089676
KGZ,2009,6.385828988529719
KGZ,2010,6.41126173096976
KGZ,2011,6.434337851929092
KGZ,2012,6.457413972888425
KGZ,2013,6.4804900938477585
KGZ,2014,6.503566214807091
KGZ,2015,6.526642335766423
KGZ,2016,6.549739311783107
KGZ,2017,6.5728060479666315
KGZ,2018,6.6678832116788325
KGZ,2019,6.762982273201251
KGZ,2020,6.85808133472367
KGZ,2021,6.953180396246091
KGZ,2022,7.048279457768509
KGZ,2023,7.143378519290929
KHM,1990,62.34302062089281
KHM,1991,62.21624178563335
KHM,1992,62.0894629503739
KHM,1993,61.96268411511443
KHM,1994,61.83590527985498
KHM,1995,61.709126444595505
KHM,1996,61.582347609336054
KHM,1997,61.45556877407658
KHM,1998,61.32878993881713
KHM,1999,61.202011103557666
KHM,2000,61.07523226829821
KHM,2001,60.966593020620884
KHM,2002,60.85795377294359
KHM,2003,60.749314525266264
KHM,2004,60.64067527758894
KHM,2005,60.532036029911616
KHM,2006,60.423396782234306
KHM,2007,60.314757534556996
KHM,2008,60.20611828687967
KHM,2009,60.09747903920236
KHM,2010,59.98883979152504
KHM,2011,58.01466122818943
KHM,2012,56.04048266485384
KHM,2013,54.066304101518234
KHM,2014,52.09212553818264
KHM,2015,50.11794697484704
KHM,2016,49.235950600498526
KHM,2017,48.35395422615001
KHM,2018,47.47195785180149
KHM,2019,46.58996147745299
KHM,2020,45.70796510310446
KHM,2021,44.82596872875595
KHM,2022,43.94397235440743
KHM,2023,43.06197598005891
KIR,1990,1.4567901234567904
KIR,1991,1.4567901234567904
KIR,1992,1.4567901234567904
KIR,1993,1.4567901234567904
KIR,1994,1.4567901234567904
KIR,1995,1.4567901234567904
KIR,1996,1.4567901234567904
KIR,1997,1.4567901234567904
KIR,1998,1.4567901234567904
KIR,1999,1.4567901234567904
KIR,2000,1.4567901234567904
KIR,2001,1.4567901234567904
KIR,2002,1.4567901234567904
KIR,2003,1.4567901234567904
KIR,2004,1.4567901234567904
KIR,2005,1.4567901234567904
KIR,2006,1.4567901234567904
KIR,2007,1.4567901234567904
KIR,2008,1.4567901234567904
KIR,2009,1.4567901234567904
KIR,2010,1.4567901234567904
KIR,2011,1.4567901234567904
KIR,2012,1.4567901234567904
KIR,2013,1.4567901234567904
KIR,2014,1.4567901234567904
KIR,2015,1.4567901234567904
KIR,2016,1.4567901234567904
KIR,2017,1.4567901234567904
KIR,2018,1.4567901234567904
KIR,2019,1.4567901234567904
KIR,2020,1.4567901234567904
KIR,2021,1.4567901234567904
KIR,2022,1.4567901234567904
KIR,2023,1.4567901234567904
KNA,1990,42.30769230769231
KNA,1991,42.30769230769231
KNA,1992,42.30769230769231
KNA,1993,42.30769230769231
KNA,1994,42.30769230769231
KNA,1995,42.30769230769231
KNA,1996,42.30769230769231
KNA,1997,42.30769230769231
KNA,1998,42.30769230769231
KNA,1999,42.30769230769231
KNA,2000,42.30769230769231
KNA,2001,42.30769230769231
KNA,2002,42.30769230769231
KNA,2003,42.30769230769231
KNA,2004,42.30769230769231
KNA,2005,42.30769230769231
KNA,2006,42.30769230769231
KNA,2007,42.30769230769231
KNA,2008,42.30769230769231
KNA,2009,42.30769230769231
KNA,2010,42.30769230769231
KNA,2011,42.30769230769231
KNA,2012,42.30769230769231
KNA,2013,42.30769230769231
KNA,2014,42.30769230769231
KNA,2015,42.30769230769231
KNA,2016,42.30769230769231
KNA,2017,42.30769230769231
KNA,2018,42.30769230769231
KNA,2019,42.30769230769231
KNA,2020,42.30769230769231
KNA,2021,42.30769230769231
KNA,2022,42.30769230769231
KNA,2023,42.30769230769231
KOR,1990,67.91416131038773
KOR,1991,67.83640887414472
KOR,1992,67.75865643790172
KOR,1993,67.68090400165872
KOR,1994,67.60315156541571
KOR,1995,67.52539912917271
KOR,1996,67.44764669292971
KOR,1997,67.3698942566867
KOR,1998,67.2921418204437
KOR,1999,67.2143893842007
KOR,2000,67.13663694795771
KOR,2001,66.85032044655779
KOR,2002,66.72383510693254
KOR,2003,66.625
KOR,2004,66.5193141912828
KOR,2005,66.40681466184823
KOR,2006,66.2943848059455
KOR,2007,66.17519603796947
KOR,2008,66.03567378080214
KOR,2009,65.89635277148156
KOR,2010,65.70987654320987
KOR,2011,65.61374627019241
KOR,2012,65.43006885212208
KOR,2013,65.24952271467576
KOR,2014,65.1442060966848
KOR,2015,65.03155626250705
KOR,2016,64.87911456677163
KOR,2017,64.78309916931597
KOR,2018,64.67391304347827
KOR,2019,64.51844262295083
KOR,2020,64.41598360655738
KOR,2021,64.31352459016394
KOR,2022,64.21106557377048
KOR,2023,64.10860655737704
KWT,1990,0.1936026936026936
KWT,1991,0.20145903479236812
KWT,1992,0.2093153759820426
KWT,1993,0.21717171717171718
KWT,1994,0.2250280583613917
KWT,1995,0.23288439955106624
KWT,1996,0.24074074074074073
KWT,1997,0.24859708193041524
KWT,1998,0.2564534231200898
KWT,1999,0.26430976430976433
KWT,2000,0.2721661054994388
KWT,2001,0.28002244668911336
KWT,2002,0.28787878787878785
KWT,2003,0.29573512906846244
KWT,2004,0.30359147025813693
KWT,2005,0.3114478114478114
KWT,2006,0.31930415263748596
KWT,2007,0.3271604938271605
KWT,2008,0.33501683501683505
KWT,2009,0.34287317620650953
KWT,2010,0.3507295173961841
KWT,2011,0.3507295173961841
KWT,2012,0.3507295173961841
KWT,2013,0.3507295173961841
KWT,2014,0.3507295173961841
KWT,2015,0.3507295173961841
KWT,2016,0.3507295173961841
KWT,2017,0.3507295173961841
KWT,2018,0.3507295173961841
KWT,2019,0.3507295173961841
KWT,2020,0.3507295173961841
KWT,2021,0.3507295173961841
KWT,2022,0.3507295173961841
KWT,2023,0.3507295173961841
LAC,1990,54.371186261858085
LAC,1991,54.07756852842896
LAC,1992,53.78395079499984
LAC,1993,53.490333061570716
LAC,1994,53.19671532814159
LAC,1995,52.90309759471247
LAC,1996,52.60947986128335
LAC,1997,52.31586212785423
LAC,1998,52.105029515290425
LAC,1999,51.81094453597768
LAC,2000,51.51685955666493
LAC,2001,51.21039955572402
LAC,2002,50.90681245469099
LAC,2003,50.60030688297368
LAC,2004,50.29380165379979
LAC,2005,49.98724090263724
LAC,2006,49.680792223079905
LAC,2007,49.37428802153278
LAC,2008,49.067811580980546
LAC,2009,48.76133514042831
LAC,2010,48.45485869987608
LAC,2011,48.28982419532101
LAC,2012,48.12651046226641
LAC,2013,47.969130030615325
LAC,2014,47.80575093585735
LAC,2015,47.64162267673276
LAC,2016,47.47540802337303
LAC,2017,47.28123902531799
LAC,2018,47.14888973199107
LAC,2019,47.005137463915005
LAC,2020,46.866426247266844
LAC,2021,46.72415761811469
LAC,2022,46.58761399071788
LAO,1990,77.30935875216637
LAO,1991,77.12824956672443
LAO,1992,76.9471403812825
LAO,1993,76.76603119584055
LAO,1994,76.58492201039861
LAO,1995,76.40381282495667
LAO,1996,76.22270363951473
LAO,1997,76.0415944540728
LAO,1998,75.86048526863085
LAO,1999,75.67937608318891
LAO,2000,75.49826689774697
LAO,2001,75.28834488734836
LAO,2002,75.07842287694973
LAO,2003,74.86850086655113
LAO,2004,74.65857885615252
LAO,2005,74.4486568457539
LAO,2006,74.23873483535529
LAO,2007,74.02881282495667
LAO,2008,73.81889081455806
LAO,2009,73.60896880415945
LAO,2010,73.39904679376083
LAO,2011,73.24956672443675
LAO,2012,73.10008665511265
LAO,2013,72.95060658578856
LAO,2014,72.80112651646448
LAO,2015,72.65164644714038
LAO,2016,72.5021663778163
LAO,2017,72.3526863084922
LAO,2018,72.20320623916811
LAO,2019,72.05372616984403
LAO,2020,71.90424610051993
LAO,2021,71.75476603119584
LAO,2022,71.60528596187174
LAO,2023,71.45580589254766
LBN,1990,13.655913978494624
LBN,1991,13.641055718475073
LBN,1992,13.626197458455525
LBN,1993,13.611339198435973
LBN,1994,13.596480938416422
LBN,1995,13.581622678396874
LBN,1996,13.566764418377323
LBN,1997,13.55190615835777
LBN,1998,13.53704789833822
LBN,1999,13.522189638318672
LBN,2000,13.50733137829912
LBN,2001,13.49921798631476
LBN,2002,13.491104594330402
LBN,2003,13.482991202346039
LBN,2004,13.474877810361683
LBN,2005,13.466764418377322
LBN,2006,13.458651026392962
LBN,2007,13.450537634408603
LBN,2008,13.442424242424245
LBN,2009,13.434310850439882
LBN,2010,13.42619745845552
LBN,2011,13.484457478005865
LBN,2012,13.54271749755621
LBN,2013,13.60097751710655
LBN,2014,13.65923753665689
LBN,2015,13.717497556207233
LBN,2016,13.776148582600195
LBN,2017,13.834799608993157
LBN,2018,13.893450635386117
LBN,2019,13.952101661779082
LBN,2020,14.010752688172042
LBN,2021,14.069403714565004
LBN,2022,14.128054740957966
LBN,2023,14.18670576735093
LBR,1990,88.50955149501661
LBR,1991,88.19539036544852
LBR,1992,87.8812292358804
LBR,1993,87.56706810631229
LBR,1994,87.25290697674419
LBR,1995,86.93874584717607
LBR,1996,86.62458471760797
LBR,1997,86.31042358803987
LBR,1998,85.99626245847176
LBR,1999,85.68210132890366
LBR,2000,85.36794019933555
LBR,2001,85.05377906976744
LBR,2002,84.73961794019932
LBR,2003,84.42545681063123
LBR,2004,84.11129568106313
LBR,2005,83.797134551495
LBR,2006,83.48297342192691
LBR,2007,83.1688122923588
LBR,2008,82.8546511627907
LBR,2009,82.5404900332226
LBR,2010,82.22632890365448
LBR,2011,81.91216777408638
LBR,2012,81.59800664451828
LBR,2013,81.28384551495017
LBR,2014,80.96968438538205
LBR,2015,80.65552325581395
LBR,2016,80.34136212624585
LBR,2017,80.02720099667773
LBR,2018,79.71303986710964
LBR,2019,79.39887873754152
LBR,2020,79.08471760797342
LBR,2021,78.77055647840533
LBR,2022,78.4563953488372
LBR,2023,78.14223421926911
LBY,1990,0.12332768791843322
LBY,1991,0.12332768791843322
LBY,1992,0.12332768791843322
LBY,1993,0.12332768791843322
LBY,1994,0.12332768791843322
LBY,1995,0.12332768791843322
LBY,1996,0.12332768791843322
LBY,1997,0.12332768791843322
LBY,1998,0.12332768791843322
LBY,1999,0.12332768791843322
LBY,2000,0.12332768791843322
LBY,2001,0.12332768791843322
LBY,2002,0.12332768791843322
LBY,2003,0.12332768791843322
LBY,2004,0.12332768791843322
LBY,2005,0.12332768791843322
LBY,2006,0.12332768791843322
LBY,2007,0.12332768791843322
LBY,2008,0.12332768791843322
LBY,2009,0.12332768791843322
LBY,2010,0.12332768791843322
LBY,2011,0.12332768791843322
LBY,2012,0.12332768791843322
LBY,2013,0.12332768791843322
LBY,2014,0.12332768791843322
LBY,2015,0.12332768791843322
LBY,2016,0.12332768791843322
LBY,2017,0.12332768791843322
LBY,2018,0.12332768791843322
LBY,2019,0.12332768791843322
LBY,2020,0.12332768791843322
LBY,2021,0.12332768791843322
LBY,2022,0.12332768791843322
LBY,2023,0.12332768791843322
LCA,1990,34.868852459016395
LCA,1991,34.82622950819672
LCA,1992,34.78360655737705
LCA,1993,34.74098360655737
LCA,1994,34.6983606557377
LCA,1995,34.65573770491803
LCA,1996,34.613114754098355
LCA,1997,34.570491803278685
LCA,1998,34.527868852459015
LCA,1999,34.485245901639345
LCA,2000,34.442622950819676
LCA,2001,34.403278688524594
LCA,2002,34.363934426229505
LCA,2003,34.324590163934424
LCA,2004,34.28524590163934
LCA,2005,34.24590163934426
LCA,2006,34.20655737704918
LCA,2007,34.1672131147541
LCA,2008,34.12786885245902
LCA,2009,34.088524590163935
LCA,2010,34.04918032786885
LCA,2011,34.04918032786885
LCA,2012,34.04918032786885
LCA,2013,34.04918032786885
LCA,2014,34.04918032786885
LCA,2015,34.04918032786885
LCA,2016,34.04918032786885
LCA,2017,34.04918032786885
LCA,2018,34.04918032786885
LCA,2019,34.04918032786885
LCA,2020,34.04918032786885
LCA,2021,34.04918032786885
LCA,2022,34.04918032786885
LCA,2023,34.04918032786885
LCN,1990,53.297644396373705
LCN,1991,53.02606607556417
LCN,1992,52.754487754754635
LCN,1993,52.4829094339451
LCN,1994,52.21133111313557
LCN,1995,51.93975279232603
LCN,1996,51.668174471516494
LCN,1997,51.39659615070697
LCN,1998,51.19765018751614
LCN,1999,50.92568604046037
LCN,2000,50.65372189340459
LCN,2001,50.37780802282594
LCN,2002,50.1044185284893
LCN,2003,49.82846589861086
LCN,2004,49.552513544055536
LCN,2005,49.276512300747875
LCN,2006,49.00060966091255
LCN,2007,48.72465813232408
LCN,2008,48.44873104811218
LCN,2009,48.17280396390027
LCN,2010,47.89687687968837
LCN,2011,47.75041983808036
LCN,2012,47.60665938625572
LCN,2013,47.468140824136846
LCN,2014,47.324844781583145
LCN,2015,47.18036576830132
LCN,2016,47.03228462687524
LCN,2017,46.860174730363894
LCN,2018,46.74435299037262
LCN,2019,46.61971053425795
LCN,2020,46.50080541348414
LCN,2021,46.37790129566114
LCN,2022,46.26063581167235
LDC,1990,34.894023080561965
LDC,1991,34.737968808674744
LDC,1992,34.58191453678753
LDC,1993,33.425140269296946
LDC,1994,33.27448721321424
LDC,1995,33.12383415713154
LDC,1996,32.97318110669534
LDC,1997,32.82252805061265
LDC,1998,32.671874994529944
LDC,1999,32.52122193844723
LDC,2000,32.369929161925334
LDC,2001,32.205468083680366
LDC,2002,32.04100700543539
LDC,2003,31.876545927190428
LDC,2004,31.44846353545559
LDC,2005,31.285395540786652
LDC,2006,31.122123550167956
LDC,2007,30.95886301281224
LDC,2008,30.796198445281686
LDC,2009,30.633065515088457
LDC,2010,30.468865814996885
LDC,2011,30.258214462281366
LDC,2012,27.67946719430662
LDC,2013,27.48673551773466
LDC,2014,27.29392009061408
LDC,2015,27.100969886151212
LDC,2016,26.908023845142043
LDC,2017,26.71877888260327
LDC,2018,26.531512703927707
LDC,2019,26.340636647533668
LDC,2020,26.15181497133161
LDC,2021,25.961604131924766
LDC,2022,25.772259703992443
LIC,1990,27.39872523178844
LIC,1991,27.269379132582806
LIC,1992,27.140033033377172
LIC,1993,26.867616641762663
LIC,1994,26.739163117320388
LIC,1995,26.610709592878116
LIC,1996,26.48225606843584
LIC,1997,26.35380254399357
LIC,1998,26.225349019551288
LIC,1999,26.096895495109024
LIC,2000,25.96844197066675
LIC,2001,25.84552382222687
LIC,2002,25.722605673786987
LIC,2003,25.600125886037446
LIC,2004,25.431451310122373
LIC,2005,25.308654585260165
LIC,2006,25.185867857864057
LIC,2007,25.063082278660932
LIC,2008,24.940328260742998
LIC,2009,24.817603347788534
LIC,2010,24.693360535073907
LIC,2011,24.533627913629974
LIC,2012,21.8743075632478
LIC,2013,21.73165410298311
LIC,2014,21.588976675159604
LIC,2015,21.446195522846775
LIC,2016,21.295591694072716
LIC,2017,21.150973059733023
LIC,2018,21.009363896680775
LIC,2019,20.86242615606457
LIC,2020,20.71847079470531
LIC,2021,20.572509519200985
LIC,2022,20.425520345526014
LIE,1990,40.625
LIE,1991,40.75
LIE,1992,40.875
LIE,1993,41.0
LIE,1994,41.125
LIE,1995,41.25
LIE,1996,41.375
LIE,1997,41.5
LIE,1998,41.625
LIE,1999,41.75
LIE,2000,41.875
LIE,2001,41.874375
LIE,2002,41.87375
LIE,2003,41.87375
LIE,2004,41.873125
LIE,2005,41.8725
LIE,2006,41.871875
LIE,2007,41.87125
LIE,2008,41.87125
LIE,2009,41.870625
LIE,2010,41.87
LIE,2011,41.87125
LIE,2012,41.871875
LIE,2013,41.873125
LIE,2014,41.87375
LIE,2015,41.875
LIE,2016,41.875
LIE,2017,41.875
LIE,2018,41.875
LIE,2019,41.875
LIE,2020,41.875
LIE,2021,41.875
LIE,2022,41.875
LIE,2023,41.875
LKA,1990,37.47934938606283
LKA,1991,37.18607877531494
LKA,1992,36.89280816456705
LKA,1993,36.59953755381917
LKA,1994,36.30626694307128
LKA,1995,36.0129963323234
LKA,1996,35.71972572157551
LKA,1997,35.42645511082762
LKA,1998,35.133184500079736
LKA,1999,34.83991388933185
LKA,2000,34.54664327858396
LKA,2001,34.446499760803704
LKA,2002,34.34635624302344
LKA,2003,34.24621272524318
LKA,2004,34.14606920746293
LKA,2005,34.04592568968267
LKA,2006,33.94578217190241
LKA,2007,33.84563865412215
LKA,2008,33.745495136341894
LKA,2009,33.645351618561634
LKA,2010,33.54520810078137
LKA,2011,33.62557805772604
LKA,2012,33.7059480146707
LKA,2013,33.786317971615375
LKA,2014,33.86668792856003
LKA,2015,34.39516585074241
LKA,2016,34.344109996283905
LKA,2017,34.29305414182541
LKA,2018,34.25804991594465
LKA,2019,34.20671024903309
LKA,2020,34.15809893307469
LKA,2021,34.10701584222438
LKA,2022,34.055932751374066
LKA,2023,34.00484966052377
LMC,1990,34.10715633679722
LMC,1991,34.005822716081745
LMC,1992,32.753613108487514
LMC,1993,32.656710637581654
LMC,1994,32.57186451090501
LMC,1995,32.47492616399186
LMC,1996,32.37798781707872
LMC,1997,32.28104945946838
LMC,1998,32.18411110185805
LMC,1999,32.0871727495963
LMC,2000,31.996249791231854
LMC,2001,31.883214987544513
LMC,2002,31.771056902096475
LMC,2003,31.65884829948874
LMC,2004,31.548849713385405
LMC,2005,31.431210749559835
LMC,2006,31.318018185880984
LMC,2007,31.20503011854832
LMC,2008,31.09194161155144
LMC,2009,30.978072634103636
LMC,2010,30.864273876088035
LMC,2011,30.742371331115933
LMC,2012,30.62032545750076
LMC,2013,30.499184858546023
LMC,2014,30.378491868114562
LMC,2015,30.249987291639854
LMC,2016,30.1409037864416
LMC,2017,30.019441541129073
LMC,2018,29.8984889870299
LMC,2019,29.777046996893233
LMC,2020,29.656508968693576
LMC,2021,29.53535555781985
LMC,2022,29.42362063944397
LMY,1992,30.915369793530683
LMY,1993,30.778929316682238
LMY,1994,30.672405282156028
LMY,1995,30.562976782810026
LMY,1996,30.45354570118518
LMY,1997,30.3441083357955
LMY,1998,30.246485272418596
LMY,1999,30.137162208035836
LMY,2000,30.002161687827275
LMY,2001,29.917003580157477
LMY,2002,29.83246655320051
LMY,2003,29.74462611424499
LMY,2004,29.652213415348715
LMY,2005,29.56592668104307
LMY,2006,29.48474414642933
LMY,2007,29.400438738761896
LMY,2008,29.316023864756822
LMY,2009,29.232645821889548
LMY,2010,29.147857923859696
LMY,2011,29.072350760191643
LMY,2012,28.396848929127685
LMY,2013,28.322927307745573
LMY,2014,28.248194833919793
LMY,2015,28.17155572212595
LMY,2016,28.112793417523218
LMY,2017,28.025024128664015
LMY,2018,27.95976139328212
LMY,2019,27.89076500248881
LMY,2020,27.82453846731143
LMY,2021,27.750529184926293
LMY,2022,27.684785188848547
LSO,1990,1.137022397891963
LSO,1991,1.137022397891963
LSO,1992,1.137022397891963
LSO,1993,1.137022397891963
LSO,1994,1.137022397891963
LSO,1995,1.137022397891963
LSO,1996,1.137022397891963
LSO,1997,1.137022397891963
LSO,1998,1.137022397891963
LSO,1999,1.137022397891963
LSO,2000,1.137022397891963
LSO,2001,1.137022397891963
LSO,2002,1.137022397891963
LSO,2003,1.137022397891963
LSO,2004,1.137022397891963
LSO,2005,1.137022397891963
LSO,2006,1.137022397891963
LSO,2007,1.137022397891963
LSO,2008,1.137022397891963
LSO,2009,1.137022397891963
LSO,2010,1.137022397891963
LSO,2011,1.137022397891963
LSO,2012,1.137022397891963
LSO,2013,1.137022397891963
LSO,2014,1.137022397891963
LSO,2015,1.137022397891963
LSO,2016,1.137022397891963
LSO,2017,1.137022397891963
LSO,2018,1.137022397891963
LSO,2019,1.137022397891963
LSO,2020,1.137022397891963
LSO,2021,1.137022397891963
LSO,2022,1.137022397891963
LSO,2023,1.137022397891963
LTE,1992,39.85446543661778
LTE,1993,39.81796548214484
LTE,1994,39.78279386255999
LTE,1995,39.74598637318365
LTE,1996,39.70685900800206
LTE,1997,39.6667577387826
LTE,1998,39.62497654736161
LTE,1999,39.57941628183943
LTE,2000,39.559354751583314
LTE,2001,39.542334955234075
LTE,2002,39.52441565871772
LTE,2003,39.50050466508602
LTE,2004,39.48255762683951
LTE,2005,39.46217969650727
LTE,2006,39.43104432016529
LTE,2007,39.4147814308712
LTE,2008,39.398612308660425
LTE,2009,39.381799450837185
LTE,2010,39.36475764358807
LTE,2011,39.384238603135984
LTE,2012,39.403686409620356
LTE,2013,39.42257689118934
LTE,2014,39.44180599758955
LTE,2015,39.46198322887359
LTE,2016,39.47928850276638
LTE,2017,39.481040667708285
LTE,2018,39.4998201303943
LTE,2019,39.51436718065295
LTE,2020,39.53329434553572
LTE,2021,39.54829535952018
LTE,2022,39.56418812792182
LTU,1992,31.26994256541161
LTU,1993,31.389597957881303
LTU,1994,31.509253350350992
LTU,1995,31.628908742820677
LTU,1996,31.748564135290362
LTU,1997,31.86821952776005
LTU,1998,31.987874920229736
LTU,1999,32.10753031269943
LTU,2000,32.22718570516911
LTU,2001,32.46649649010849
LTU,2002,32.70580727504786
LTU,2003,32.94511805998724
LTU,2004,33.184428844926614
LTU,2005,33.423739629865985
LTU,2006,33.66305041480536
LTU,2007,33.90236119974473
LTU,2008,34.144395692062226
LTU,2009,34.38372556840846
LTU,2010,34.623055444754684
LTU,2011,34.677856846539235
LTU,2012,34.732105817404346
LTU,2013,34.78579976067012
LTU,2014,34.85395051875499
LTU,2015,34.90822027134876
LTU,2016,34.960569585900835
LTU,2017,35.056911607413674
LTU,2018,35.09500239501836
LTU,2019,35.13254551261578
LTU,2020,35.148514851485146
LTU,2021,35.180749081616355
LTU,2022,35.20364353715417
LTU,2023,35.23015015974441
LUX,2000,33.67696526650249
LUX,2001,33.75465146088889
LUX,2002,33.83233765527528
LUX,2003,33.91002384966168
LUX,2004,33.98771004404807
LUX,2005,34.06539623843447
LUX,2006,34.14308243282086
LUX,2007,34.220768627207256
LUX,2008,34.29845482159365
LUX,2009,34.376141015980046
LUX,2010,34.45382721036644
LUX,2011,34.45382721036644
LUX,2012,34.45382721036644
LUX,2013,34.45382721036644
LUX,2014,34.45382721036644
LUX,2015,34.45382721036644
LUX,2016,34.45382721036644
LUX,2017,34.45382721036644
LUX,2018,34.45382721036644
LUX,2019,34.45382721036644
LUX,2020,34.45382721036644
LUX,2021,34.45382721036644
LUX,2022,34.45382721036644
LUX,2023,34.45382721036644
LVA,1992,51.209282144406764
LVA,1993,51.31855946775515
LVA,1994,51.427836791103545
LVA,1995,51.537114114451924
LVA,1996,51.64639143780031
LVA,1997,51.7556687611487
LVA,1998,51.864946084497085
LVA,1999,51.974223407845464
LVA,2000,52.08350073119385
LVA,2001,52.294213122920915
LVA,2002,52.50492551464798
LVA,2003,52.71563790637504
LVA,2004,52.92635029810212
LVA,2005,53.13706268982917
LVA,2006,53.347775081556236
LVA,2007,53.5584874732833
LVA,2008,53.769199865010364
LVA,2009,53.97991225673743
LVA,2010,54.19062464846449
LVA,2011,54.25271988043775
LVA,2012,54.31481511241102
LVA,2013,54.37691034438428
LVA,2014,54.43900557635754
LVA,2015,54.50110080833079
LVA,2016,54.563292461471704
LVA,2017,54.62548411461263
LVA,2018,54.687675767753554
LVA,2019,54.74986742089446
LVA,2020,54.80941668005785
LVA,2021,54.871605335047406
LVA,2022,54.93379399003696
LVA,2023,54.99598264502652
MAF,2011,24.8
MAF,2012,24.8
MAF,2013,24.8
MAF,2014,24.8
MAF,2015,24.8
MAF,2016,24.8
MAF,2017,24.8
MAF,2018,24.8
MAF,2019,24.8
MAF,2020,24.8
MAF,2021,24.8
MAF,2022,24.8
MAF,2023,24.8
MAR,1990,12.290589289715438
MAR,1991,12.295350660990366
MAR,1992,12.300112032265293
MAR,1993,12.30487340354022
MAR,1994,12.309634774815146
MAR,1995,12.314396146090074
MAR,1996,12.319157517365001
MAR,1997,12.323918888639929
MAR,1998,12.328680259914854
MAR,1999,12.333441631189784
MAR,2000,12.338203002464711
MAR,2001,12.375852565538874
MAR,2002,12.413502128613041
MAR,2003,12.451151691687205
MAR,2004,12.488801254761372
MAR,2005,12.526450817835538
MAR,2006,12.564100380909702
MAR,2007,12.601749943983867
MAR,2008,12.639399507058032
MAR,2009,12.677049070132199
MAR,2010,12.714698633206362
MAR,2011,12.719233699305402
MAR,2012,12.723768765404436
MAR,2013,12.728303831503474
MAR,2014,12.73283889760251
MAR,2015,12.737373963701545
MAR,2016,12.771207707819855
MAR,2017,12.79764732242886
MAR,2018,12.820053775487342
MAR,2019,12.843580551198746
MAR,2020,12.866883262379567
MAR,2021,12.890335424602286
MAR,2022,12.913687878108895
MAR,2023,12.937106878781087
MCO,1990,0.0
MCO,1991,0.0
MCO,1992,0.0
MCO,1993,0.0
MCO,1994,0.0
MCO,1995,0.0
MCO,1996,0.0
MCO,1997,0.0
MCO,1998,0.0
MCO,1999,0.0
MCO,2000,0.0
MCO,2001,0.0
MCO,2002,0.0
MCO,2003,0.0
MCO,2004,0.0
MCO,2005,0.0
MCO,2006,0.0
MCO,2007,0.0
MCO,2008,0.0
MCO,2009,0.0
MCO,2010,0.0
MCO,2011,0.0
MCO,2012,0.0
MCO,2013,0.0
MCO,2014,0.0
MCO,2015,0.0
MCO,2016,0.0
MCO,2017,0.0
MCO,2018,0.0
MCO,2019,0.0
MCO,2020,0.0
MCO,2021,0.0
MCO,2022,0.0
MCO,2023,0.0
MDA,1992,10.01521143900213
MDA,1993,10.04855842185129
MDA,1994,10.10928961748634
MDA,1995,10.170057698147586
MDA,1996,10.227755845733375
MDA,1997,10.28857837181045
MDA,1998,10.349437860832573
MDA,1999,10.410334346504559
MDA,2000,10.474452554744525
MDA,2001,10.565997566909974
MDA,2002,10.657542579075425
MDA,2003,10.75235777304533
MDA,2004,10.840632603406327
MDA,2005,10.928853754940711
MDA,2006,11.02037093341441
MDA,2007,11.111888111888112
MDA,2008,11.203405290361811
MDA,2009,11.294922468835512
MDA,2010,11.400304414003044
MDA,2011,11.47275494672755
MDA,2012,11.54169202678028
MDA,2013,11.60705596107056
MDA,2014,11.679440389294403
MDA,2015,11.751824817518248
MDA,2016,11.754866180048662
MDA,2017,11.751292186074796
MDA,2018,11.752971692519148
MDA,2019,11.752757260710517
MDA,2020,11.75322187285234
MDA,2021,11.751292186074796
MDA,2022,11.754866180048662
MDA,2023,11.737017916793198
MDG,1990,23.5468755373663
MDG,1991,23.432905733053616
MDG,1992,23.31893592874093
MDG,1993,23.204966124428243
MDG,1994,23.090996320115558
MDG,1995,22.97702651580287
MDG,1996,22.86305671149018
MDG,1997,22.749086907177496
MDG,1998,22.63511710286481
MDG,1999,22.52114729855212
MDG,2000,22.407177494239434
MDG,2001,22.326582866182893
MDG,2002,22.245988238126355
MDG,2003,22.165393610069817
MDG,2004,22.084798982013275
MDG,2005,22.004204353956737
MDG,2006,21.923609725900196
MDG,2007,21.843015097843654
MDG,2008,21.762420469787116
MDG,2009,21.68182584173058
MDG,2010,21.601231213674037
MDG,2011,21.569044079100024
MDG,2012,21.546324736376217
MDG,2013,21.523420419388106
MDG,2014,21.50070127191475
MDG,2015,21.47798212444139
MDG,2016,21.45527672739773
MDG,2017,21.43255414231695
MDG,2018,21.40983155723616
MDG,2019,21.38712616019251
MDG,2020,21.364403575111723
MDG,2021,21.34169250601581
MDG,2022,21.318973702303197
MDG,2023,21.29626005500172
MDV,1990,2.733333333333333
MDV,1991,2.733333333333333
MDV,1992,2.733333333333333
MDV,1993,2.733333333333333
MDV,1994,2.733333333333333
MDV,1995,2.733333333333333
MDV,1996,2.733333333333333
MDV,1997,2.733333333333333
MDV,1998,2.733333333333333
MDV,1999,2.733333333333333
MDV,2000,2.733333333333333
MDV,2001,2.733333333333333
MDV,2002,2.733333333333333
MDV,2003,2.733333333333333
MDV,2004,2.733333333333333
MDV,2005,2.733333333333333
MDV,2006,2.733333333333333
MDV,2007,2.733333333333333
MDV,2008,2.733333333333333
MDV,2009,2.733333333333333
MDV,2010,2.733333333333333
MDV,2011,2.733333333333333
MDV,2012,2.733333333333333
MDV,2013,2.733333333333333
MDV,2014,2.733333333333333
MDV,2015,2.733333333333333
MDV,2016,2.733333333333333
MDV,2017,2.733333333333333
MDV,2018,2.733333333333333
MDV,2019,2.733333333333333
MDV,2020,2.733333333333333
MDV,2021,2.733333333333333
MDV,2022,2.733333333333333
MDV,2023,2.751677852348993
MEA,1990,2.1081216016013484
MEA,1991,2.1073788988200177
MEA,1992,2.1066328652200585
MEA,1993,2.105890163613021
MEA,1994,2.105147462005983
MEA,1995,2.1044047683044833
MEA,1996,2.1036620666974457
MEA,1997,2.1029193650904077
MEA,1998,2.1021766634833696
MEA,1999,2.101433961876332
MEA,2000,2.1006912602692944
MEA,2001,2.1130182870912044
MEA,2002,2.125345313913115
MEA,2003,2.1377027601789207
MEA,2004,2.1500316621564894
MEA,2005,2.1623571646541513
MEA,2006,2.174674051563572
MEA,2007,2.1869977374170504
MEA,2008,2.1993231229944494
MEA,2009,2.2120891833165173
MEA,2010,2.224420151514001
MEA,2011,2.2231805355317578
MEA,2012,2.221941271914704
MEA,2013,2.220736250340804
MEA,2014,2.219518380218827
MEA,2015,2.2182782102528793
MEA,2016,2.213089230201848
MEA,2017,2.21348018334205
MEA,2018,2.211441008395676
MEA,2019,2.211177928726359
MEA,2020,2.2103629858282505
MEA,2021,2.2099163559391495
MEA,2022,2.2018966248956167
MEX,1990,36.31351114997814
MEX,1991,36.19980966588647
MEX,1992,36.0861081817948
MEX,1993,35.97240669770313
MEX,1994,35.858705213611465
MEX,1995,35.745003729519794
MEX,1996,35.63130224542812
MEX,1997,35.51760076133645
MEX,1998,35.40389927724478
MEX,1999,35.29019779315312
MEX,2000,35.17649630906144
MEX,2001,35.102521155379506
MEX,2002,35.02854600169758
MEX,2003,34.954570848015635
MEX,2004,34.8805956943337
MEX,2005,34.806620540651764
MEX,2006,34.73264538696983
MEX,2007,34.65867023328789
MEX,2008,34.58469507960596
MEX,2009,34.51071992592402
MEX,2010,34.436744772242086
MEX,2011,34.37373903649785
MEX,2012,34.31073330075362
MEX,2013,34.247727565009384
MEX,2014,34.18472182926516
MEX,2015,34.121716093520924
MEX,2016,34.05599423853494
MEX,2017,33.99026723938373
MEX,2018,33.92474086267651
MEX,2019,33.85889554772499
MEX,2020,33.793050232773474
MEX,2021,33.727204917821965
MEX,2022,33.6618740193935
MEX,2023,33.59591764191466
MHL,1991,52.22222222222223
MHL,1992,52.22222222222223
MHL,1993,52.22222222222223
MHL,1994,52.22222222222223
MHL,1995,52.22222222222223
MHL,1996,52.22222222222223
MHL,1997,52.22222222222223
MHL,1998,52.22222222222223
MHL,1999,52.22222222222223
MHL,2000,52.22222222222223
MHL,2001,52.22222222222223
MHL,2002,52.22222222222223
MHL,2003,52.22222222222223
MHL,2004,52.22222222222223
MHL,2005,52.22222222222223
MHL,2006,52.22222222222223
MHL,2007,52.22222222222223
MHL,2008,52.22222222222223
MHL,2009,52.22222222222223
MHL,2010,52.22222222222223
MHL,2011,52.22222222222223
MHL,2012,52.22222222222223
MHL,2013,52.22222222222223
MHL,2014,52.22222222222223
MHL,2015,52.22222222222223
MHL,2016,52.22222222222223
MHL,2017,52.22222222222223
MHL,2018,52.22222222222223
MHL,2019,52.22222222222223
MHL,2020,52.22222222222223
MHL,2021,52.22222222222223
MHL,2022,52.22222222222223
MHL,2023,52.22222222222223
MIC,1992,31.58258378543392
MIC,1993,31.476523599296865
MIC,1994,31.373989096436958
MIC,1995,31.267954485990444
MIC,1996,31.16191676760497
MIC,1997,31.05587147558875
MIC,1998,30.96407813005689
MIC,1999,30.85817353064925
MIC,2000,30.721283919716956
MIC,2001,30.642857990723275
MIC,2002,30.565181851228207
MIC,2003,30.483424054128783
MIC,2004,30.405984138746458
MIC,2005,30.32618645462852
MIC,2006,30.251155567439767
MIC,2007,30.173716687351003
MIC,2008,30.0961387617164
MIC,2009,30.019809186768338
MIC,2010,29.94210207967505
MIC,2011,29.88162890589243
MIC,2012,29.821389493582533
MIC,2013,29.76254820228719
MIC,2014,29.70267706710946
MIC,2015,29.64039357009113
MIC,2016,29.601696168614897
MIC,2017,29.526500168177765
MIC,2018,29.47791374186424
MIC,2019,29.42594578414814
MIC,2020,29.376768957590823
MIC,2021,29.31809678462075
MIC,2022,29.270462915686057
MKD,1992,36.22139205662604
MKD,1993,36.400511207235546
MKD,1994,36.57963035784507
MKD,1995,36.75874950845458
MKD,1996,36.937868659064094
MKD,1997,37.11698780967361
MKD,1998,37.296106960283126
MKD,1999,37.47522611089265
MKD,2000,37.654345261502165
MKD,2001,37.66567046795124
MKD,2002,37.67699567440032
MKD,2003,37.68832088084939
MKD,2004,37.69964608729847
MKD,2005,37.71097129374754
MKD,2006,37.72229650019662
MKD,2007,38.032738803012286
MKD,2008,38.044153785176384
MKD,2009,38.070658207771615
MKD,2010,38.08207771609833
MKD,2011,38.35146708961142
MKD,2012,38.620856463124504
MKD,2013,38.8902458366376
MKD,2014,39.159635210150675
MKD,2015,39.42902458366376
MKD,2016,39.7172878667724
MKD,2017,39.7101506740682
MKD,2018,39.7101506740682
MKD,2019,39.7101506740682
MKD,2020,39.7101506740682
MKD,2021,39.7101506740682
MKD,2022,39.7101506740682
MKD,2023,39.7101506740682
MLI,1990,10.896663634352027
MLI,1991,10.896663634352027
MLI,1992,10.896663634352027
MLI,1993,10.896663634352027
MLI,1994,10.896663634352027
MLI,1995,10.896663634352027
MLI,1996,10.896663634352027
MLI,1997,10.896663634352027
MLI,1998,10.896663634352027
MLI,1999,10.896663634352027
MLI,2000,10.896663634352027
MLI,2001,10.896663634352027
MLI,2002,10.896663634352027
MLI,2003,10.896663634352027
MLI,2004,10.896663634352027
MLI,2005,10.896663634352027
MLI,2006,10.896663634352027
MLI,2007,10.896663634352027
MLI,2008,10.896663634352027
MLI,2009,10.896663634352027
MLI,2010,10.896663634352027
MLI,2011,10.896663634352027
MLI,2012,10.896663634352027
MLI,2013,10.896663634352027
MLI,2014,10.896663634352027
MLI,2015,10.896663634352027
MLI,2016,10.896663634352027
MLI,2017,10.896663634352027
MLI,2018,10.896663634352027
MLI,2019,10.896663634352027
MLI,2020,10.896663634352027
MLI,2021,10.896663634352027
MLI,2022,10.896663634352027
MLI,2023,10.896663634352027
MLT,1990,1.09375
MLT,1991,1.09375
MLT,1992,1.09375
MLT,1993,1.09375
MLT,1994,1.09375
MLT,1995,1.09375
MLT,1996,1.09375
MLT,1997,1.09375
MLT,1998,1.09375
MLT,1999,1.09375
MLT,2000,1.09375
MLT,2001,1.09375
MLT,2002,1.09375
MLT,2003,1.09375
MLT,2004,1.09375
MLT,2005,1.09375
MLT,2006,1.09375
MLT,2007,1.09375
MLT,2008,1.09375
MLT,2009,1.09375
MLT,2010,1.09375
MLT,2011,1.09375
MLT,2012,1.09375
MLT,2013,1.09375
MLT,2014,1.09375
MLT,2015,1.09375
MLT,2016,1.1875
MLT,2017,1.3125
MLT,2018,1.4375
MLT,2019,1.4375
MLT,2020,1.4375
MLT,2021,1.4375
MLT,2022,1.4375
MLT,2023,1.4375
MMR,1990,60.009303179606455
MMR,1991,59.34364078709796
MMR,1992,58.677978394589466
MMR,1993,58.01231600208098
MMR,1994,57.346653609572485
MMR,1995,56.68099121706399
MMR,1996,56.015328824555496
MMR,1997,55.34966643204701
MMR,1998,54.684004039538515
MMR,1999,54.01834164703002
MMR,2000,53.352679254521526
MMR,2001,52.828287480490864
MMR,2002,52.3038957064602
MMR,2003,51.779503932429535
MMR,2004,51.26452511401548
MMR,2005,50.74469664503489
MMR,2006,50.21170673481568
MMR,2007,49.68345727751255
MMR,2008,49.174851142642844
MMR,2009,48.65101943976733
MMR,2010,48.129381869393505
MMR,2011,47.68370555189885
MMR,2012,47.25036515348695
MMR,2013,46.81182091014884
MMR,2014,46.36821216390029
MMR,2015,45.924603417651745
MMR,2016,45.50189956800147
MMR,2017,45.06016085790885
MMR,2018,44.61974873601961
MMR,2019,44.175884786272405
MMR,2020,43.73403098043422
MMR,2021,43.29014662846461
MMR,2022,42.84626227649501
MMR,2023,42.40237792452541
MNA,1990,2.5136784758196296
MNA,1991,2.5118812561773307
MNA,1992,2.5100840365350328
MNA,1993,2.5082868168927344
MNA,1994,2.506489597250436
MNA,1995,2.504692387541534
MNA,1996,2.5028951678992355
MNA,1997,2.5010979482569375
MNA,1998,2.4993007286146387
MNA,1999,2.4975035089723403
MNA,2000,2.495706289330042
MNA,2001,2.5110918292846462
MNA,2002,2.526477369239251
MNA,2003,2.541910883830708
MNA,2004,2.557301794803533
MNA,2005,2.5726876557092395
MNA,2006,2.588058091368743
MNA,2007,2.6034412744327704
MNA,2008,2.618827028353288
MNA,2009,2.6348697388816027
MNA,2010,2.650261963218834
MNA,2011,2.648485203772906
MNA,2012,2.6467084443269786
MNA,2013,2.6449821436342966
MNA,2014,2.6432053502921944
MNA,2015,2.6414282944921896
MNA,2016,2.6374071100939083
MNA,2017,2.638166725807345
MNA,2018,2.6356075533963765
MNA,2019,2.635284734378854
MNA,2020,2.634259674906017
MNA,2021,2.6337039088848853
MNA,2022,2.632999117440468
MNE,2006,55.509293680297404
MNE,2007,57.003717472118964
MNE,2008,58.49814126394052
MNE,2009,59.99256505576208
MNE,2010,61.486988847583646
MNE,2011,61.486988847583646
MNE,2012,61.486988847583646
MNE,2013,61.486988847583646
MNE,2014,61.486988847583646
MNE,2015,61.486988847583646
MNE,2016,61.486988847583646
MNE,2017,61.486988847583646
MNE,2018,61.486988847583646
MNE,2019,61.486988847583646
MNE,2020,61.486988847583646
MNE,2021,61.486988847583646
MNE,2022,61.486988847583646
MNE,2023,61.486988847583646
MNG,1990,9.274680548226835
MNG,1991,9.268987269545821
MNG,1992,9.26329399086481
MNG,1993,9.2576007121838
MNG,1994,9.251907433502787
MNG,1995,9.246214154821777
MNG,1996,9.240520876140764
MNG,1997,9.234827597459752
MNG,1998,9.22913431877874
MNG,1999,9.223441040097729
MNG,2000,9.217747761416717
MNG,2001,9.212577928335207
MNG,2002,9.207406750532341
MNG,2003,9.1593411587666
MNG,2004,9.15562080463703
MNG,2005,9.150473846151344
MNG,2006,9.127623360313835
MNG,2007,9.122486788807107
MNG,2008,9.117315128618355
MNG,2009,9.11217830189963
MNG,2010,9.10805179300629
MNG,2011,9.107573136975503
MNG,2012,9.10685777424814
MNG,2013,9.106135944111069
MNG,2014,9.10542135370957
MNG,2015,9.10469149761818
MNG,2016,9.103978705098728
MNG,2017,9.103265912579275
MNG,2018,9.102555458161959
MNG,2019,9.10182513109581
MNG,2020,9.09965848797644
MNG,2021,9.09894465963877
MNG,2022,9.098496959891108
MNG,2023,9.091724058793037
MNP,1991,72.70652173913044
MNP,1992,72.34782608695653
MNP,1993,71.9891304347826
MNP,1994,71.6304347826087
MNP,1995,71.27173913043478
MNP,1996,70.91304347826086
MNP,1997,70.55434782608697
MNP,1998,70.19565217391303
MNP,1999,69.83695652173914
MNP,2000,69.47826086956522
MNP,2001,69.12173913043478
MNP,2002,68.76521739130435
MNP,2003,68.40869565217392
MNP,2004,68.05217391304348
MNP,2005,67.69565217391303
MNP,2006,67.3391304347826
MNP,2007,66.98260869565217
MNP,2008,66.62608695652175
MNP,2009,66.2695652173913
MNP,2010,65.91304347826087
MNP,2011,65.55217391304349
MNP,2012,65.19130434782609
MNP,2013,64.8304347826087
MNP,2014,64.4695652173913
MNP,2015,64.1086956521739
MNP,2016,52.95652173913044
MNP,2017,52.95652173913044
MNP,2018,52.95652173913044
MNP,2019,52.95652173913044
MNP,2020,52.95652173913044
MNP,2021,52.95652173913044
MNP,2022,52.95652173913044
MNP,2023,52.95652173913044
MOZ,1990,55.16162669447341
MOZ,1991,54.88313537984181
MOZ,1992,54.60464406521021
MOZ,1993,54.32615275057861
MOZ,1994,54.047661435947006
MOZ,1995,53.76917012131539
MOZ,1996,53.49067880668379
MOZ,1997,53.21218749205219
MOZ,1998,52.933696177420586
MOZ,1999,52.655204862788985
MOZ,2000,52.37671354815738
MOZ,2001,52.09493374704341
MOZ,2002,51.81315394592946
MOZ,2003,51.53137414481548
MOZ,2004,51.249594343701524
MOZ,2005,50.967814542587554
MOZ,2006,50.6860347414736
MOZ,2007,50.404254940359614
MOZ,2008,50.12247513924566
MOZ,2009,49.84069533813169
MOZ,2010,49.558915537017725
MOZ,2011,49.29641140415575
MOZ,2012,49.03390727129378
MOZ,2013,48.7714031384318
MOZ,2014,48.50889900556983
MOZ,2015,48.246394872707846
MOZ,2016,47.850008901548875
MOZ,2017,47.568096848851695
MOZ,2018,47.33610722551438
MOZ,2019,47.007947811490624
MOZ,2020,46.72519646990004
MOZ,2021,46.412173122409015
MOZ,2022,46.119331112184945
MOZ,2023,45.81303491950457
MRT,1990,0.4618608712525468
MRT,1991,0.4565829048219656
MRT,1992,0.4513049383913845
MRT,1993,0.4460269719608033
MRT,1994,0.4407490055302222
MRT,1995,0.435471039099641
MRT,1996,0.43019307266905993
MRT,1997,0.4249151062384787
MRT,1998,0.4196371398078975
MRT,1999,0.4143591733773164
MRT,2000,0.4090812069467352
MRT,2001,0.4038032405161541
MRT,2002,0.3985252740855729
MRT,2003,0.3932473076549917
MRT,2004,0.3879693412244106
MRT,2005,0.3826913747938295
MRT,2006,0.37741340836324827
MRT,2007,0.3721354419326671
MRT,2008,0.366857475502086
MRT,2009,0.3615795090715048
MRT,2010,0.3563015426409237
MRT,2011,0.35102357621034247
MRT,2012,0.3457456097797613
MRT,2013,0.34046764334918017
MRT,2014,0.335189676918599
MRT,2015,0.3299117104880179
MRT,2016,0.3246337440574367
MRT,2017,0.319394586203551
MRT,2018,0.3140584069079267
MRT,2019,0.30881924905404096
MRT,2020,0.30348306975841666
MRT,2021,0.29821160376443195
MRT,2022,0.2928969632288736
MRT,2023,0.2876111380615116
MUS,1990,20.231527093596057
MUS,1991,20.273891625615764
MUS,1992,20.31625615763547
MUS,1993,20.358620689655172
MUS,1994,20.400985221674876
MUS,1995,20.44334975369458
MUS,1996,20.485714285714288
MUS,1997,20.52807881773399
MUS,1998,20.570443349753695
MUS,1999,20.6128078817734
MUS,2000,20.655172413793103
MUS,2001,20.4807881773399
MUS,2002,20.3064039408867
MUS,2003,20.1320197044335
MUS,2004,19.957635467980296
MUS,2005,19.783251231527093
MUS,2006,19.608866995073893
MUS,2007,19.43448275862069
MUS,2008,19.26009852216749
MUS,2009,19.085714285714285
MUS,2010,18.911330049261082
MUS,2011,19.214822233350027
MUS,2012,19.205808713069604
MUS,2013,19.196795192789185
MUS,2014,19.187781672508763
MUS,2015,19.178768152228344
MUS,2016,19.17376064096144
MUS,2017,19.354031046569855
MUS,2018,19.374061091637454
MUS,2019,19.394091136705057
MUS,2020,19.414121181772657
MUS,2021,19.434151226840264
MUS,2022,19.45418127190786
MUS,2023,19.474211316975463
MWI,1990,37.14149342384387
MWI,1991,36.69601187950785
MWI,1992,36.250530335171824
MWI,1993,35.805048790835805
MWI,1994,35.35956724649979
MWI,1995,34.91408570216377
MWI,1996,34.46860415782775
MWI,1997,34.02312261349172
MWI,1998,33.5776410691557
MWI,1999,33.132159524819684
MWI,2000,32.686677980483665
MWI,2001,32.241196436147646
MWI,2002,31.795714891811627
MWI,2003,31.350233347475605
MWI,2004,30.904751803139586
MWI,2005,30.45927025880356
MWI,2006,30.013788714467545
MWI,2007,29.568307170131526
MWI,2008,29.1228256257955
MWI,2009,28.677344081459484
MWI,2010,28.231862537123465
MWI,2011,27.78638099278744
MWI,2012,27.340899448451424
MWI,2013,26.895417904115398
MWI,2014,26.44993635977938
MWI,2015,26.004454815443363
MWI,2016,25.558973271107337
MWI,2017,25.11349172677132
MWI,2018,24.6680101824353
MWI,2019,24.222528638099277
MWI,2020,23.777047093763258
MWI,2021,23.33156554942724
MWI,2022,22.886084005091217
MWI,2023,22.440602460755198
MYS,1990,62.75604930756353
MYS,1991,62.47385481661848
MYS,1992,62.19166032567342
MYS,1993,61.90946583472835
MYS,1994,61.627271343783285
MYS,1995,61.34507685283823
MYS,1996,61.062882361893166
MYS,1997,60.780687870948114
MYS,1998,60.49849338000304
MYS,1999,60.21629888905798
MYS,2000,59.93410439811292
MYS,2001,59.70774615735809
MYS,2002,59.48138791660325
MYS,2003,59.25502967584843
MYS,2004,59.02867143509359
MYS,2005,58.802313194338765
MYS,2006,58.57595495358393
MYS,2007,58.3495967128291
MYS,2008,58.12323847207427
MYS,2009,57.896880231319436
MYS,2010,57.6705219905646
MYS,2011,57.98497641150511
MYS,2012,58.299430832445594
MYS,2013,58.61388525338609
MYS,2014,58.928339674326594
MYS,2015,59.24279409526708
MYS,2016,58.78752092527774
MYS,2017,58.6348805356871
MYS,2018,58.48224014609649
MYS,2019,58.32959975650586
MYS,2020,58.17695936691523
MYS,2021,58.024318977324604
MYS,2022,57.871678587733975
MYS,2023,57.71903819814336
NAC,1990,35.902794345189555
NAC,1991,35.90618774346739
NAC,1992,35.90958114174522
NAC,1993,35.91297454002305
NAC,1994,35.91636793830089
NAC,1995,35.919761336578716
NAC,1996,35.92315473485655
NAC,1997,35.92654813313438
NAC,1998,35.92994153141222
NAC,1999,35.93333492969005
NAC,2000,35.930860318573416
NAC,2001,35.956811075111915
NAC,2002,35.98276183165041
NAC,2003,36.00871258818891
NAC,2004,36.0346633447274
NAC,2005,36.0606141012659
NAC,2006,36.08656485780439
NAC,2007,36.11251561434289
NAC,2008,36.16739619536485
NAC,2009,36.19336772618923
NAC,2010,36.21933925701361
NAC,2011,36.23224154676425
NAC,2012,36.245143836514906
NAC,2013,36.25804612626555
NAC,2014,36.270948416016196
NAC,2015,36.283850705766845
NAC,2016,36.28166057382671
NAC,2017,36.26305577013365
NAC,2018,36.26101414978714
NAC,2019,36.25897197735292
NAC,2020,36.25693035700641
NAC,2021,36.61244105348219
NAC,2022,36.61037917562575
NAM,1990,10.651374363832913
NAM,1991,10.565124561211723
NAM,1992,10.478874758590534
NAM,1993,10.39262495596934
NAM,1994,10.306375153348151
NAM,1995,10.220125350726962
NAM,1996,10.133875548105772
NAM,1997,10.04762574548458
NAM,1998,9.96137594286339
NAM,1999,9.875126140242198
NAM,2000,9.788876337621009
NAM,2001,9.702625563288755
NAM,2002,9.616374788956504
NAM,2003,9.530124014624251
NAM,2004,9.443873240292
NAM,2005,9.357622465959746
NAM,2006,9.271371691627495
NAM,2007,9.185120917295242
NAM,2008,9.09887014296299
NAM,2009,9.012619368630737
NAM,2010,8.926368594298486
NAM,2011,8.840119520460592
NAM,2012,8.753870446622697
NAM,2013,8.667621372784803
NAM,2014,8.581372298946908
NAM,2015,8.495123225109014
NAM,2016,8.408871721993465
NAM,2017,8.322620218877917
NAM,2018,8.236368715762369
NAM,2019,8.15011721264682
NAM,2020,8.063865709531271
NAM,2021,7.977614206415722
NAM,2022,7.891362703300174
NAM,2023,7.8051112001846255
NCL,1990,45.466630196936535
NCL,1991,45.50339168490154
NCL,1992,45.54015317286652
NCL,1993,45.576914660831505
NCL,1994,45.6136761487965
NCL,1995,45.65043763676149
NCL,1996,45.68719912472648
NCL,1997,45.723960612691464
NCL,1998,45.76072210065645
NCL,1999,45.797483588621446
NCL,2000,45.834245076586434
NCL,2001,45.84064551422319
NCL,2002,45.847045951859954
NCL,2003,45.853446389496725
NCL,2004,45.85984682713348
NCL,2005,45.866247264770244
NCL,2006,45.87264770240701
NCL,2007,45.879048140043764
NCL,2008,45.88544857768053
NCL,2009,45.89184901531729
NCL,2010,45.898249452954055
NCL,2011,45.89277899343545
NCL,2012,45.88730853391685
NCL,2013,45.88183807439825
NCL,2014,45.876367614879655
NCL,2015,45.87089715536106
NCL,2016,45.86542669584245
NCL,2017,45.85995623632385
NCL,2018,45.854485776805255
NCL,2019,45.84901531728666
NCL,2020,45.84354485776805
NCL,2021,45.838074398249454
NCL,2022,45.83260393873086
NCL,2023,45.82713347921226
NER,1990,1.5354859082655719
NER,1991,1.4867845583010972
NER,1992,1.4380832083366228
NER,1993,1.389381858372148
NER,1994,1.3406805084076736
NER,1995,1.291979158443199
NER,1996,1.2432778084787244
NER,1997,1.1945764585142495
NER,1998,1.145875108549775
NER,1999,1.0971737585853003
NER,2000,1.048472408620826
NER,2001,1.0386674034893817
NER,2002,1.028862398357938
NER,2003,1.0190573932264941
NER,2004,1.0092523880950504
NER,2005,0.9994473829636061
NER,2006,0.9896423778321622
NER,2007,0.9798373727007185
NER,2008,0.9700323675692745
NER,2009,0.9602273624378306
NER,2010,0.9504223573063866
NER,2011,0.9406173521749427
NER,2012,0.9308123470434989
NER,2013,0.921007341912055
NER,2014,0.911202336780611
NER,2015,0.9013973316491671
NER,2016,0.8915923265177231
NER,2017,0.8817873213862795
NER,2018,0.8719823162548354
NER,2019,0.8621773111233916
NER,2020,0.8523723059919476
NER,2021,0.8425673008605037
NER,2022,0.8327622957290597
NER,2023,0.8229572905976158
NGA,1990,29.12490529991107
NGA,1991,28.945600974999174
NGA,1992,28.766296650087288
NGA,1993,28.5869923251754
NGA,1994,28.407688000263516
NGA,1995,28.228383675351626
NGA,1996,28.049079350439737
NGA,1997,27.869775025527847
NGA,1998,27.69047070061596
NGA,1999,27.51116637570408
NGA,2000,27.33186205079219
NGA,2001,27.152556627908254
NGA,2002,26.97325120502432
NGA,2003,26.793945782140387
NGA,2004,26.61464035925645
NGA,2005,26.435334936372524
NGA,2006,26.25602951348859
NGA,2007,26.076724090604653
NGA,2008,25.89741866772072
NGA,2009,25.718113244836783
NGA,2010,25.53880782195285
NGA,2011,25.359502399068916
NGA,2012,25.180196976184988
NGA,2013,25.000891553301052
NGA,2014,24.82158613041712
NGA,2015,24.64228070753319
NGA,2016,24.46297956674023
NGA,2017,24.283683037429867
NGA,2018,24.104384202378206
NGA,2019,23.92508536732655
NGA,2020,23.745786532274888
NGA,2021,23.56648769722323
NGA,2022,23.387188862171566
NGA,2023,23.20789002711991
NIC,1990,53.17699850423799
NIC,1991,52.34601961110188
NIC,1992,51.51504071796577
NIC,1993,50.684061824829655
NIC,1994,49.853082931693535
NIC,1995,49.022104038557416
NIC,1996,48.1911251454213
NIC,1997,47.36014625228519
NIC,1998,46.52916735914908
NIC,1999,45.698188466012965
NIC,2000,44.867209572876845
NIC,2001,43.86075286687718
NIC,2002,42.85429616087752
NIC,2003,41.84783945487785
NIC,2004,40.841382748878175
NIC,2005,39.83492604287851
NIC,2006,38.82846933687885
NIC,2007,37.82201263087918
NIC,2008,36.815555924879504
NIC,2009,35.80909921887984
NIC,2010,34.80264251288017
NIC,2011,34.33626391889646
NIC,2012,33.869885324912744
NIC,2013,33.40350673092903
NIC,2014,32.93712813694532
NIC,2015,32.47074954296161
NIC,2016,31.6397706498255
NIC,2017,30.80879175668938
NIC,2018,29.977812863553265
NIC,2019,29.146833970417152
NIC,2020,28.31585507728104
NIC,2021,27.484876184144923
NIC,2022,26.65389729100881
NIC,2023,25.822918397872698
NLD,1990,10.228969194312796
NLD,1991,10.270941943127962
NLD,1992,10.312914691943128
NLD,1993,10.354887440758294
NLD,1994,10.39686018957346
NLD,1995,10.438832938388625
NLD,1996,10.480805687203793
NLD,1997,10.522778436018957
NLD,1998,10.564751184834122
NLD,1999,10.606723933649288
NLD,2000,10.648696682464456
NLD,2001,10.690106635071091
NLD,2002,10.731516587677724
NLD,2003,10.772926540284361
NLD,2004,10.814336492890995
NLD,2005,10.855746445497632
NLD,2006,10.897156398104265
NLD,2007,10.9385663507109
NLD,2008,10.979976303317535
NLD,2009,11.031188852653424
NLD,2010,11.072635635932405
NLD,2011,11.02461447212337
NLD,2012,10.973309608540925
NLD,2013,10.931730483823094
NLD,2014,10.880379934698723
NLD,2015,10.835461835461837
NLD,2016,10.863082863082862
NLD,2017,10.89100089100089
NLD,2018,10.91862191862192
NLD,2019,10.946539946539946
NLD,2020,10.974160974160974
NLD,2021,11.001980991980991
NLD,2022,11.02966735966736
NLD,2023,11.057442827442825
NOR,1990,33.216151394684104
NOR,1991,33.21094939273472
NOR,1992,33.20574739078534
NOR,1993,33.200545388835955
NOR,1994,33.19534338688657
NOR,1995,33.19014138493719
NOR,1996,33.18493938298781
NOR,1997,33.17973738103843
NOR,1998,33.17453537908905
NOR,1999,33.169333377139665
NOR,2000,33.16413137519028
NOR,2001,33.16111968985117
NOR,2002,33.15810800451205
NOR,2003,33.15509631917294
NOR,2004,33.15208463383382
NOR,2005,33.149072948494705
NOR,2006,33.14606126315559
NOR,2007,33.14304957781648
NOR,2008,33.14003789247736
NOR,2009,33.13702620713824
NOR,2010,33.13401452179912
NOR,2011,33.155370108749224
NOR,2012,33.17672569569931
NOR,2013,33.20908660468791
NOR,2014,33.23181086144374
NOR,2015,33.24564398819575
NOR,2016,33.271099733248974
NOR,2017,33.29453362291611
NOR,2018,33.317265028429944
NOR,2019,33.339906982859205
NOR,2020,33.43535967717584
NOR,2021,33.45814917506245
NOR,2022,33.479561863452936
NOR,2023,33.50097455184341
NPL,1990,39.66433566433567
NPL,1991,39.74039160839161
NPL,1992,39.81644755244755
NPL,1993,39.892503496503494
NPL,1994,39.968559440559446
NPL,1995,40.04461538461538
NPL,1996,40.12067132867133
NPL,1997,40.19672727272727
NPL,1998,40.27278321678322
NPL,1999,40.348839160839155
NPL,2000,40.32619462853157
NPL,2001,40.45264736658528
NPL,2002,40.579100104639
NPL,2003,40.70555284269271
NPL,2004,40.832005580746426
NPL,2005,40.95845831880014
NPL,2006,41.084911056853855
NPL,2007,41.21136379490757
NPL,2008,41.337816532961284
NPL,2009,41.464269271015
NPL,2010,41.59072200906871
NPL,2011,41.59072200906871
NPL,2012,41.59072200906871
NPL,2013,41.59072200906871
NPL,2014,41.59072200906871
NPL,2015,41.59072200906871
NPL,2016,41.59072200906871
NPL,2017,41.59072200906871
NPL,2018,41.59072200906871
NPL,2019,41.59072200906871
NPL,2020,41.59072200906871
NPL,2021,41.59072200906871
NPL,2022,41.59072200906871
NPL,2023,41.59072200906871
NRU,1990,0.0
NRU,1991,0.0
NRU,1992,0.0
NRU,1993,0.0
NRU,1994,0.0
NRU,1995,0.0
NRU,1996,0.0
NRU,1997,0.0
NRU,1998,0.0
NRU,1999,0.0
NRU,2000,0.0
NRU,2001,0.0
NRU,2002,0.0
NRU,2003,0.0
NRU,2004,0.0
NRU,2005,0.0
NRU,2006,0.0
NRU,2007,0.0
NRU,2008,0.0
NRU,2009,0.0
NRU,2010,0.0
NRU,2011,0.0
NRU,2012,0.0
NRU,2013,0.0
NRU,2014,0.0
NRU,2015,0.0
NRU,2016,0.0
NRU,2017,0.0
NRU,2018,0.0
NRU,2019,0.0
NRU,2020,0.0
NRU,2021,0.0
NRU,2022,0.0
NRU,2023,0.0
NZL,1990,35.59405263757548
NZL,1991,35.775652272986214
NZL,1992,35.95725190839694
NZL,1993,36.13885154380768
NZL,1994,36.320451179218416
NZL,1995,36.50205081462914
NZL,1996,36.68365045003988
NZL,1997,36.865250085450604
NZL,1998,37.04684972086134
NZL,1999,37.22844935627207
NZL,2000,37.41004899168281
NZL,2001,37.40916790095325
NZL,2002,37.40828681022369
NZL,2003,37.407405719494136
NZL,2004,37.40652462876457
NZL,2005,37.405643538035015
NZL,2006,37.40476244730546
NZL,2007,37.4038813565759
NZL,2008,37.40300026584634
NZL,2009,37.40211917511678
NZL,2010,37.401238084387224
NZL,2011,37.40009114731685
NZL,2012,37.398944210246476
NZL,2013,37.3977972731761
NZL,2014,37.39665033610573
NZL,2015,37.39550339903536
NZL,2016,37.39603509171699
NZL,2017,37.41160609167901
NZL,2018,37.42793665261479
NZL,2019,37.4673198891041
NZL,2020,37.570126466902124
NZL,2021,37.6306509437545
NZL,2022,37.71936348790399
NZL,2023,37.78928411378224
OED,1990,32.27557072381656
OED,1991,32.28086298650577
OED,1992,32.35700562670959
OED,1993,32.37634847524773
OED,1994,32.38224532874594
OED,1995,32.3881421883611
OED,1996,32.394131552323415
OED,1997,32.40011181843732
OED,1998,32.4060281760864
OED,1999,32.41195367909287
OED,2000,32.40545667639529
OED,2001,32.42072987820233
OED,2002,32.43529084083321
OED,2003,32.44997929821485
OED,2004,32.46527995991141
OED,2005,32.480434515891915
OED,2006,32.49604672732095
OED,2007,32.51100029028139
OED,2008,32.53978885326919
OED,2009,32.55402383096138
OED,2010,32.56775183195635
OED,2011,32.60280065492413
OED,2012,32.637257900709876
OED,2013,32.67083470377338
OED,2014,32.70504366508838
OED,2015,32.7403692505552
OED,2016,32.75607696155028
OED,2017,32.749971498824884
OED,2018,32.7521163794694
OED,2019,32.755294455150064
OED,2020,32.75979094646707
OED,2021,32.92719796369772
OED,2022,32.94719455984209
OMN,1990,0.009693053311793215
OMN,1991,0.009693053311793215
OMN,1992,0.009693053311793215
OMN,1993,0.009693053311793215
OMN,1994,0.009693053311793215
OMN,1995,0.009693053311793215
OMN,1996,0.009693053311793215
OMN,1997,0.009693053311793215
OMN,1998,0.009693053311793215
OMN,1999,0.009693053311793215
OMN,2000,0.009693053311793215
OMN,2001,0.009693053311793215
OMN,2002,0.009693053311793215
OMN,2003,0.009693053311793215
OMN,2004,0.009693053311793215
OMN,2005,0.009693053311793215
OMN,2006,0.009693053311793215
OMN,2007,0.009693053311793215
OMN,2008,0.009693053311793215
OMN,2009,0.009693053311793215
OMN,2010,0.009693053311793215
OMN,2011,0.009693053311793215
OMN,2012,0.009693053311793215
OMN,2013,0.009693053311793215
OMN,2014,0.009693053311793215
OMN,2015,0.009693053311793215
OMN,2016,0.009046849757673668
OMN,2017,0.008723747980613893
OMN,2018,0.00840064620355412
OMN,2019,0.008077544426494346
OMN,2020,0.008077544426494346
OMN,2021,0.007862035541195477
OMN,2022,0.0077903069466882064
OMN,2023,0.007622617124394183
OSS,1990,20.836413029097614
OSS,1991,20.891644689840092
OSS,1992,25.868256398062005
OSS,1993,25.927046488125317
OSS,1994,26.671898894444
OSS,1995,26.7322411248527
OSS,1996,26.792583355261403
OSS,1997,26.852925585670103
OSS,1998,26.913267816078804
OSS,1999,26.973610046487504
OSS,2000,27.033952276896205
OSS,2001,27.105822950869687
OSS,2002,27.177693624843165
OSS,2003,27.249564298816647
OSS,2004,27.497923527470082
OSS,2005,27.570258465175904
OSS,2006,29.010562506387142
OSS,2007,29.152707417843118
OSS,2008,29.294852329299093
OSS,2009,29.43699724075507
OSS,2010,29.579142152211045
OSS,2011,29.650913471190524
OSS,2012,29.71912175357267
OSS,2013,29.670361953933135
OSS,2014,29.738302397876634
OSS,2015,29.806242841820133
OSS,2016,29.809497495110193
OSS,2017,29.95913859343447
OSS,2018,29.90178889705294
OSS,2019,29.908190805985786
OSS,2020,29.914774587331497
OSS,2021,29.92122487432616
OSS,2022,29.92995365553769
PAK,1990,6.468957555002077
PAK,1991,6.40727091116646
PAK,1992,6.3455842673308425
PAK,1993,6.283897623495226
PAK,1994,6.22221097965961
PAK,1995,6.160524335823993
PAK,1996,6.098837691988377
PAK,1997,6.037151048152761
PAK,1998,5.975464404317145
PAK,1999,5.913777760481527
PAK,2000,5.852091116645911
PAK,2001,5.797928341635533
PAK,2002,5.7437655666251555
PAK,2003,5.689602791614778
PAK,2004,5.6354400166044005
PAK,2005,5.581277241594022
PAK,2006,5.527114466583645
PAK,2007,5.472951691573267
PAK,2008,5.41878891656289
PAK,2009,5.364626141552511
PAK,2010,5.310463366542134
PAK,2011,5.268659194686593
PAK,2012,5.2268550228310495
PAK,2013,5.185050850975508
PAK,2014,5.143246679119967
PAK,2015,5.101442507264426
PAK,2016,5.017953507679535
PAK,2017,4.994188459941884
PAK,2018,4.940561436280615
PAK,2019,4.886934412619344
PAK,2020,4.833307388958074
PAK,2021,4.779680365296803
PAK,2022,4.7260533416355335
PAK,2023,4.6724263179742636
PAN,1990,61.9774011299435
PAN,1991,61.75509819747108
PAN,1992,61.53279526499866
PAN,1993,61.31049233252624
PAN,1994,61.08818940005381
PAN,1995,60.865886467581376
PAN,1996,60.64358353510896
PAN,1997,60.42128060263654
PAN,1998,60.19897767016411
PAN,1999,59.976674737691695
PAN,2000,59.754371805219265
PAN,2001,59.60082055421039
PAN,2002,59.4472693032015
PAN,2003,59.293718052192624
PAN,2004,59.14016680118376
PAN,2005,58.98661555017487
PAN,2006,58.833064299166
PAN,2007,58.67951304815712
PAN,2008,58.52596179714823
PAN,2009,58.37241054613936
PAN,2010,58.218859295130486
PAN,2011,58.06529459241323
PAN,2012,57.911729889696
PAN,2013,57.75816518697875
PAN,2014,57.77558014031301
PAN,2015,57.621559633027516
PAN,2016,57.467620075553164
PAN,2017,57.313545601726936
PAN,2018,57.113372876786194
PAN,2019,56.95942302507414
PAN,2020,56.80560798058776
PAN,2021,56.65170261526018
PAN,2022,56.497857913184156
PAN,2023,56.34397276894042
PER,1990,59.72542187500001
PER,1991,59.63552265625
PER,1992,59.5456234375
PER,1993,59.45572421875001
PER,1994,59.36582500000001
PER,1995,59.275925781249995
PER,1996,59.186026562500004
PER,1997,59.096127343750005
PER,1998,59.00622812499999
PER,1999,58.91632890625
PER,2000,58.8264296875
PER,2001,58.72892734375
PER,2002,58.63142500000001
PER,2003,58.53392265624999
PER,2004,58.436420312500005
PER,2005,58.33891796875
PER,2006,58.241415625
PER,2007,58.14391328124999
PER,2008,58.046410937500006
PER,2009,57.948908593750005
PER,2010,57.85140625
PER,2011,57.717770312499994
PER,2012,57.584134375000005
PER,2013,57.450498437499995
PER,2014,57.3168625
PER,2015,57.1832265625
PER,2016,57.03928125000001
PER,2017,56.90217187500001
PER,2018,56.77815625
PER,2019,56.643125
PER,2020,56.5081015625
PER,2021,56.373072890625
PER,2022,56.238047734374994
PER,2023,56.10302023437501
PHL,1990,26.08850655666231
PHL,1991,25.93102927859946
PHL,1992,25.773552000536608
PHL,1993,25.61607472247375
PHL,1994,25.458597444410902
PHL,1995,25.301120166348056
PHL,1996,25.143642888285207
PHL,1997,24.986165610222354
PHL,1998,24.828688332159505
PHL,1999,24.671211054096652
PHL,2000,24.51373377603381
PHL,2001,24.356259851762417
PHL,2002,24.19878592749103
PHL,2003,24.041312003219637
PHL,2004,23.88383807894825
PHL,2005,23.726364154676858
PHL,2006,23.568890230405472
PHL,2007,23.411416306134086
PHL,2008,23.253942381862696
PHL,2009,23.09646845759131
PHL,2010,22.938994533319917
PHL,2011,23.05599490223698
PHL,2012,23.17299527115404
PHL,2013,23.2899956400711
PHL,2014,23.40699600898816
PHL,2015,23.52399637790522
PHL,2016,23.641010161988127
PHL,2017,23.758023946071035
PHL,2018,23.87500419223933
PHL,2019,23.992017976322234
PHL,2020,24.109031760405138
PHL,2021,24.226045544488045
PHL,2022,24.34305932857095
PHL,2023,24.46007311265386
PLW,1991,83.24565217391304
PLW,1992,83.55652173913045
PLW,1993,83.86739130434783
PLW,1994,84.17826086956522
PLW,1995,84.4891304347826
PLW,1996,84.8
PLW,1997,85.11086956521739
PLW,1998,85.42173913043479
PLW,1999,85.73260869565217
PLW,2000,86.04347826086956
PLW,2001,86.25652173913043
PLW,2002,86.46956521739129
PLW,2003,86.68260869565218
PLW,2004,86.89565217391305
PLW,2005,87.1086956521739
PLW,2006,87.32173913043478
PLW,2007,87.53478260869566
PLW,2008,87.74782608695652
PLW,2009,87.9608695652174
PLW,2010,88.17391304347827
PLW,2011,88.36086956521739
PLW,2012,88.54782608695652
PLW,2013,88.73478260869565
PLW,2014,88.92173913043479
PLW,2015,89.1086956521739
PLW,2016,89.30434782608697
PLW,2017,89.47826086956522
PLW,2018,89.67391304347827
PLW,2019,89.84782608695653
PLW,2020,90.02173913043478
PLW,2021,90.19565217391305
PLW,2022,90.3695652173913
PLW,2023,90.54347826086956
PNG,1990,80.37733515876872
PNG,1991,80.3504584198207
PNG,1992,80.32358168087268
PNG,1993,80.29670516274345
PNG,1994,80.26982842379543
PNG,1995,80.24295168484741
PNG,1996,80.21607516671818
PNG,1997,80.18919842777017
PNG,1998,80.16232168882216
PNG,1999,80.13544494987414
PNG,2000,80.1085684317449
PNG,2001,80.08668948460894
PNG,2002,80.06481053747295
PNG,2003,80.04293159033696
PNG,2004,80.02105264320099
PNG,2005,79.999173696065
PNG,2006,79.97729474892904
PNG,2007,79.95541580179305
PNG,2008,79.93353685465708
PNG,2009,79.91165790752109
PNG,2010,79.88977896038509
PNG,2011,79.82156163052599
PNG,2012,79.75334430066687
PNG,2013,79.68512719162656
PNG,2014,79.61690986176743
PNG,2015,79.5486925319083
PNG,2016,79.47241973236761
PNG,2017,79.39837919003666
PNG,2018,79.3243386477057
PNG,2019,79.25029810537474
PNG,2020,79.17625756304376
PNG,2021,79.1022170207128
PNG,2022,79.02817647838184
PNG,2023,78.95413593605089
POL,1990,28.998661399327435
POL,1991,29.05644976982598
POL,1992,29.114238140324527
POL,1993,29.172026510823073
POL,1994,29.229814881321627
POL,1995,29.287603251820173
POL,1996,29.34539162231872
POL,1997,29.403179992817265
POL,1998,29.46096836331581
POL,1999,29.51875673381436
POL,2000,29.576545104312906
POL,2001,29.66469685592086
POL,2002,29.752848607528815
POL,2003,29.84587251828631
POL,2004,29.925244017889202
POL,2005,30.013384258805864
POL,2006,30.10250718203186
POL,2007,30.190650300339517
POL,2008,30.280770486451193
POL,2009,30.37090244220974
POL,2010,30.4590570719603
POL,2011,30.523462756751464
POL,2012,30.583893932466854
POL,2013,30.64432905522354
POL,2014,30.705770926548876
POL,2015,30.76521114340769
POL,2016,30.81420033312649
POL,2017,30.85339168490153
POL,2018,30.894601038638665
POL,2019,30.939858220900984
POL,2020,30.977035899781143
POL,2021,31.01927474681477
POL,2022,31.059492306184456
POL,2023,31.08041923792732
PRE,1990,33.160870551528575
PRE,1991,33.01177471021591
PRE,1992,32.862678868903245
PRE,1993,32.59197692358842
PRE,1994,32.443549886315985
PRE,1995,32.295122849043565
PRE,1996,32.146695811771146
PRE,1997,31.998268774498715
PRE,1998,31.849841737226292
PRE,1999,31.701414699953872
PRE,2000,31.552987662681446
PRE,2001,31.393292286692905
PRE,2002,31.233596910704364
PRE,2003,31.07390153471582
PRE,2004,30.879522634475087
PRE,2005,30.719932775571575
PRE,2006,30.56045348713875
PRE,2007,30.400888696059084
PRE,2008,30.241330677121837
PRE,2009,30.086946854701676
PRE,2010,29.92621849771676
PRE,2011,29.736268873666802
PRE,2012,27.233762284606765
PRE,2013,27.059318478747098
PRE,2014,26.884597199292887
PRE,2015,26.70978930879879
PRE,2016,26.5274001430678
PRE,2017,26.349098187952862
PRE,2018,26.172624567340744
PRE,2019,25.991142317190775
PRE,2020,25.81166596813751
PRE,2021,25.630837601600554
PRE,2022,25.45087669666861
PRI,1990,36.113866967305526
PRI,1991,37.340698985343856
PRI,1992,38.567531003382186
PRI,1993,39.79436302142052
PRI,1994,41.021195039458846
PRI,1995,42.24802705749718
PRI,1996,43.47485907553551
PRI,1997,44.70169109357384
PRI,1998,45.92852311161218
PRI,1999,47.15535512965051
PRI,2000,48.38218714768884
PRI,2001,49.08455467869222
PRI,2002,49.786922209695604
PRI,2003,50.489289740698986
PRI,2004,51.19165727170236
PRI,2005,51.89402480270575
PRI,2006,52.59639233370913
PRI,2007,53.29875986471252
PRI,2008,54.0011273957159
PRI,2009,54.70349492671927
PRI,2010,55.40586245772266
PRI,2011,55.46065388951522
PRI,2012,55.51544532130778
PRI,2013,55.57023675310033
PRI,2014,55.62502818489289
PRI,2015,55.67981961668546
PRI,2016,55.735062006764366
PRI,2017,55.7903043968433
PRI,2018,55.845546786922206
PRI,2019,55.90078917700112
PRI,2020,55.956031567080046
PRI,2021,56.011273957158956
PRI,2022,56.06651634723788
PRI,2023,56.121758737316796
PRK,1990,57.40411925919774
PRK,1991,57.02430030728345
PRK,1992,56.644481355369145
PRK,1993,56.26466240345486
PRK,1994,55.88484345154057
PRK,1995,55.50502449962627
PRK,1996,55.12520554771198
PRK,1997,54.74538659579768
PRK,1998,54.365567643883395
PRK,1999,53.98574869196911
PRK,2000,53.60592974005481
PRK,2001,53.429615480441825
PRK,2002,53.25330122082884
PRK,2003,53.076986961215844
PRK,2004,52.90067270160286
PRK,2005,52.72435844198987
PRK,2006,52.54804418237688
PRK,2007,52.37172992276389
PRK,2008,52.195415663150904
PRK,2009,52.01910140353792
PRK,2010,51.84278714392493
PRK,2011,51.66647288431193
PRK,2012,51.49015862469894
PRK,2013,51.313844365085956
PRK,2014,51.13753010547296
PRK,2015,50.961215845859975
PRK,2016,50.784818536666386
PRK,2017,50.61041441740719
PRK,2018,50.43601029814799
PRK,2019,50.25330122082884
PRK,2020,50.078897101569645
PRK,2021,49.90449298231044
PRK,2022,49.73008886305124
PRK,2023,49.55070176895607
PRT,1990,37.14754098360656
PRT,1991,37.01857923497268
PRT,1992,36.8896174863388
PRT,1993,36.760655737704916
PRT,1994,36.63169398907104
PRT,1995,36.502732240437155
PRT,1996,36.373770491803285
PRT,1997,36.2448087431694
PRT,1998,36.11584699453552
PRT,1999,35.98688524590164
PRT,2000,35.857923497267755
PRT,2001,35.826229508196725
PRT,2002,35.79453551912568
PRT,2003,35.762841530054644
PRT,2004,35.731147540983606
PRT,2005,35.711162129659996
PRT,2006,35.67945774570897
PRT,2007,35.64775336175796
PRT,2008,35.61604897780693
PRT,2009,35.53772245878371
PRT,2010,35.50605961349492
PRT,2011,35.63707828365542
PRT,2012,35.76809695381592
PRT,2013,35.89315890364303
PRT,2014,36.023998532840785
PRT,2015,36.154994891142024
PRT,2016,36.154994891142024
PRT,2017,36.154994891142024
PRT,2018,36.154994891142024
PRT,2019,36.154994891142024
PRT,2020,36.154994891142024
PRT,2021,36.154994891142024
PRT,2022,36.154994891142024
PRT,2023,36.154994891142024
PRY,1990,64.29866599546942
PRY,1991,63.65577397432671
PRY,1992,63.012881953183985
PRY,1993,62.36998993204128
PRY,1994,61.727097910898564
PRY,1995,61.08420588975585
PRY,1996,60.441313868613136
PRY,1997,59.79842184747043
PRY,1998,59.155529826327715
PRY,1999,58.512637805184994
PRY,2000,57.86974578404228
PRY,2001,57.008572866851246
PRY,2002,56.147399949660205
PRY,2003,55.28622703246916
PRY,2004,54.42505411527813
PRY,2005,53.56388119808708
PRY,2006,52.70270828089605
PRY,2007,51.84153536370501
PRY,2008,50.98036244651397
PRY,2009,50.119189529322924
PRY,2010,49.2580166121319
PRY,2011,48.21534356909137
PRY,2012,47.172670526050844
PRY,2013,46.12999748301032
PRY,2014,45.0873244399698
PRY,2015,44.04465139692927
PRY,2016,43.62730933803171
PRY,2017,42.638484772212436
PRY,2018,41.93538887490561
PRY,2019,41.2323181474956
PRY,2020,40.529222250188774
PRY,2021,39.826143216712815
PRY,2022,39.25029355546718
PRY,2023,38.54492526401281
PSE,1990,1.5083056478405314
PSE,1991,1.5083056478405314
PSE,1992,1.5083056478405314
PSE,1993,1.5083056478405314
PSE,1994,1.5083056478405314
PSE,1995,1.5083056478405314
PSE,1996,1.5083056478405314
PSE,1997,1.5083056478405314
PSE,1998,1.5083056478405314
PSE,1999,1.5083056478405314
PSE,2000,1.5083056478405314
PSE,2001,1.5227574750830566
PSE,2002,1.5372093023255815
PSE,2003,1.5516611295681062
PSE,2004,1.5661129568106311
PSE,2005,1.5805647840531563
PSE,2006,1.595016611295681
PSE,2007,1.609468438538206
PSE,2008,1.623920265780731
PSE,2009,1.638372093023256
PSE,2010,1.6528239202657806
PSE,2011,1.6591362126245845
PSE,2012,1.6654485049833887
PSE,2013,1.6717607973421926
PSE,2014,1.6780730897009968
PSE,2015,1.684385382059801
PSE,2016,1.684385382059801
PSE,2017,1.684385382059801
PSE,2018,1.684385382059801
PSE,2019,1.684385382059801
PSE,2020,1.684385382059801
PSE,2021,1.68298755186722
PSE,2022,1.68298755186722
PSE,2023,1.68298755186722
PSS,1990,65.44957047406935
PSS,1991,65.90227414330218
PSS,1992,65.99006230529595
PSS,1993,66.07785046728972
PSS,1994,66.16563862928349
PSS,1995,66.25342679127726
PSS,1996,66.34121495327103
PSS,1997,66.42900311526479
PSS,1998,66.51679127725856
PSS,1999,66.60457943925235
PSS,2000,66.6923676012461
PSS,2001,66.77940809968847
PSS,2002,66.86644859813084
PSS,2003,66.95348909657321
PSS,2004,67.04052959501557
PSS,2005,67.12757009345795
PSS,2006,67.21461059190031
PSS,2007,67.30165109034267
PSS,2008,67.38869158878505
PSS,2009,67.47573208722741
PSS,2010,67.56277258566978
PSS,2011,67.64959501557632
PSS,2012,67.73641744548287
PSS,2013,67.8232398753894
PSS,2014,67.91006230529595
PSS,2015,67.99688473520249
PSS,2016,68.08395638629284
PSS,2017,68.22400623538581
PSS,2018,68.31114575214342
PSS,2019,68.39812938425565
PSS,2020,68.48511301636789
PSS,2021,68.57209664848013
PSS,2022,68.65908028059236
PST,1990,31.628694607231466
PST,1991,31.646718209758443
PST,1992,31.460489526360853
PST,1993,31.4868871783227
PST,1994,31.506864851689063
PST,1995,31.526838535019422
PST,1996,31.546847800063286
PST,1997,31.56690249110703
PST,1998,31.586984551836252
PST,1999,31.606973914071165
PST,2000,31.613814149328665
PST,2001,31.638026669792005
PST,2002,31.66433627718648
PST,2003,31.687818388985594
PST,2004,31.712149483285472
PST,2005,31.736261473515516
PST,2006,31.760801235044145
PST,2007,31.784701109373252
PST,2008,31.82386872805012
PST,2009,31.846958424277005
PST,2010,31.869456156721498
PST,2011,31.90901964454428
PST,2012,31.948638647021422
PST,2013,31.99062574454814
PST,2014,32.02989424057894
PST,2015,32.07017884734381
PST,2016,32.09863030004411
PST,2017,32.094265455375755
PST,2018,32.09872404376014
PST,2019,32.10377359565691
PST,2020,32.1103612885761
PST,2021,32.29796044075623
PST,2022,32.30367874126948
PYF,1990,39.46174863387978
PYF,1991,39.574316939890714
PYF,1992,39.686885245901635
PYF,1993,39.79945355191257
PYF,1994,39.9120218579235
PYF,1995,40.024590163934434
PYF,1996,40.137158469945355
PYF,1997,40.24972677595628
PYF,1998,40.36229508196721
PYF,1999,40.47486338797815
PYF,2000,42.79746470757706
PYF,2001,42.82368193604149
PYF,2002,42.849899164505906
PYF,2003,42.876116392970324
PYF,2004,42.90233362143475
PYF,2005,42.92855084989916
PYF,2006,42.954768078363585
PYF,2007,42.980985306828
PYF,2008,43.00720253529242
PYF,2009,43.03341976375684
PYF,2010,43.059636992221265
PYF,2011,43.059636992221265
PYF,2012,43.059636992221265
PYF,2013,43.059636992221265
PYF,2014,43.059636992221265
PYF,2015,43.059636992221265
PYF,2016,43.059636992221265
PYF,2017,43.059636992221265
PYF,2018,43.059636992221265
PYF,2019,43.059636992221265
PYF,2020,43.059636992221265
PYF,2021,43.059636992221265
PYF,2022,43.059636992221265
PYF,2023,43.059636992221265
QAT,1990,0.0
QAT,1991,0.0
QAT,1992,0.0
QAT,1993,0.0
QAT,1994,0.0
QAT,1995,0.0
QAT,1996,0.0
QAT,1997,0.0
QAT,1998,0.0
QAT,1999,0.0
QAT,2000,0.0
QAT,2001,0.0
QAT,2002,0.0
QAT,2003,0.0
QAT,2004,0.0
QAT,2005,0.0
QAT,2006,0.0
QAT,2007,0.0
QAT,2008,0.0
QAT,2009,0.0
QAT,2010,0.0
QAT,2011,0.0
QAT,2012,0.0
QAT,2013,0.0
QAT,2014,0.0
QAT,2015,0.0
QAT,2016,0.0
QAT,2017,0.0
QAT,2018,0.0
QAT,2019,0.0
QAT,2020,0.0
QAT,2021,0.0
QAT,2022,0.0
QAT,2023,0.0
ROU,1990,27.778504469151947
ROU,1991,27.763008803277263
ROU,1992,27.760829774252592
ROU,1993,27.758650745227925
ROU,1994,27.750424818090714
ROU,1995,27.750664516972417
ROU,1996,27.744858835831298
ROU,1997,27.741471703045356
ROU,1998,27.73204407857485
ROU,1999,27.728658536585364
ROU,2000,27.713203604544862
ROU,2001,27.77806799878107
ROU,2002,27.823552442684996
ROU,2003,27.878669275929553
ROU,2004,27.937391304347827
ROU,2005,28.00460909644317
ROU,2006,28.069397338899034
ROU,2007,28.14519987820262
ROU,2008,28.20878642888212
ROU,2009,28.25393375641137
ROU,2010,28.3199304499022
ROU,2011,28.640535256549505
ROU,2012,28.994800452134594
ROU,2013,29.329113593879057
ROU,2014,29.658240611961055
ROU,2015,29.99374130737135
ROU,2016,30.115829276773297
ROU,2017,30.115829276773297
ROU,2018,30.115829276773297
ROU,2019,30.115829276773297
ROU,2020,30.115829276773297
ROU,2021,30.115829276773297
ROU,2022,30.115829276773297
ROU,2023,30.115829276773297
RUS,1992,49.36034704193729
RUS,1993,49.37364779344545
RUS,1994,49.39021068496881
RUS,1995,49.401051874483315
RUS,1996,49.40426402311399
RUS,1997,49.40412793484201
RUS,1998,49.39808073840293
RUS,1999,49.37829247442263
RUS,2000,49.40184990971434
RUS,2001,49.440381943342175
RUS,2002,49.474689486683914
RUS,2003,49.51038521504818
RUS,2004,49.54544561061655
RUS,2005,49.58077733330322
RUS,2006,49.62765070150093
RUS,2007,49.66347432551744
RUS,2008,49.70193816034443
RUS,2009,49.737763687444556
RUS,2010,49.773589214544664
RUS,2011,49.771083973921755
RUS,2012,49.76857873329886
RUS,2013,49.76607349267595
RUS,2014,49.76356825205305
RUS,2015,49.761063011430146
RUS,2016,49.77269771329931
RUS,2017,49.78436050356387
RUS,2018,49.78436050356387
RUS,2019,49.78436050356387
RUS,2020,49.78436050356387
RUS,2021,49.78436050356387
RUS,2022,49.78436050356387
RUS,2023,49.78436050356387
RWA,1990,12.849614916903121
RWA,1991,12.72800972841508
RWA,1992,12.606404539927038
RWA,1993,12.484799351438996
RWA,1994,12.363194162950952
RWA,1995,12.24158897446291
RWA,1996,12.119983785974869
RWA,1997,11.998378597486827
RWA,1998,11.876773408998783
RWA,1999,11.755168220510742
RWA,2000,11.6335630320227
RWA,2001,11.544385893798136
RWA,2002,11.455208755573572
RWA,2003,11.366031617349007
RWA,2004,11.276854479124443
RWA,2005,11.187677340899878
RWA,2006,11.098500202675314
RWA,2007,11.00932306445075
RWA,2008,10.920145926226185
RWA,2009,10.830968788001622
RWA,2010,10.741791649777058
RWA,2011,10.782326712606405
RWA,2012,10.822861775435753
RWA,2013,10.8633968382651
RWA,2014,10.903931901094447
RWA,2015,10.944466963923794
RWA,2016,11.025537089582489
RWA,2017,11.066072152411836
RWA,2018,11.106607215241183
RWA,2019,11.14714227807053
RWA,2020,11.187677340899878
RWA,2021,11.228212403729227
RWA,2022,11.268747466558574
RWA,2023,11.309282529387922
SAS,1990,22.761049827880218
SAS,1991,22.87061556399063
SAS,1992,22.980181300101037
SAS,1993,23.089747036211453
SAS,1994,23.247267591671967
SAS,1995,23.357059808848163
SAS,1996,23.466852055882505
SAS,1997,23.576644273058694
SAS,1998,23.686436490234893
SAS,1999,23.79622870741109
SAS,2000,23.90352292268743
SAS,2001,23.965943030643196
SAS,2002,24.028363138598966
SAS,2003,24.09078324655473
SAS,2004,24.165345475302413
SAS,2005,24.227796962635875
SAS,2006,24.29024844996934
SAS,2007,24.352699937302802
SAS,2008,24.415151424636264
SAS,2009,24.477602882099696
SAS,2010,24.540054369433165
SAS,2011,24.62142917949709
SAS,2012,24.702803989561023
SAS,2013,24.78417879962495
SAS,2014,24.865553609688885
SAS,2015,24.95301790846783
SAS,2016,25.032056615876623
SAS,2017,25.111296614597883
SAS,2018,25.19078498028392
SAS,2019,25.27002221176534
SAS,2020,25.349296835085642
SAS,2021,25.428537709776787
SAS,2022,25.50777858446793
SAU,1990,0.4544841349217794
SAU,1991,0.4544841349217794
SAU,1992,0.4544841349217794
SAU,1993,0.4544841349217794
SAU,1994,0.4544841349217794
SAU,1995,0.4544841349217794
SAU,1996,0.4544841349217794
SAU,1997,0.4544841349217794
SAU,1998,0.4544841349217794
SAU,1999,0.4544841349217794
SAU,2000,0.4544841349217794
SAU,2001,0.4544841349217794
SAU,2002,0.4544841349217794
SAU,2003,0.4544841349217794
SAU,2004,0.4544841349217794
SAU,2005,0.4544841349217794
SAU,2006,0.4544841349217794
SAU,2007,0.4544841349217794
SAU,2008,0.4544841349217794
SAU,2009,0.4544841349217794
SAU,2010,0.4544841349217794
SAU,2011,0.4544841349217794
SAU,2012,0.4544841349217794
SAU,2013,0.4544841349217794
SAU,2014,0.4544841349217794
SAU,2015,0.4544841349217794
SAU,2016,0.4544841349217794
SAU,2017,0.4544841349217794
SAU,2018,0.4544841349217794
SAU,2019,0.4544841349217794
SAU,2020,0.4544841349217794
SAU,2021,0.4544841349217794
SAU,2022,0.4544841349217794
SAU,2023,0.4544841349217794
SDN,2012,10.563529978586724
SDN,2013,10.470249464668095
SDN,2014,10.376968950749465
SDN,2015,10.283688436830834
SDN,2016,10.197103854389722
SDN,2017,10.104941113490364
SDN,2018,10.012847965738757
SDN,2019,9.920770877944324
SDN,2020,9.828693790149893
SDN,2021,9.736081370449678
SDN,2022,9.644004282655247
SDN,2023,9.55196466809422
SEN,1990,48.3205734171298
SEN,1991,48.08684360878824
SEN,1992,47.85311380044669
SEN,1993,47.61938399210513
SEN,1994,47.38565418376357
SEN,1995,47.15192437542201
SEN,1996,46.918194567080455
SEN,1997,46.684464758738905
SEN,1998,46.45073495039734
SEN,1999,46.21700514205579
SEN,2000,45.98327533371423
SEN,2001,45.78330649768868
SEN,2002,45.58333766166312
SEN,2003,45.38336882563757
SEN,2004,45.18339998961201
SEN,2005,44.98343115358646
SEN,2006,44.783462317560904
SEN,2007,44.58349348153535
SEN,2008,44.383524645509794
SEN,2009,44.18355580948424
SEN,2010,43.983586973458685
SEN,2011,43.77582714382174
SEN,2012,43.5680673141848
SEN,2013,43.36030748454787
SEN,2014,43.152547654910926
SEN,2015,42.94478782527399
SEN,2016,42.73702799563704
SEN,2017,42.52926816600011
SEN,2018,42.321508336363166
SEN,2019,42.11374850672623
SEN,2020,41.90598867708929
SEN,2021,41.69822884745235
SEN,2022,41.49046901781541
SEN,2023,41.282709188178465
SGP,1990,22.129701492537315
SGP,1991,22.456119402985077
SGP,1992,22.782388059701493
SGP,1993,23.108805970149255
SGP,1994,23.43507462686567
SGP,1995,23.761492537313433
SGP,1996,24.087910447761196
SGP,1997,24.41417910447761
SGP,1998,24.740597014925374
SGP,1999,25.066865671641786
SGP,2000,25.39328358208955
SGP,2001,25.501641791044776
SGP,2002,25.420444444444446
SGP,2003,25.082241630276563
SGP,2004,25.114949201741656
SGP,2005,25.22046444121916
SGP,2006,25.143515850144087
SGP,2007,25.21194244604316
SGP,2008,25.135714285714283
SGP,2009,25.239571428571434
SGP,2010,25.27122507122507
SGP,2011,24.838920454545452
SGP,2012,24.409065155807365
SGP,2013,24.015558698727013
SGP,2014,23.58984485190409
SGP,2015,23.231875881523276
SGP,2016,22.969675599435824
SGP,2017,22.626404494382022
SGP,2018,22.3109243697479
SGP,2019,21.997206703910617
SGP,2020,21.685236768802227
SGP,2021,21.434540389972145
SGP,2022,21.18384401114206
SGP,2023,20.93314763231198
SLB,1990,90.92211504108609
SLB,1991,90.8959985709182
SLB,1992,90.86988210075026
SLB,1993,90.84376563058234
SLB,1994,90.81764916041443
SLB,1995,90.79153269024651
SLB,1996,90.7654162200786
SLB,1997,90.73929974991069
SLB,1998,90.71318327974276
SLB,1999,90.68706680957486
SLB,2000,90.66095033940694
SLB,2001,90.63479814219365
SLB,2002,90.60864594498035
SLB,2003,90.58249374776707
SLB,2004,90.55634155055378
SLB,2005,90.53018935334049
SLB,2006,90.5040371561272
SLB,2007,90.47788495891389
SLB,2008,90.4517327617006
SLB,2009,90.42558056448732
SLB,2010,90.39942836727403
SLB,2011,90.37327617006073
SLB,2012,90.34712397284744
SLB,2013,90.32097177563415
SLB,2014,90.29481957842087
SLB,2015,90.26866738120758
SLB,2016,90.24258663808503
SLB,2017,90.21650589496248
SLB,2018,90.19042515183993
SLB,2019,90.1643444087174
SLB,2020,90.13826366559485
SLB,2021,90.11218292247231
SLB,2022,90.08610217934975
SLB,2023,90.06002143622722
SLE,1990,43.31809365475201
SLE,1991,43.04479080077584
SLE,1992,42.77148794679967
SLE,1993,42.49818509282349
SLE,1994,42.22488223884732
SLE,1995,41.95157938487116
SLE,1996,41.67827653089498
SLE,1997,41.404973676918814
SLE,1998,41.131670822942645
SLE,1999,40.858367968966476
SLE,2000,40.5850651149903
SLE,2001,40.31176226101413
SLE,2002,40.038459407037955
SLE,2003,39.76515655306179
SLE,2004,39.491853699085624
SLE,2005,39.21855084510945
SLE,2006,38.94524799113328
SLE,2007,38.6719451371571
SLE,2008,38.39864228318093
SLE,2009,38.125339429204764
SLE,2010,37.852036575228595
SLE,2011,37.57874757550568
SLE,2012,37.305458575782765
SLE,2013,37.03216957605985
SLE,2014,36.758880576336935
SLE,2015,36.48559157661402
SLE,2016,36.21224715987808
SLE,2017,35.93890274314215
SLE,2018,35.66555832640621
SLE,2019,35.39221390967027
SLE,2020,35.11886949293433
SLE,2021,34.84552507619839
SLE,2022,34.572180659462454
SLE,2023,34.29883624272652
SLV,1990,34.6949806949807
SLV,1991,34.477799227799224
SLV,1992,34.26061776061776
SLV,1993,34.043436293436294
SLV,1994,33.826254826254825
SLV,1995,33.60907335907336
SLV,1996,33.391891891891895
SLV,1997,33.174710424710426
SLV,1998,32.95752895752896
SLV,1999,32.740347490347496
SLV,2000,32.52316602316602
SLV,2001,32.30598455598456
SLV,2002,32.08880308880309
SLV,2003,31.87162162162162
SLV,2004,31.654440154440156
SLV,2005,31.43725868725869
SLV,2006,31.22007722007722
SLV,2007,31.002895752895753
SLV,2008,30.78571428571429
SLV,2009,30.568532818532816
SLV,2010,30.35135135135135
SLV,2011,30.134169884169886
SLV,2012,29.916988416988417
SLV,2013,29.699806949806952
SLV,2014,29.482625482625487
SLV,2015,29.265444015444015
SLV,2016,29.04826254826255
SLV,2017,28.831081081081084
SLV,2018,28.613899613899612
SLV,2019,28.396718146718147
SLV,2020,28.17953667953668
SLV,2021,27.96235521235521
SLV,2022,27.745173745173744
SLV,2023,27.52799227799228
SMR,1990,16.666666666666664
SMR,1991,16.666666666666664
SMR,1992,16.666666666666664
SMR,1993,16.666666666666664
SMR,1994,16.666666666666664
SMR,1995,16.666666666666664
SMR,1996,16.666666666666664
SMR,1997,16.666666666666664
SMR,1998,16.666666666666664
SMR,1999,16.666666666666664
SMR,2000,16.666666666666664
SMR,2001,16.666666666666664
SMR,2002,16.666666666666664
SMR,2003,16.666666666666664
SMR,2004,16.666666666666664
SMR,2005,16.666666666666664
SMR,2006,16.666666666666664
SMR,2007,16.666666666666664
SMR,2008,16.666666666666664
SMR,2009,16.666666666666664
SMR,2010,16.666666666666664
SMR,2011,16.666666666666664
SMR,2012,16.666666666666664
SMR,2013,16.666666666666664
SMR,2014,16.666666666666664
SMR,2015,16.666666666666664
SMR,2016,16.666666666666664
SMR,2017,16.666666666666664
SMR,2018,16.666666666666664
SMR,2019,16.666666666666664
SMR,2020,16.666666666666664
SMR,2021,16.666666666666664
SMR,2022,16.666666666666664
SMR,2023,16.666666666666664
SOM,1990,13.202569579494373
SOM,1991,13.080227627761658
SOM,1992,12.957885676028946
SOM,1993,12.835543724296237
SOM,1994,12.713201772563524
SOM,1995,12.59085982083081
SOM,1996,12.468517869098097
SOM,1997,12.346175917365384
SOM,1998,12.223833965632672
SOM,1999,12.101492013899959
SOM,2000,11.979150062167246
SOM,2001,11.856808110434534
SOM,2002,11.73446615870182
SOM,2003,11.612124206969106
SOM,2004,11.489782255236394
SOM,2005,11.367440303503683
SOM,2006,11.24509835177097
SOM,2007,11.122756400038257
SOM,2008,11.000414448305545
SOM,2009,10.87807249657283
SOM,2010,10.755730544840118
SOM,2011,10.633388593107405
SOM,2012,10.511046641374692
SOM,2013,10.388704689641981
SOM,2014,10.266362737909269
SOM,2015,10.144020786176554
SOM,2016,10.021678834443842
SOM,2017,9.899336882711129
SOM,2018,9.776994930978416
SOM,2019,9.654652979245704
SOM,2020,9.532311027512991
SOM,2021,9.40996907578028
SOM,2022,9.287627124047566
SOM,2023,9.165285172314853
SRB,2006,29.862794420306425
SRB,2007,30.15206951749371
SRB,2008,30.441344614681
SRB,2009,30.730619711868286
SRB,2010,31.01989480905557
SRB,2011,31.034827349645553
SRB,2012,31.049759890235535
SRB,2013,31.06469243082552
SRB,2014,31.079624971415505
SRB,2015,31.094557512005487
SRB,2016,31.101989480905555
SRB,2017,31.121198262062656
SRB,2018,31.12279899382575
SRB,2019,31.125314429453464
SRB,2020,32.37780948983232
SRB,2021,32.38125817576407
SRB,2022,32.38581638720418
SRB,2023,32.389634914972056
SSA,1990,33.90254316164241
SSA,1991,33.75247808942344
SSA,1992,33.602413017204476
SSA,1993,33.34177461501154
SSA,1994,33.192302231552496
SSA,1995,33.04282984809345
SSA,1996,32.893357464634406
SSA,1997,32.743885081175364
SSA,1998,32.59441269771632
SSA,1999,32.44494031425729
SSA,2000,32.295467930798246
SSA,2001,32.136932298222845
SSA,2002,31.978396665647445
SSA,2003,31.819861033072048
SSA,2004,31.630098951176983
SSA,2005,31.471653348452115
SSA,2006,31.313307319197634
SSA,2007,31.154884272783093
SSA,2008,30.99646731382227
SSA,2009,30.838070210940348
SSA,2010,30.67862335185901
SSA,2011,30.497254377834366
SSA,2012,28.1679882970907
SSA,2013,27.999249367426494
SSA,2014,27.830491991610117
SSA,2015,27.661654599369214
SSA,2016,27.48848569297499
SSA,2017,27.318921993386887
SSA,2018,27.149482132525097
SSA,2019,26.975568716268512
SSA,2020,26.803442490644695
SSA,2021,26.630100883520594
SSA,2022,26.45753697787765
SSD,2012,11.325621508711407
SSD,2013,11.325621508711407
SSD,2014,11.325621508711407
SSD,2015,11.325621508711407
SSD,2016,11.325621508711407
SSD,2017,11.325621508711407
SSD,2018,11.325621508711407
SSD,2019,11.325621508711407
SSD,2020,11.325621508711407
SSD,2021,11.325621508711407
SSD,2022,11.325621508711407
SSD,2023,11.325621508711407
SSF,1990,33.90344209305569
SSF,1991,33.753380448274314
SSF,1992,33.60331880349294
SSF,1993,32.66931809691747
SSF,1994,32.52344910933563
SSF,1995,32.377580121753795
SSF,1996,32.23171113417195
SSF,1997,32.08584214659012
SSF,1998,31.939973159008275
SSF,1999,31.794104171426437
SSF,2000,31.648235183844598
SSF,2001,31.493729822119466
SSF,2002,31.33922446039433
SSF,2003,31.1847190986692
SSF,2004,30.814670347664343
SSF,2005,30.661173424867567
SSF,2006,30.507752879414966
SSF,2007,30.354254923081093
SSF,2008,30.200877064351126
SSF,2009,30.047399752609223
SSF,2010,29.8930068151004
SSF,2011,29.717801303657268
SSF,2012,27.57710915546004
SSF,2013,27.41329976338554
SSF,2014,27.249500175799334
SSF,2015,27.085585911716393
SSF,2016,26.917523011220027
SSF,2017,26.75292310753339
SSF,2018,26.58842549816859
SSF,2019,26.419664616130007
SSF,2020,26.252615602291048
SSF,2021,26.08441025871146
SSF,2022,25.91694579492668
SST,1990,65.8510680672253
SST,1991,65.8782342287563
SST,1992,65.0799530261872
SST,1993,65.07877795669653
SST,1994,65.69907072447522
SST,1995,65.69788443349108
SST,1996,65.69669814250696
SST,1997,65.69551185152282
SST,1998,65.6943255605387
SST,1999,65.69313926955456
SST,2000,65.69195297857044
SST,2001,65.70379657669804
SST,2002,65.71564017482564
SST,2003,65.72748377295324
SST,2004,65.89229923430204
SST,2005,65.90417039184263
SST,2006,65.72604861732195
SST,2007,65.7649863018377
SST,2008,65.80392398635344
SST,2009,65.84286167086917
SST,2010,65.88179935538491
SST,2011,65.87216711956863
SST,2012,65.85958368149888
SST,2013,65.75060777341373
SST,2014,65.73804275605673
SST,2015,65.72547773869972
SST,2016,65.68932300361345
SST,2017,65.75390850183756
SST,2018,65.66731057415052
SST,2019,65.63237273063488
SST,2020,65.59754334763463
SST,2021,65.56263695766845
SST,2022,65.52956340299811
STP,1990,61.0625
STP,1991,61.03541666666668
STP,1992,61.00833333333333
STP,1993,60.98125
STP,1994,60.954166666666666
STP,1995,60.92708333333333
STP,1996,60.9
STP,1997,60.87291666666667
STP,1998,60.84583333333333
STP,1999,60.81875
STP,2000,60.791666666666664
STP,2001,60.764583333333334
STP,2002,60.7375
STP,2003,60.71041666666667
STP,2004,60.68333333333332
STP,2005,60.65625
STP,2006,60.62916666666667
STP,2007,60.60208333333333
STP,2008,60.575
STP,2009,60.547916666666666
STP,2010,60.520833333333336
STP,2011,59.875
STP,2012,59.229166666666664
STP,2013,58.58333333333333
STP,2014,57.9375
STP,2015,57.291666666666664
STP,2016,56.64583333333333
STP,2017,56.0
STP,2018,55.35416666666666
STP,2019,54.708333333333336
STP,2020,54.0625
STP,2021,53.41666666666666
STP,2022,52.770833333333336
STP,2023,52.125
SUR,1990,95.80623622767793
SUR,1991,95.78333388678581
SUR,1992,95.76043154589368
SUR,1993,95.73752920500156
SUR,1994,95.71462686410945
SUR,1995,95.69172452321732
SUR,1996,95.66882218232519
SUR,1997,95.64591984143308
SUR,1998,95.62301750054095
SUR,1999,95.60011515964882
SUR,2000,95.5772128187567
SUR,2001,95.5516626283327
SUR,2002,95.52611243790872
SUR,2003,95.50056224748474
SUR,2004,95.47501205706072
SUR,2005,95.44946186663672
SUR,2006,95.42391167621275
SUR,2007,95.39836148578875
SUR,2008,95.37281129536476
SUR,2009,95.34726110494076
SUR,2010,95.32171091451677
SUR,2011,95.26166391736817
SUR,2012,95.20161692021955
SUR,2013,95.14156992307095
SUR,2014,95.08152292592233
SUR,2015,95.02147592877374
SUR,2016,94.95076277068733
SUR,2017,94.90528206108111
SUR,2018,94.82902399456324
SUR,2019,94.75270362570349
SUR,2020,94.67644555918564
SUR,2021,94.60014575009872
SUR,2022,94.52387397706565
SUR,2023,94.44758351333
SVK,1993,39.545925155925154
SVK,1994,39.54370062370062
SVK,1995,39.54147609147609
SVK,1996,39.53925155925156
SVK,1997,39.53702702702703
SVK,1998,39.5348024948025
SVK,1999,39.53257796257796
SVK,2000,39.53035343035343
SVK,2001,39.56465696465696
SVK,2002,39.598960498960494
SVK,2003,39.6250259821243
SVK,2004,39.667567567567566
SVK,2005,39.7018711018711
SVK,2006,39.73617463617463
SVK,2007,39.77047817047817
SVK,2008,39.8047817047817
SVK,2009,39.847369515491785
SVK,2010,39.88085088686032
SVK,2011,39.899309599068374
SVK,2012,39.91528031941441
SVK,2013,39.93125103976044
SVK,2014,39.953868552412644
SVK,2015,39.96817936025956
SVK,2016,40.00353577371049
SVK,2017,40.056156405990016
SVK,2018,40.056156405990016
SVK,2019,40.056156405990016
SVK,2020,40.056156405990016
SVK,2021,40.056156405990016
SVK,2022,40.056156405990016
SVK,2023,40.056156405990016
SVN,1992,59.43396226415094
SVN,1993,59.65739821251241
SVN,1994,59.88083416087389
SVN,1995,60.104270109235344
SVN,1996,60.32770605759682
SVN,1997,60.55114200595829
SVN,1998,60.77457795431977
SVN,1999,60.99801390268124
SVN,2000,61.2214498510427
SVN,2001,61.29096325719961
SVN,2002,61.3604766633565
SVN,2003,61.42999006951341
SVN,2004,61.4995034756703
SVN,2005,61.56901688182721
SVN,2006,61.6385302879841
SVN,2007,61.70804369414101
SVN,2008,61.75854503578838
SVN,2009,61.82926466062405
SVN,2010,61.897529062552735
SVN,2011,61.908071081107906
SVN,2012,61.91892066297026
SVN,2013,61.94637537239325
SVN,2014,61.95630585898709
SVN,2015,61.958237764737426
SVN,2016,61.859298977261446
SVN,2017,61.769978299839615
SVN,2018,61.67438072346596
SVN,2019,61.57307165133788
SVN,2020,61.47225919230846
SVN,2021,61.371114002502935
SVN,2022,61.27019228859181
SVN,2023,61.174893838933166
SWE,1990,68.89335854079532
SWE,1991,68.91790807525021
SWE,1992,68.94245760970512
SWE,1993,68.96700714416002
SWE,1994,68.99155667861491
SWE,1995,69.01610621306983
SWE,1996,69.04065574752472
SWE,1997,69.06520528197963
SWE,1998,69.08975481643454
SWE,1999,69.11430435088944
SWE,2000,69.13885388534435
SWE,2001,69.11675930433493
SWE,2002,69.09466472332552
SWE,2003,69.07257014231611
SWE,2004,69.05047556130668
SWE,2005,69.02838098029727
SWE,2006,69.00628639928786
SWE,2007,68.98419181827845
SWE,2008,68.96209723726903
SWE,2009,68.94000265625962
SWE,2010,68.91790807525021
SWE,2011,68.8722459411641
SWE,2012,68.82658380707797
SWE,2013,68.78092167299185
SWE,2014,68.73525953890574
SWE,2015,68.69449813537894
SWE,2016,68.69449813537894
SWE,2017,68.69449813537894
SWE,2018,68.69449813537894
SWE,2019,68.69966607739147
SWE,2020,68.69966607739147
SWE,2021,68.69966607739147
SWE,2022,68.69966607739147
SWE,2023,68.70135291084539
SWZ,1990,26.81046511627907
SWZ,1991,26.881046511627904
SWZ,1992,26.951627906976743
SWZ,1993,27.022209302325578
SWZ,1994,27.092790697674417
SWZ,1995,27.16337209302326
SWZ,1996,27.23395348837209
SWZ,1997,27.304534883720933
SWZ,1998,27.375116279069772
SWZ,1999,27.445697674418607
SWZ,2000,27.516279069767442
SWZ,2001,27.58691860465116
SWZ,2002,27.65755813953489
SWZ,2003,27.728197674418603
SWZ,2004,27.798837209302324
SWZ,2005,27.869476744186052
SWZ,2006,27.940116279069766
SWZ,2007,28.01075581395349
SWZ,2008,28.08139534883721
SWZ,2009,28.152034883720926
SWZ,2010,28.222674418604655
SWZ,2011,28.29325581395349
SWZ,2012,28.36383720930232
SWZ,2013,28.434418604651164
SWZ,2014,28.505
SWZ,2015,28.575581395348838
SWZ,2016,28.646511627906975
SWZ,2017,28.716860465116277
SWZ,2018,28.78720930232558
SWZ,2019,28.857558139534884
SWZ,2020,28.92790697674419
SWZ,2021,28.998255813953488
SWZ,2022,29.068604651162794
SWZ,2023,29.138953488372092
SXM,2011,10.882352941176471
SXM,2012,10.882352941176471
SXM,2013,10.882352941176471
SXM,2014,10.882352941176471
SXM,2015,10.882352941176471
SXM,2016,10.882352941176471
SXM,2017,10.882352941176471
SXM,2018,10.882352941176471
SXM,2019,10.882352941176471
SXM,2020,10.882352941176471
SXM,2021,10.882352941176471
SXM,2022,10.882352941176471
SXM,2023,10.882352941176471
SYC,1990,73.26086956521739
SYC,1991,73.26086956521739
SYC,1992,73.26086956521739
SYC,1993,73.26086956521739
SYC,1994,73.26086956521739
SYC,1995,73.26086956521739
SYC,1996,73.26086956521739
SYC,1997,73.26086956521739
SYC,1998,73.26086956521739
SYC,1999,73.26086956521739
SYC,2000,73.26086956521739
SYC,2001,73.26086956521739
SYC,2002,73.26086956521739
SYC,2003,73.26086956521739
SYC,2004,73.26086956521739
SYC,2005,73.26086956521739
SYC,2006,73.26086956521739
SYC,2007,73.26086956521739
SYC,2008,73.26086956521739
SYC,2009,73.26086956521739
SYC,2010,73.26086956521739
SYC,2011,73.26086956521739
SYC,2012,73.26086956521739
SYC,2013,73.26086956521739
SYC,2014,73.26086956521739
SYC,2015,73.26086956521739
SYC,2016,73.26086956521739
SYC,2017,73.26086956521739
SYC,2018,73.26086956521739
SYC,2019,73.26086956521739
SYC,2020,73.26086956521739
SYC,2021,73.26086956521739
SYC,2022,73.26086956521739
SYC,2023,73.26086956521739
SYR,1990,2.0245946240069648
SYR,1991,2.0572423549896617
SYR,1992,2.089890085972358
SYR,1993,2.122537816955055
SYR,1994,2.155185547937752
SYR,1995,2.1878332789204484
SYR,1996,2.2204810099031453
SYR,1997,2.253128740885842
SYR,1998,2.2857764718685383
SYR,1999,2.318424202851235
SYR,2000,2.351071933833932
SYR,2001,2.3837196648166286
SYR,2002,2.4163673957993255
SYR,2003,2.451549648673675
SYR,2004,2.4845018249169253
SYR,2005,2.5171869041782426
SYR,2006,2.5490388280782006
SYR,2007,2.5815726421258987
SYR,2008,2.6142452624700505
SYR,2009,2.646917882814202
SYR,2010,2.67973642650983
SYR,2011,2.712410826117737
SYR,2012,2.745085225725644
SYR,2013,2.7777596253335513
SYR,2014,2.8104340249414586
SYR,2015,2.8431084245493654
SYR,2016,2.8431084245493654
SYR,2017,2.8431084245493654
SYR,2018,2.8431084245493654
SYR,2019,2.8431084245493654
SYR,2020,2.8431084245493654
SYR,2021,2.8431084245493654
SYR,2022,2.8426727658879267
SYR,2023,2.8431084245493654
TCA,1990,11.073684210526316
TCA,1991,11.073684210526316
TCA,1992,11.073684210526316
TCA,1993,11.073684210526316
TCA,1994,11.073684210526316
TCA,1995,11.073684210526316
TCA,1996,11.073684210526316
TCA,1997,11.073684210526316
TCA,1998,11.073684210526316
TCA,1999,11.073684210526316
TCA,2000,11.073684210526316
TCA,2001,11.073684210526316
TCA,2002,11.073684210526316
TCA,2003,11.073684210526316
TCA,2004,11.073684210526316
TCA,2005,11.073684210526316
TCA,2006,11.073684210526316
TCA,2007,11.073684210526316
TCA,2008,11.073684210526316
TCA,2009,11.073684210526316
TCA,2010,11.073684210526316
TCA,2011,11.073684210526316
TCA,2012,11.073684210526316
TCA,2013,11.073684210526316
TCA,2014,11.073684210526316
TCA,2015,11.073684210526316
TCA,2016,11.073684210526316
TCA,2017,11.073684210526316
TCA,2018,11.073684210526316
TCA,2019,11.073684210526316
TCA,2020,11.073684210526316
TCA,2021,11.073684210526316
TCA,2022,11.073684210526316
TCA,2023,11.073684210526316
TCD,1990,5.344663278271919
TCD,1991,5.314723634053367
TCD,1992,5.284783989834816
TCD,1993,5.254844345616264
TCD,1994,5.224904701397713
TCD,1995,5.194965057179162
TCD,1996,5.16502541296061
TCD,1997,5.135085768742059
TCD,1998,5.105146124523507
TCD,1999,5.0752064803049555
TCD,2000,5.0452668360864035
TCD,2001,4.979907878017789
TCD,2002,4.9145489199491745
TCD,2003,4.849189961880559
TCD,2004,4.783831003811944
TCD,2005,4.718472045743329
TCD,2006,4.653113087674714
TCD,2007,4.587754129606099
TCD,2008,4.522395171537484
TCD,2009,4.45703621346887
TCD,2010,4.391677255400253
TCD,2011,4.290025412960611
TCD,2012,4.188373570520966
TCD,2013,4.086721728081322
TCD,2014,3.9850698856416775
TCD,2015,3.8834180432020333
TCD,2016,3.7873252858958066
TCD,2017,3.6936149936467597
TCD,2018,3.6014930114358323
TCD,2019,3.5117534942820843
TCD,2020,3.425190597204574
TCD,2021,3.3365099269377385
TCD,2022,3.249241105463786
TCD,2023,3.1610310514612454
TEA,1990,28.902708383381853
TEA,1991,28.89516425207105
TEA,1992,28.88303873182642
TEA,1993,28.870913217909642
TEA,1994,28.858787697665015
TEA,1995,28.846680431175326
TEA,1996,28.834573155690872
TEA,1997,28.822447620100515
TEA,1998,28.81032208451017
TEA,1999,28.798196548919822
TEA,2000,28.692550009825386
TEA,2001,28.813695610237193
TEA,2002,28.935871956494687
TEA,2003,29.044669127529932
TEA,2004,29.166477072013592
TEA,2005,29.28262500301364
TEA,2006,29.39803619207133
TEA,2007,29.519485616028724
TEA,2008,29.640531405896212
TEA,2009,29.761707569150737
TEA,2010,29.882208128481846
TEA,2011,29.918836363908415
TEA,2012,29.95536374192072
TEA,2013,29.992933613895083
TEA,2014,30.028836360417753
TEA,2015,30.065398886359727
TEA,2016,30.19550187641993
TEA,2017,30.197766192014477
TEA,2018,30.247480086724234
TEA,2019,30.297160090120173
TEA,2020,30.346427943161135
TEA,2021,30.36733345129391
TEA,2022,30.416972341163053
TEC,1992,38.721264737691854
TEC,1993,38.73681561548119
TEC,1994,38.75423122738109
TEC,1995,38.76854601305432
TEC,1996,38.77836190719811
TEC,1997,38.786440253604454
TEC,1998,38.7914864837283
TEC,1999,38.789157837108526
TEC,2000,38.79264083765608
TEC,2001,38.831474136638846
TEC,2002,38.870687693329366
TEC,2003,38.907763333684166
TEC,2004,38.94433507680201
TEC,2005,38.98142164905422
TEC,2006,38.99962352185735
TEC,2007,39.03901878353838
TEC,2008,39.07958960751479
TEC,2009,39.11853483551685
TEC,2010,39.157674117276386
TEC,2011,39.17204732327981
TEC,2012,39.18670523897862
TEC,2013,39.201041031285754
TEC,2014,39.217294593864935
TEC,2015,39.22343780606183
TEC,2016,39.24216667522887
TEC,2017,39.26165445164376
TEC,2018,39.27415587481293
TEC,2019,39.28694624813319
TEC,2020,39.3051266358553
TEC,2021,39.31768473267096
TEC,2022,39.33038967667701
TGO,1990,25.035116749402462
TGO,1991,24.863769075197645
TGO,1992,24.69242140099283
TGO,1993,24.52107372678801
TGO,1994,24.349726052583197
TGO,1995,24.17837837837838
TGO,1996,24.00703070417356
TGO,1997,23.835683029968745
TGO,1998,23.664335355763928
TGO,1999,23.492987681559114
TGO,2000,23.32164000735429
TGO,2001,23.267229270086414
TGO,2002,23.21281853281853
TGO,2003,23.158407795550655
TGO,2004,23.103997058282772
TGO,2005,23.049586321014893
TGO,2006,22.995175583747013
TGO,2007,22.94076484647913
TGO,2008,22.886354109211254
TGO,2009,22.83194337194337
TGO,2010,22.77753263467549
TGO,2011,22.72311086596801
TGO,2012,22.668689097260526
TGO,2013,22.61426732855304
TGO,2014,22.55984555984556
TGO,2015,22.505423791138078
TGO,2016,22.451002022430593
TGO,2017,22.396580253723112
TGO,2018,22.342158485015627
TGO,2019,22.287736716308142
TGO,2020,22.233314947600665
TGO,2021,22.17889317889318
TGO,2022,22.124471410185695
TGO,2023,22.070049641478214
THA,1990,37.896611795102665
THA,1991,37.82555931805281
THA,1992,37.75450684100296
THA,1993,37.6834543639531
THA,1994,37.61240188690324
THA,1995,37.54134940985339
THA,1996,37.470296932803535
THA,1997,37.39924445575368
THA,1998,37.32819197870383
THA,1999,37.257139501653974
THA,2000,37.18608702460412
THA,2001,37.396504139834406
THA,2002,37.60692125506469
THA,2003,37.817338370294976
THA,2004,38.02775548552526
THA,2005,38.23817260075554
THA,2006,38.44858971598583
THA,2007,38.65900683121611
THA,2008,38.869423946446396
THA,2009,39.07984106167668
THA,2010,39.29025817690697
THA,2011,39.28556049247392
THA,2012,39.280862808040865
THA,2013,39.27616512360782
THA,2014,39.27146743917477
THA,2015,39.26676975474172
THA,2016,39.18064554013584
THA,2017,39.11018027364012
THA,2018,39.039715007144395
THA,2019,38.96924974064867
THA,2020,38.89878447415295
THA,2021,38.82831920765722
THA,2022,38.7578539411615
THA,2023,38.687388674665776
TJK,1992,2.917976564732781
TJK,1993,2.919405544441269
TJK,1994,2.920834524149757
TJK,1995,2.9222635038582454
TJK,1996,2.9236924835667333
TJK,1997,2.9251214632752216
TJK,1998,2.92655044298371
TJK,1999,2.927979422692198
TJK,2000,2.929408402400686
TJK,2001,2.929408402400686
TJK,2002,2.929408402400686
TJK,2003,2.929408402400686
TJK,2004,2.929408402400686
TJK,2005,2.929408402400686
TJK,2006,2.929408402400686
TJK,2007,2.929408402400686
TJK,2008,2.929408402400686
TJK,2009,2.929408402400686
TJK,2010,2.929408402400686
TJK,2011,2.9462703629608464
TJK,2012,2.963132323521006
TJK,2013,2.979994284081166
TJK,2014,3.0222068508350985
TJK,2015,3.039123856185604
TJK,2016,3.039123856185604
TJK,2017,3.039123856185604
TJK,2018,3.039123856185604
TJK,2019,3.0463289862382017
TJK,2020,3.053534116290799
TJK,2021,3.0607392463433967
TJK,2022,3.067944376395994
TJK,2023,3.075149506448591
TKM,1992,8.782159044964144
TKM,1993,8.782159044964144
TKM,1994,8.782159044964144
TKM,1995,8.782159044964144
TKM,1996,8.782159044964144
TKM,1997,8.782159044964144
TKM,1998,8.782159044964144
TKM,1999,8.782159044964144
TKM,2000,8.782159044964144
TKM,2001,8.782159044964144
TKM,2002,8.782159044964144
TKM,2003,8.782159044964144
TKM,2004,8.782159044964144
TKM,2005,8.782159044964144
TKM,2006,8.782159044964144
TKM,2007,8.782159044964144
TKM,2008,8.782159044964144
TKM,2009,8.782159044964144
TKM,2010,8.782159044964144
TKM,2011,8.782159044964144
TKM,2012,8.782159044964144
TKM,2013,8.782159044964144
TKM,2014,8.782159044964144
TKM,2015,8.782159044964144
TKM,2016,8.782159044964144
TKM,2017,8.782159044964144
TKM,2018,8.782159044964144
TKM,2019,8.782159044964144
TKM,2020,8.782159044964144
TKM,2021,8.782159044964144
TKM,2022,8.782159044964144
TKM,2023,8.782159044964144
TLA,1990,53.4926398069955
TLA,1991,53.21690278786047
TLA,1992,52.94116576872543
TLA,1993,52.665428749590404
TLA,1994,52.38969173045537
TLA,1995,52.11395471132034
TLA,1996,51.8382176921853
TLA,1997,51.562480673050274
TLA,1998,51.36007454503155
TLA,1999,51.08394327116545
TLA,2000,50.80781199729934
TLA,2001,50.5273264951077
TLA,2002,50.246840992916056
TLA,2003,49.96635549072441
TLA,2004,49.68586998853278
TLA,2005,49.405384486341134
TLA,2006,49.124898984149496
TLA,2007,48.84441348195786
TLA,2008,48.56392797976621
TLA,2009,48.283442477574575
TLA,2010,48.002956975382936
TLA,2011,47.85519837335348
TLA,2012,47.707439771324026
TLA,2013,47.559681169294564
TLA,2014,47.41244623630241
TLA,2015,47.26468600226563
TLA,2016,47.11263726031166
TLA,2017,46.93879755633027
TLA,2018,46.822211625358776
TLA,2019,46.69675929528723
TLA,2020,46.5770753722792
TLA,2021,46.45337035261482
TLA,2022,46.335342197347515
TLS,1990,64.76798924008071
TLS,1991,64.6738399462004
TLS,1992,64.57969065232011
TLS,1993,64.48554135843982
TLS,1994,64.39139206455951
TLS,1995,64.29724277067922
TLS,1996,64.20309347679893
TLS,1997,64.10894418291862
TLS,1998,64.01479488903833
TLS,1999,63.920645595158035
TLS,2000,63.826496301277736
TLS,2001,63.73234700739745
TLS,2002,63.63819771351715
TLS,2003,63.54404841963686
TLS,2004,63.44989912575656
TLS,2005,63.35574983187626
TLS,2006,63.26160053799597
TLS,2007,63.16745124411567
TLS,2008,63.073301950235376
TLS,2009,62.979152656355076
TLS,2010,62.88500336247478
TLS,2011,62.790854068594484
TLS,2012,62.696704774714185
TLS,2013,62.6025554808339
TLS,2014,62.5084061869536
TLS,2015,62.41425689307331
TLS,2016,62.32010759919301
TLS,2017,62.24613315400135
TLS,2018,62.131809011432416
TLS,2019,62.03765971755212
TLS,2020,61.943510423671825
TLS,2021,61.849361129791525
TLS,2022,61.755211835911226
TLS,2023,61.66106254203093
TMN,1990,2.514280038922456
TMN,1991,2.5124817439168754
TMN,1992,2.5106834489112946
TMN,1993,2.5088851539057133
TMN,1994,2.5070868589001325
TMN,1995,2.5052885738338917
TMN,1996,2.503490278828311
TMN,1997,2.50169198382273
TMN,1998,2.499893688817149
TMN,1999,2.498095393811568
TMN,2000,2.496297098805987
TMN,2001,2.5116831974459872
TMN,2002,2.5270692960859873
TMN,2003,2.542503409258074
TMN,2004,2.55789488331965
TMN,2005,2.5732813031144577
TMN,2006,2.588652284889592
TMN,2007,2.604036024645931
TMN,2008,2.6194223373876464
TMN,2009,2.635466148624331
TMN,2010,2.6508589363883015
TMN,2011,2.6490773355921484
TMN,2012,2.647295734795996
TMN,2013,2.6455646340718966
TMN,2014,2.643782999266865
TMN,2015,2.6420011017898966
TMN,2016,2.6379775106408427
TMN,2017,2.6387379365074466
TMN,2018,2.6361772314321277
TMN,2019,2.635854218288164
TMN,2020,2.634828544917679
TMN,2021,2.6342737561024334
TMN,2022,2.6329991174404674
TON,1990,12.430555555555555
TON,1991,12.430555555555555
TON,1992,12.430555555555555
TON,1993,12.430555555555555
TON,1994,12.430555555555555
TON,1995,12.430555555555555
TON,1996,12.430555555555555
TON,1997,12.430555555555555
TON,1998,12.430555555555555
TON,1999,12.430555555555555
TON,2000,12.430555555555555
TON,2001,12.430555555555555
TON,2002,12.430555555555555
TON,2003,12.430555555555555
TON,2004,12.430555555555555
TON,2005,12.430555555555555
TON,2006,12.430555555555555
TON,2007,12.430555555555555
TON,2008,12.430555555555555
TON,2009,12.430555555555555
TON,2010,12.430555555555555
TON,2011,12.430555555555555
TON,2012,12.430555555555555
TON,2013,12.430555555555555
TON,2014,12.430555555555555
TON,2015,12.430555555555555
TON,2016,12.430555555555555
TON,2017,12.430555555555555
TON,2018,12.430555555555555
TON,2019,12.430555555555555
TON,2020,12.430555555555555
TON,2021,12.430555555555555
TON,2022,12.430555555555555
TON,2023,12.430555555555555
TSA,1990,22.761049827880218
TSA,1991,22.87061556399063
TSA,1992,22.980181300101034
TSA,1993,23.089747036211453
TSA,1994,23.247267591671967
TSA,1995,23.357059808848163
TSA,1996,23.466852055882505
TSA,1997,23.576644273058694
TSA,1998,23.686436490234893
TSA,1999,23.79622870741109
TSA,2000,23.90352292268743
TSA,2001,23.965943030643196
TSA,2002,24.028363138598966
TSA,2003,24.09078324655473
TSA,2004,24.165345475302413
TSA,2005,24.227796962635875
TSA,2006,24.29024844996934
TSA,2007,24.352699937302802
TSA,2008,24.415151424636264
TSA,2009,24.477602882099696
TSA,2010,24.540054369433165
TSA,2011,24.62142917949709
TSA,2012,24.702803989561023
TSA,2013,24.78417879962495
TSA,2014,24.865553609688885
TSA,2015,24.95301790846783
TSA,2016,25.032056615876623
TSA,2017,25.111296614597883
TSA,2018,25.19078498028392
TSA,2019,25.27002221176534
TSA,2020,25.349296835085642
TSA,2021,25.428537709776787
TSA,2022,25.50777858446793
TSS,1990,33.90344209305569
TSS,1991,33.753380448274314
TSS,1992,33.60331880349294
TSS,1993,32.66931809691747
TSS,1994,32.52344910933564
TSS,1995,32.377580121753795
TSS,1996,32.23171113417195
TSS,1997,32.08584214659012
TSS,1998,31.939973159008275
TSS,1999,31.79410417142644
TSS,2000,31.648235183844598
TSS,2001,31.493729822119466
TSS,2002,31.33922446039433
TSS,2003,31.1847190986692
TSS,2004,30.814670347664343
TSS,2005,30.661173424867567
TSS,2006,30.507752879414966
TSS,2007,30.354254923081093
TSS,2008,30.200877064351126
TSS,2009,30.047399752609223
TSS,2010,29.8930068151004
TSS,2011,29.717801303657268
TSS,2012,27.57710915546004
TSS,2013,27.41329976338554
TSS,2014,27.249500175799337
TSS,2015,27.085585911716393
TSS,2016,26.917523011220027
TSS,2017,26.75292310753339
TSS,2018,26.58842549816859
TSS,2019,26.419664616130003
TSS,2020,26.25261560229104
TSS,2021,26.084410258711458
TSS,2022,25.916945794926676
TTO,1990,47.18518518518518
TTO,1991,47.079727095516574
TTO,1992,46.97426900584796
TTO,1993,46.868810916179335
TTO,1994,46.763352826510726
TTO,1995,46.65789473684211
TTO,1996,46.55243664717349
TTO,1997,46.44697855750488
TTO,1998,46.34152046783626
TTO,1999,46.23606237816764
TTO,2000,46.13060428849903
TTO,2001,46.04795321637427
TTO,2002,45.96530214424951
TTO,2003,45.88265107212476
TTO,2004,45.8
TTO,2005,45.71734892787524
TTO,2006,45.63469785575049
TTO,2007,45.552046783625734
TTO,2008,45.46939571150097
TTO,2009,45.38674463937622
TTO,2010,45.304093567251456
TTO,2011,45.22144249512671
TTO,2012,45.13879142300195
TTO,2013,45.05614035087719
TTO,2014,44.97348927875243
TTO,2015,44.890838206627684
TTO,2016,44.808966861598435
TTO,2017,44.7270955165692
TTO,2018,44.645224171539965
TTO,2019,44.56335282651072
TTO,2020,44.48148148148148
TTO,2021,44.39961013645224
TTO,2022,44.317738791423
TTO,2023,44.23586744639377
TUN,1990,4.145062435633368
TUN,1991,4.16042868177137
TUN,1992,4.175794927909372
TUN,1993,4.191161174047375
TUN,1994,4.206527420185376
TUN,1995,4.221894309989701
TUN,1996,4.237260556127704
TUN,1997,4.252626802265705
TUN,1998,4.267993048403707
TUN,1999,4.283359294541709
TUN,2000,4.298725540679712
TUN,2001,4.311328527291452
TUN,2002,4.323931513903193
TUN,2003,4.336534500514933
TUN,2004,4.349137487126673
TUN,2005,4.361740473738414
TUN,2006,4.374343460350154
TUN,2007,4.386946446961895
TUN,2008,4.399549433573636
TUN,2009,4.412152420185376
TUN,2010,4.424755406797116
TUN,2011,4.4346035015447995
TUN,2012,4.444451596292482
TUN,2013,4.454299691040164
TUN,2014,4.464147785787848
TUN,2015,4.473995880535531
TUN,2016,4.483843975283213
TUN,2017,4.493692070030895
TUN,2018,4.503540164778578
TUN,2019,4.513388259526262
TUN,2020,4.523236354273945
TUN,2021,4.5330844490216275
TUN,2022,4.54293254376931
TUN,2023,4.552780638516992
TUR,1990,25.7051830100178
TUR,1991,25.752591505008905
TUR,1992,25.8
TUR,1993,25.847408494991097
TUR,1994,25.8948169899822
TUR,1995,25.942225484973296
TUR,1996,25.9896339799644
TUR,1997,26.037042474955502
TUR,1998,26.084450969946598
TUR,1999,26.131859464937694
TUR,2000,26.179267959928797
TUR,2001,26.300719826410095
TUR,2002,26.42217169289139
TUR,2003,26.543623559372687
TUR,2004,26.665075425853985
TUR,2005,26.786527292335276
TUR,2006,26.907979158816573
TUR,2007,27.029431025297868
TUR,2008,27.150882891779165
TUR,2009,27.272334758260463
TUR,2010,27.393786624741757
TUR,2011,27.535990021179007
TUR,2012,27.678193417616253
TUR,2013,27.820396814053506
TUR,2014,27.962600210490756
TUR,2015,28.104803606928
TUR,2016,28.104803606928
TUR,2017,28.263529228330498
TUR,2018,28.466094097163573
TUR,2019,28.668788898561647
TUR,2020,28.87148369995972
TUR,2021,29.074178501357796
TUR,2022,29.276873302755867
TUR,2023,29.479568104153948
TUV,1990,33.33333333333333
TUV,1991,33.33333333333333
TUV,1992,33.33333333333333
TUV,1993,33.33333333333333
TUV,1994,33.33333333333333
TUV,1995,33.33333333333333
TUV,1996,33.33333333333333
TUV,1997,33.33333333333333
TUV,1998,33.33333333333333
TUV,1999,33.33333333333333
TUV,2000,33.33333333333333
TUV,2001,33.33333333333333
TUV,2002,33.33333333333333
TUV,2003,33.33333333333333
TUV,2004,33.33333333333333
TUV,2005,33.33333333333333
TUV,2006,33.33333333333333
TUV,2007,33.33333333333333
TUV,2008,33.33333333333333
TUV,2009,33.33333333333333
TUV,2010,33.33333333333333
TUV,2011,33.33333333333333
TUV,2012,33.33333333333333
TUV,2013,33.33333333333333
TUV,2014,33.33333333333333
TUV,2015,33.33333333333333
TUV,2016,33.33333333333333
TUV,2017,33.33333333333333
TUV,2018,33.33333333333333
TUV,2019,33.33333333333333
TUV,2020,33.33333333333333
TUV,2021,33.33333333333333
TUV,2022,33.33333333333333
TUV,2023,33.33333333333333
TZA,1990,64.78890268683676
TZA,1991,64.36894332806501
TZA,1992,63.948983969293295
TZA,1993,63.52902461052155
TZA,1994,63.10906525174983
TZA,1995,62.68910589297809
TZA,1996,62.269146534206364
TZA,1997,61.84918717543463
TZA,1998,61.4292278166629
TZA,1999,61.00926845789117
TZA,2000,60.58930909911944
TZA,2001,60.16934974034771
TZA,2002,59.74939038157597
TZA,2003,59.32943102280424
TZA,2004,58.90947166403251
TZA,2005,58.48951230526078
TZA,2006,58.06955294648905
TZA,2007,57.64959358771732
TZA,2008,57.22963422894558
TZA,2009,56.80967487017385
TZA,2010,56.389715511402116
TZA,2011,55.96975389478438
TZA,2012,55.549792278166635
TZA,2013,55.12983066154889
TZA,2014,54.70986904493114
TZA,2015,54.28990742831339
TZA,2016,53.76044253781892
TZA,2017,53.23097764732445
TZA,2018,52.701512756829985
TZA,2019,52.17204786633551
TZA,2020,51.642582975841044
TZA,2021,51.11311808534658
TZA,2022,50.583653194852104
TZA,2023,50.05418830435764
UGA,1990,17.89434963215054
UGA,1991,17.687893498823883
UGA,1992,17.481437365497225
UGA,1993,17.27498123217056
UGA,1994,17.068525098843903
UGA,1995,16.862068965517242
UGA,1996,16.655612832190585
UGA,1997,16.44915669886392
UGA,1998,16.24270056553726
UGA,1999,16.0362444322106
UGA,2000,15.82978829888394
UGA,2001,15.623327160802763
UGA,2002,15.416866022721583
UGA,2003,15.210404884640408
UGA,2004,15.003943746559232
UGA,2005,14.797482608478054
UGA,2006,14.591021470396878
UGA,2007,14.384560332315699
UGA,2008,14.178099194234523
UGA,2009,13.971638056153346
UGA,2010,13.7164372631159
UGA,2011,13.510712148414122
UGA,2012,13.304987033712349
UGA,2013,13.099261919010571
UGA,2014,12.893536804308797
UGA,2015,12.68781168960702
UGA,2016,12.48209654897267
UGA,2017,12.27638140833832
UGA,2018,12.07066626770397
UGA,2019,11.864901256732495
UGA,2020,11.659186116098144
UGA,2021,11.453437562337921
UGA,2022,11.247711450229405
UGA,2023,11.041970377019748
UKR,1992,16.089065331837404
UKR,1993,16.12980063864676
UKR,1994,16.170535945456116
UKR,1995,16.21127125226547
UKR,1996,16.252006559074825
UKR,1997,16.29274186588418
UKR,1998,16.333477172693538
UKR,1999,16.37421247950289
UKR,2000,16.414947786312247
UKR,2001,16.42150686113748
UKR,2002,16.42834950115649
UKR,2003,16.434908689198053
UKR,2004,16.441467877239617
UKR,2005,16.44689150471193
UKR,2006,16.45401822700911
UKR,2007,16.46142958244869
UKR,2008,16.468273147828487
UKR,2009,16.474832562314436
UKR,2010,16.481391976800385
UKR,2011,16.519022302009255
UKR,2012,16.556652627218117
UKR,2013,16.594282952426983
UKR,2014,16.63277460339381
UKR,2015,16.670406877384384
UKR,2016,16.68249063508778
UKR,2017,16.6942862074918
UKR,2018,16.703486365205386
UKR,2019,16.7138419054194
UKR,2020,16.724197445633415
UKR,2021,16.73455298584743
UKR,2022,16.74490852606144
UKR,2023,16.75526406627546
UMC,1992,31.07919818204418
UMC,1993,30.969201919212743
UMC,1994,30.859254107529697
UMC,1995,30.749310414871935
UMC,1996,30.639362345440965
UMC,1997,30.529403629716512
UMC,1998,30.43947580596248
UMC,1999,30.329711055257828
UMC,2000,30.17398775306147
UMC,2001,30.110418698345452
UMC,2002,30.04754718810462
UMC,2003,29.97895890585624
UMC,2004,29.915537966561782
UMC,2005,29.851911733389944
UMC,2006,29.79434830009856
UMC,2007,29.7321297148089
UMC,2008,29.66975647336603
UMC,2009,29.60946116126182
UMC,2010,29.54719838360395
UMC,2011,29.51303552514216
UMC,2012,29.479261200885915
UMC,2013,29.447088576917004
UMC,2014,29.413275464025954
UMC,2015,29.37929409655115
UMC,2016,29.37074747493699
UMC,2017,29.315336391953636
UMC,2018,29.297750692532706
UMC,2019,29.275543301678006
UMC,2020,29.256926804768707
UMC,2021,29.225054066416845
UMC,2022,29.204891104283085
URY,1990,4.559478916695235
URY,1991,4.885727345446235
URY,1992,5.211975774197235
URY,1993,5.538224202948235
URY,1994,5.864472631699234
URY,1995,6.190721060450234
URY,1996,6.516969489201234
URY,1997,6.843217917952233
URY,1998,7.169466346703233
URY,1999,7.495714775454234
URY,2000,7.821963204205233
URY,2001,8.028968117929379
URY,2002,8.235973031653526
URY,2003,8.44297794537767
URY,2004,8.649982859101819
URY,2005,8.856987772825962
URY,2006,9.063992686550108
URY,2007,9.270997600274255
URY,2008,9.478002513998401
URY,2009,9.685007427722546
URY,2010,9.892012341446693
URY,2011,10.107644840589648
URY,2012,10.323277339732602
URY,2013,10.538909838875558
URY,2014,10.75454233801851
URY,2015,10.970174837161467
URY,2016,11.12444292080905
URY,2017,11.244429208090503
URY,2018,11.364415495371958
URY,2019,11.48440178265341
URY,2020,11.604388069934865
URY,2021,11.724374357216318
URY,2022,11.84436064449777
URY,2023,11.964346931779225
USA,1990,33.022308209665724
USA,1991,33.03416545109925
USA,1992,33.04602269253278
USA,1993,33.0578799339663
USA,1994,33.06973717539983
USA,1995,33.081594416833354
USA,1996,33.09345165826688
USA,1997,33.105308899700404
USA,1998,33.11716614113393
USA,1999,33.12902338256745
USA,2000,33.13017358806888
USA,2001,33.18675561454368
USA,2002,33.24333764101848
USA,2003,33.29991966749328
USA,2004,33.35650169396808
USA,2005,33.41308372044288
USA,2006,33.46966574691768
USA,2007,33.52624777339248
USA,2008,33.636063502058505
USA,2009,33.692735219329606
USA,2010,33.7494069366007
USA,2011,33.779470058224064
USA,2012,33.809533179847435
USA,2013,33.8395963014708
USA,2014,33.86965942309416
USA,2015,33.89972254471753
USA,2016,33.89972254471753
USA,2017,33.86692641203749
USA,2018,33.86692641203749
USA,2019,33.86692641203749
USA,2020,33.86692641203749
USA,2021,33.86692641203749
USA,2022,33.86692641203749
USA,2023,33.86692641203749
UZB,1992,6.186620592383639
UZB,1993,6.28349177244946
UZB,1994,6.380363187588152
UZB,1995,6.477234602726846
UZB,1996,6.574106017865539
UZB,1997,6.670977433004231
UZB,1998,6.7678486130700515
UZB,1999,6.864720028208744
UZB,2000,6.792887043684699
UZB,2001,6.882769418528094
UZB,2002,6.971810300726525
UZB,2003,7.061401955138721
UZB,2004,7.150843518342194
UZB,2005,7.239962693501649
UZB,2006,7.328999426408169
UZB,2007,7.415772826525743
UZB,2008,7.505091440407187
UZB,2009,7.594504123226555
UZB,2010,7.6844723004781
UZB,2011,7.777627355102809
UZB,2012,7.8694814134924265
UZB,2013,7.961375803427806
UZB,2014,8.053071555271014
UZB,2015,8.05583295506128
UZB,2016,8.139748655782801
UZB,2017,8.198443897700345
UZB,2018,8.257120614089839
UZB,2019,8.316373665036148
UZB,2020,8.373221377510495
UZB,2021,8.431804617238507
UZB,2022,8.490464130424916
UZB,2023,8.549143311017815
VCT,1990,70.61538461538461
VCT,1991,70.87179487179486
VCT,1992,71.12820512820512
VCT,1993,71.38461538461539
VCT,1994,71.64102564102564
VCT,1995,71.89743589743588
VCT,1996,72.15384615384615
VCT,1997,72.41025641025641
VCT,1998,72.66666666666666
VCT,1999,72.9230769230769
VCT,2000,73.17948717948717
VCT,2001,73.17948717948717
VCT,2002,73.17948717948717
VCT,2003,73.17948717948717
VCT,2004,73.17948717948717
VCT,2005,73.17948717948717
VCT,2006,73.17948717948717
VCT,2007,73.17948717948717
VCT,2008,73.17948717948717
VCT,2009,73.17948717948717
VCT,2010,73.17948717948717
VCT,2011,73.17948717948717
VCT,2012,73.17948717948717
VCT,2013,73.17948717948717
VCT,2014,73.17948717948717
VCT,2015,73.17948717948717
VCT,2016,73.17948717948717
VCT,2017,73.17948717948717
VCT,2018,73.17948717948717
VCT,2019,73.17948717948717
VCT,2020,73.17948717948717
VCT,2021,73.17948717948717
VCT,2022,73.17948717948717
VCT,2023,73.17948717948717
VEN,1990,58.98305084745763
VEN,1991,58.657105606258156
VEN,1992,58.331160365058665
VEN,1993,58.00521512385919
VEN,1994,57.67926988265971
VEN,1995,57.35332464146023
VEN,1996,57.027379400260756
VEN,1997,56.70143415906128
VEN,1998,56.3754889178618
VEN,1999,56.04954367666232
VEN,2000,55.72359843546284
VEN,2001,55.53698769911003
VEN,2002,55.35037696275721
VEN,2003,55.1637662264044
VEN,2004,54.97715549005159
VEN,2005,54.79054475369877
VEN,2006,54.603934017345956
VEN,2007,54.417323280993145
VEN,2008,54.230712544640326
VEN,2009,54.044101808287515
VEN,2010,53.857491071934696
VEN,2011,53.6711070800975
VEN,2012,53.4847230882603
VEN,2013,53.298339096423106
VEN,2014,53.1119551045859
VEN,2015,52.92557111274871
VEN,2016,52.76714471968709
VEN,2017,52.63667592540106
VEN,2018,52.5341647298906
VEN,2019,52.45961113315572
VEN,2020,52.41301513519642
VEN,2021,52.347780738053395
VEN,2022,52.29497194036619
VEN,2023,52.23387937191769
VGB,1990,24.733333333333334
VGB,1991,24.706666666666667
VGB,1992,24.68
VGB,1993,24.65333333333333
VGB,1994,24.626666666666665
VGB,1995,24.6
VGB,1996,24.573333333333334
VGB,1997,24.546666666666667
VGB,1998,24.52
VGB,1999,24.493333333333332
VGB,2000,24.46666666666667
VGB,2001,24.446666666666665
VGB,2002,24.426666666666666
VGB,2003,24.406666666666666
VGB,2004,24.386666666666663
VGB,2005,24.366666666666664
VGB,2006,24.346666666666668
VGB,2007,24.326666666666668
VGB,2008,24.30666666666667
VGB,2009,24.28666666666667
VGB,2010,24.266666666666666
VGB,2011,24.24
VGB,2012,24.213333333333335
VGB,2013,24.186666666666667
VGB,2014,24.16
VGB,2015,24.133333333333333
VGB,2016,24.133333333333333
VGB,2017,24.133333333333333
VGB,2018,24.133333333333333
VGB,2019,24.133333333333333
VGB,2020,24.133333333333333
VGB,2021,24.133333333333333
VGB,2022,24.133333333333333
VGB,2023,24.133333333333333
VIR,1990,70.11428571428571
VIR,1991,68.95142857142858
VIR,1992,67.78857142857143
VIR,1993,66.62571428571428
VIR,1994,65.46285714285715
VIR,1995,64.3
VIR,1996,63.137142857142855
VIR,1997,61.97428571428571
VIR,1998,60.81142857142857
VIR,1999,59.64857142857143
VIR,2000,58.48571428571429
VIR,2001,57.902857142857144
VIR,2002,57.32
VIR,2003,56.737142857142864
VIR,2004,56.15428571428571
VIR,2005,55.57142857142857
VIR,2006,54.98857142857143
VIR,2007,54.40571428571428
VIR,2008,53.82285714285714
VIR,2009,53.24
VIR,2010,52.65714285714286
VIR,2011,53.07428571428571
VIR,2012,53.49142857142857
VIR,2013,53.90857142857143
VIR,2014,54.32571428571428
VIR,2015,54.74285714285714
VIR,2016,55.17142857142857
VIR,2017,55.6
VIR,2018,56.028571428571425
VIR,2019,56.45714285714285
VIR,2020,56.885714285714286
VIR,2021,57.31428571428572
VIR,2022,57.74285714285714
VIR,2023,58.17142857142857
VNM,1990,28.805677593781688
VNM,1991,29.545528280438727
VNM,1992,30.285378967095767
VNM,1993,31.025229653752806
VNM,1994,31.765080340409845
VNM,1995,32.50493102706689
VNM,1996,33.244781713723924
VNM,1997,33.98463240038097
VNM,1998,34.724483087038
VNM,1999,35.464333773695046
VNM,2000,37.88368803446281
VNM,2001,38.39562827477579
VNM,2002,38.9788826275962
VNM,2003,39.556513045441356
VNM,2004,40.07380268971523
VNM,2005,40.2320697359967
VNM,2006,40.7502549593184
VNM,2007,41.29432617306228
VNM,2008,41.776221898258264
VNM,2009,42.293066293219766
VNM,2010,42.733215446194315
VNM,2011,43.1647323195567
VNM,2012,43.57082470641906
VNM,2013,44.06395211255915
VNM,2014,44.44284889156942
VNM,2015,44.871164038891706
VNM,2016,45.878354877515655
VNM,2017,45.996336984649155
VNM,2018,46.23468153872168
VNM,2019,46.47684164515727
VNM,2020,46.71900175159286
VNM,2021,46.96116185802845
VNM,2022,47.20332196446404
VNM,2023,47.44548207089962
VUT,1990,36.28383921246924
VUT,1991,36.28383921246924
VUT,1992,36.28383921246924
VUT,1993,36.28383921246924
VUT,1994,36.28383921246924
VUT,1995,36.28383921246924
VUT,1996,36.28383921246924
VUT,1997,36.28383921246924
VUT,1998,36.28383921246924
VUT,1999,36.28383921246924
VUT,2000,36.28383921246924
VUT,2001,36.28383921246924
VUT,2002,36.28383921246924
VUT,2003,36.28383921246924
VUT,2004,36.28383921246924
VUT,2005,36.28383921246924
VUT,2006,36.28383921246924
VUT,2007,36.28383921246924
VUT,2008,36.28383921246924
VUT,2009,36.28383921246924
VUT,2010,36.28383921246924
VUT,2011,36.28383921246924
VUT,2012,36.28383921246924
VUT,2013,36.28383921246924
VUT,2014,36.28383921246924
VUT,2015,36.28383921246924
VUT,2016,36.28383921246924
VUT,2017,36.28383921246924
VUT,2018,36.28383921246924
VUT,2019,36.28383921246924
VUT,2020,36.28383921246924
VUT,2021,36.28383921246924
VUT,2022,36.28383921246924
VUT,2023,36.28383921246924
WLD,1992,33.00585027554865
WLD,1993,32.822936863651286
WLD,1994,32.765567901760996
WLD,1995,32.70593606874262
WLD,1996,32.64564484444705
WLD,1997,32.56745895301766
WLD,1998,32.513743022258154
WLD,1999,32.451621695672316
WLD,2000,32.373759569025985
WLD,2001,32.334431417834715
WLD,2002,32.2953595345931
WLD,2003,32.253921259997746
WLD,2004,32.17721513481706
WLD,2005,32.13693999896459
WLD,2006,32.09857815679731
WLD,2007,32.05944079690414
WLD,2008,32.02423708071854
WLD,2009,31.985428813613897
WLD,2010,31.945632577417772
WLD,2011,31.911541080105955
WLD,2012,31.471208939098645
WLD,2013,31.43709651085556
WLD,2014,31.402704419894853
WLD,2015,31.36728521857441
WLD,2016,31.33981578476262
WLD,2017,31.28889856089412
WLD,2018,31.251500125616325
WLD,2019,31.21239647925759
WLD,2020,31.17554107524726
WLD,2021,31.175677127420585
WLD,2022,31.143041078740342
WSM,1990,62.23674911660777
WSM,1991,62.06643109540636
WSM,1992,61.89611307420495
WSM,1993,61.72579505300353
WSM,1994,61.55547703180212
WSM,1995,61.38515901060071
WSM,1996,61.2148409893993
WSM,1997,61.04452296819788
WSM,1998,60.87420494699647
WSM,1999,60.70388692579506
WSM,2000,60.533568904593636
WSM,2001,60.363250883392226
WSM,2002,60.192932862190816
WSM,2003,60.022614840989405
WSM,2004,59.85229681978799
WSM,2005,59.68197879858658
WSM,2006,59.51166077738515
WSM,2007,59.34134275618375
WSM,2008,59.17102473498234
WSM,2009,59.000706713780914
WSM,2010,58.830388692579504
WSM,2011,58.659363957597165
WSM,2012,58.48833922261484
WSM,2013,58.31731448763251
WSM,2014,58.14628975265017
WSM,2015,57.975265017667844
WSM,2016,57.80565371024735
WSM,2017,58.672661870503596
WSM,2018,58.5
WSM,2019,58.3273381294964
WSM,2020,58.15467625899281
WSM,2021,57.98201438848921
WSM,2022,57.809352517985616
WSM,2023,57.63669064748201
YEM,1990,1.03983180862549
YEM,1991,1.03983180862549
YEM,1992,1.03983180862549
YEM,1993,1.03983180862549
YEM,1994,1.03983180862549
YEM,1995,1.03983180862549
YEM,1996,1.03983180862549
YEM,1997,1.03983180862549
YEM,1998,1.03983180862549
YEM,1999,1.03983180862549
YEM,2000,1.03983180862549
YEM,2001,1.03983180862549
YEM,2002,1.03983180862549
YEM,2003,1.03983180862549
YEM,2004,1.03983180862549
YEM,2005,1.03983180862549
YEM,2006,1.03983180862549
YEM,2007,1.03983180862549
YEM,2008,1.03983180862549
YEM,2009,1.03983180862549
YEM,2010,1.03983180862549
YEM,2011,1.03983180862549
YEM,2012,1.03983180862549
YEM,2013,1.03983180862549
YEM,2014,1.03983180862549
YEM,2015,1.03983180862549
YEM,2016,1.03983180862549
YEM,2017,1.03983180862549
YEM,2018,1.03983180862549
YEM,2019,1.03983180862549
YEM,2020,1.03983180862549
YEM,2021,1.03983180862549
YEM,2022,1.03983180862549
YEM,2023,1.03983180862549
ZAF,1990,14.955271249453874
ZAF,1991,14.925265231763513
ZAF,1992,14.89525921407315
ZAF,1993,14.865253196382792
ZAF,1994,14.835247178692429
ZAF,1995,14.805241161002069
ZAF,1996,14.775235143311708
ZAF,1997,14.745229125621348
ZAF,1998,14.715223107930985
ZAF,1999,14.685217090240624
ZAF,2000,14.655211072550264
ZAF,2001,14.625205054859903
ZAF,2002,14.595199037169543
ZAF,2003,14.56519301947918
ZAF,2004,14.535187001788819
ZAF,2005,14.505180984098459
ZAF,2006,14.475174966408098
ZAF,2007,14.445168948717738
ZAF,2008,14.415162931027375
ZAF,2009,14.385156913337017
ZAF,2010,14.355150895646654
ZAF,2011,14.325144877956292
ZAF,2012,14.295138860265933
ZAF,2013,14.26513284257557
ZAF,2014,14.23512682488521
ZAF,2015,14.205120807194849
ZAF,2016,14.175114789504489
ZAF,2017,14.145108771814128
ZAF,2018,14.115102754123765
ZAF,2019,14.085096736433405
ZAF,2020,14.055090718743044
ZAF,2021,14.025084701052684
ZAF,2022,13.995078683362323
ZAF,2023,13.96507266567196
ZMB,1990,63.77809763381267
ZMB,1991,63.72993987005475
ZMB,1992,63.68178210629682
ZMB,1993,63.63362434253891
ZMB,1994,63.585466578780995
ZMB,1995,63.537308815023074
ZMB,1996,63.48915105126515
ZMB,1997,63.44099328750723
ZMB,1998,63.39283552374931
ZMB,1999,63.344677759991384
ZMB,2000,63.29651999623347
ZMB,2001,63.24836223247555
ZMB,2002,63.20020446871764
ZMB,2003,63.15204670495971
ZMB,2004,63.10388894120179
ZMB,2005,63.055731177443874
ZMB,2006,63.00757341368595
ZMB,2007,62.95941564992803
ZMB,2008,62.91125788617011
ZMB,2009,62.8631001224122
ZMB,2010,62.81494235865427
ZMB,2011,62.56180470547088
ZMB,2012,62.30866705228749
ZMB,2013,62.0555293991041
ZMB,2014,61.802391745920715
ZMB,2015,61.54925409273733
ZMB,2016,61.29595501688212
ZMB,2017,61.04288462314532
ZMB,2018,60.78970661429397
ZMB,2019,60.53651515355332
ZMB,2020,60.283337144701974
ZMB,2021,60.03015012308478
ZMB,2022,59.77696915481779
ZMB,2023,59.52378415098401
ZWE,1990,48.66661496704149
ZWE,1991,48.54752488044462
ZWE,1992,48.42843479384774
ZWE,1993,48.30934470725087
ZWE,1994,48.190254620654
ZWE,1995,48.071164534057125
ZWE,1996,47.952074447460255
ZWE,1997,47.832984360863385
ZWE,1998,47.713894274266515
ZWE,1999,47.59480418766964
ZWE,2000,47.47571410107276
ZWE,2001,47.3566240144759
ZWE,2002,47.23753392787902
ZWE,2003,47.11844384128215
ZWE,2004,46.99935375468528
ZWE,2005,46.8802636680884
ZWE,2006,46.76117358149153
ZWE,2007,46.642083494894656
ZWE,2008,46.52299340829779
ZWE,2009,46.403903321700916
ZWE,2010,46.284813235104046
ZWE,2011,46.165723148507176
ZWE,2012,46.0466330619103
ZWE,2013,45.927542975313436
ZWE,2014,45.80845288871656
ZWE,2015,45.68936280211968
ZWE,2016,45.57027271552281
ZWE,2017,45.45118262892594
ZWE,2018,45.33209254232907
ZWE,2019,45.2130024557322
ZWE,2020,45.09391236913532
ZWE,2021,44.974822282538454
ZWE,2022,44.85573219594158
ZWE,2023,44.73664210934471
