country_code,year,value
AFG,1960,285352.0
AFG,1961,300359.0
AFG,1962,316177.0
AFG,1963,332829.0
AFG,1964,350382.0
AFG,1965,368809.0
AFG,1966,388232.0
AFG,1967,408087.0
AFG,1968,428363.0
AFG,1969,449585.0
AFG,1970,471891.0
AFG,1971,495303.0
AFG,1972,528508.0
AFG,1973,573161.0
AFG,1974,621656.0
AFG,1975,674254.0
AFG,1976,731385.0
AFG,1977,793178.0
AFG,1978,860289.0
AFG,1979,932388.0
AFG,1980,977824.0
AFG,1981,1025339.0
AFG,1982,1075233.0
AFG,1983,1127555.0
AFG,1984,1182500.0
AFG,1985,1239961.0
AFG,1986,1300299.0
AFG,1987,1358525.0
AFG,1988,1419444.0
AFG,1989,1482916.0
AFG,1990,1549320.0
AFG,1991,1618697.0
AFG,1992,1691283.0
AFG,1993,1766910.0
AFG,1994,1846031.0
AFG,1995,1928694.0
AFG,1996,2015181.0
AFG,1997,2105292.0
AFG,1998,2199565.0
AFG,1999,2298059.0
AFG,2000,2401109.0
AFG,2001,2508477.0
AFG,2002,2620804.0
AFG,2003,2738161.0
AFG,2004,2834061.0
AFG,2005,2905178.0
AFG,2006,2978181.0
AFG,2007,3053018.0
AFG,2008,3129844.0
AFG,2009,3208383.0
AFG,2010,3289005.0
AFG,2011,3371653.0
AFG,2012,3456496.0
AFG,2013,3543232.0
AFG,2014,3632269.0
AFG,2015,3723543.0
AFG,2016,3817241.0
AFG,2017,3913297.0
AFG,2018,4011770.0
AFG,2019,4114030.0
AFG,2020,4221532.0
AFG,2021,4335770.0
AFG,2022,4457882.0
AFG,2023,4588666.0
AFG,2024,4728384.0
AFG,2025,4877024.0
AGO,1960,219427.0
AGO,1961,233134.0
AGO,1962,251373.0
AGO,1963,271039.0
AGO,1964,292274.0
AGO,1965,315108.0
AGO,1966,339760.0
AGO,1967,366341.0
AGO,1968,395043.0
AGO,1969,425905.0
AGO,1970,459225.0
AGO,1971,488590.0
AGO,1972,514050.0
AGO,1973,540761.0
AGO,1974,568901.0
AGO,1975,598504.0
AGO,1976,629692.0
AGO,1977,662412.0
AGO,1978,696882.0
AGO,1979,733145.0
AGO,1980,771349.0
AGO,1981,811430.0
AGO,1982,853654.0
AGO,1983,898124.0
AGO,1984,964072.0
AGO,1985,1034661.0
AGO,1986,1110527.0
AGO,1987,1191955.0
AGO,1988,1279479.0
AGO,1989,1373162.0
AGO,1990,1473848.0
AGO,1991,1581917.0
AGO,1992,1698075.0
AGO,1993,1822407.0
AGO,1994,1940528.0
AGO,1995,2066306.0
AGO,1996,2200426.0
AGO,1997,2342847.0
AGO,1998,2494701.0
AGO,1999,2656398.0
AGO,2000,2828820.0
AGO,2001,3011913.0
AGO,2002,3207133.0
AGO,2003,3415007.0
AGO,2004,3636670.0
AGO,2005,3872050.0
AGO,2006,4123021.0
AGO,2007,4390259.0
AGO,2008,4675223.0
AGO,2009,4977823.0
AGO,2010,5300466.0
AGO,2011,5644022.0
AGO,2012,6010365.0
AGO,2013,6399381.0
AGO,2014,6789357.0
AGO,2015,7023206.0
AGO,2016,7265449.0
AGO,2017,7515345.0
AGO,2018,7774200.0
AGO,2019,8044735.0
AGO,2020,8329798.000000001
AGO,2021,8631876.0
AGO,2022,8952496.0
AGO,2023,9292336.0
AGO,2024,9651032.0
AGO,2025,10027897.0
ALB,1960,134761.0
ALB,1961,137714.0
ALB,1962,139561.0
ALB,1963,141434.0
ALB,1964,143334.0
ALB,1965,145255.0
ALB,1966,147203.0
ALB,1967,149178.0
ALB,1968,151183.0
ALB,1969,153497.0
ALB,1970,156734.0
ALB,1971,160040.0
ALB,1972,163420.0
ALB,1973,166862.0
ALB,1974,170381.0
ALB,1975,173975.0
ALB,1976,177649.0
ALB,1977,181391.0
ALB,1978,185217.0
ALB,1979,189123.0
ALB,1980,193644.0
ALB,1981,198261.0
ALB,1982,202994.0
ALB,1983,207840.0
ALB,1984,212809.0
ALB,1985,217882.0
ALB,1986,223084.0
ALB,1987,228410.0
ALB,1988,233870.0
ALB,1989,239852.0
ALB,1990,247270.0
ALB,1991,254918.0
ALB,1992,262814.0
ALB,1993,270931.0
ALB,1994,279311.0
ALB,1995,287950.0
ALB,1996,296869.0
ALB,1997,306038.0
ALB,1998,315503.0
ALB,1999,325262.0
ALB,2000,335336.0
ALB,2001,344700.0
ALB,2002,351285.0
ALB,2003,357995.0
ALB,2004,364843.0
ALB,2005,371803.0
ALB,2006,378905.0
ALB,2007,386143.0
ALB,2008,393529.0
ALB,2009,401036.0
ALB,2010,408697.0
ALB,2011,416504.0
ALB,2012,424471.0
ALB,2013,432590.0
ALB,2014,440865.0
ALB,2015,449298.0
ALB,2016,457892.0
ALB,2017,466651.0
ALB,2018,475577.0
ALB,2019,484624.0
ALB,2020,493712.0
ALB,2021,502734.0
ALB,2022,511559.0
ALB,2023,520059.0
ALB,2024,528127.0
ALB,2025,535702.0
ARE,1960,33559.0
ARE,1961,35339.0
ARE,1962,37216.0
ARE,1963,39192.0
ARE,1964,41277.0
ARE,1965,43466.0
ARE,1966,45774.0
ARE,1967,48205.0
ARE,1968,52483.0
ARE,1969,61840.0
ARE,1970,72880.0
ARE,1971,85892.0
ARE,1972,101250.0
ARE,1973,119300.0
ARE,1974,140599.0
ARE,1975,165701.0
ARE,1976,186982.0
ARE,1977,201914.0
ARE,1978,218062.0
ARE,1979,235501.0
ARE,1980,254361.0
ARE,1981,272033.0
ARE,1982,288602.0
ARE,1983,306179.0
ARE,1984,324854.0
ARE,1985,344611.0
ARE,1986,366485.0
ARE,1987,390561.0
ARE,1988,416255.0
ARE,1989,443562.0
ARE,1990,472701.0
ARE,1991,503755.0
ARE,1992,536895.0
ARE,1993,572116.0
ARE,1994,609701.0
ARE,1995,649755.0
ARE,1996,693758.0
ARE,1997,741762.0
ARE,1998,793160.0
ARE,1999,848120.0
ARE,2000,906971.0
ARE,2001,969728.0
ARE,2002,1036922.0
ARE,2003,1108773.0
ARE,2004,1185712.0
ARE,2005,1267755.0
ARE,2006,1365099.0
ARE,2007,1477773.0
ARE,2008,1599922.0
ARE,2009,1731789.0
ARE,2010,1874729.0
ARE,2011,1969843.0
ARE,2012,2069924.0
ARE,2013,2174793.0
ARE,2014,2285131.0
ARE,2015,2401067.0
ARE,2016,2522885.0
ARE,2017,2650883.0
ARE,2018,2785376.0
ARE,2019,2833079.0
ARE,2020,2878344.0
ARE,2021,2921376.0
ARE,2022,2964382.0
ARE,2023,3007583.0
ARE,2024,3051016.0
ARE,2025,3094643.0
ARG,1960,6761837.0
ARG,1961,6919245.0
ARG,1962,7071464.0
ARG,1963,7227032.0
ARG,1964,7386244.0
ARG,1965,7548511.0
ARG,1966,7714574.0
ARG,1967,7884290.0
ARG,1968,8057981.0
ARG,1969,8235004.999999999
ARG,1970,8416170.0
ARG,1971,8566128.0
ARG,1972,8707088.0
ARG,1973,8849971.0
ARG,1974,8995400.0
ARG,1975,9143219.0
ARG,1976,9293676.0
ARG,1977,9446184.0
ARG,1978,9601411.0
ARG,1979,9759188.0
ARG,1980,9919781.0
ARG,1981,10049398.0
ARG,1982,10165869.0
ARG,1983,10283689.0
ARG,1984,10403040.0
ARG,1985,10523442.0
ARG,1986,10645407.0
ARG,1987,10768785.0
ARG,1988,10893766.0
ARG,1989,11019848.0
ARG,1990,11147566.0
ARG,1991,11276696.0
ARG,1992,11407033.0
ARG,1993,11538512.0
ARG,1994,11671691.0
ARG,1995,11806407.0
ARG,1996,11942867.0
ARG,1997,12080522.0
ARG,1998,12219957.0
ARG,1999,12361001.0
ARG,2000,12503871.0
ARG,2001,12647992.0
ARG,2002,12808282.0
ARG,2003,12979730.0
ARG,2004,13153713.0
ARG,2005,13329540.0
ARG,2006,13507965.0
ARG,2007,13688779.0
ARG,2008,13872267.0
ARG,2009,14057699.0
ARG,2010,14245871.0
ARG,2011,14364449.0
ARG,2012,14449088.0
ARG,2013,14533991.0
ARG,2014,14619510.0
ARG,2015,14705533.0
ARG,2016,14792181.0
ARG,2017,14879100.0
ARG,2018,14966530.0
ARG,2019,15057273.0
ARG,2020,15153729.0
ARG,2021,15257673.0
ARG,2022,15369919.0
ARG,2023,15490415.0
ARG,2024,15618288.0
ARG,2025,15752275.0
ARM,1960,537759.0
ARM,1961,558120.0
ARM,1962,579282.0
ARM,1963,601247.0
ARM,1964,624076.0
ARM,1965,647706.0
ARM,1966,672265.0
ARM,1967,697755.0
ARM,1968,724248.0
ARM,1969,751671.0
ARM,1970,778158.0
ARM,1971,803112.0
ARM,1972,828904.0
ARM,1973,855448.0
ARM,1974,882882.0
ARM,1975,911195.0
ARM,1976,940457.0
ARM,1977,970575.0
ARM,1978,1001700.0
ARM,1979,1026030.0
ARM,1980,1041587.0
ARM,1981,1057335.0
ARM,1982,1073344.0
ARM,1983,1089596.0
ARM,1984,1106116.0
ARM,1985,1122840.0
ARM,1986,1139841.0
ARM,1987,1157099.0
ARM,1988,1174643.0
ARM,1989,1181040.0
ARM,1990,1174524.0
ARM,1991,1168044.0
ARM,1992,1161591.0
ARM,1993,1155191.0
ARM,1994,1148818.0
ARM,1995,1142480.0
ARM,1996,1136168.0
ARM,1997,1129908.0
ARM,1998,1123674.0
ARM,1999,1117475.0
ARM,2000,1111301.0
ARM,2001,1105179.0
ARM,2002,1100296.0
ARM,2003,1095897.0
ARM,2004,1091510.0
ARM,2005,1087153.0
ARM,2006,1082807.0
ARM,2007,1078479.0
ARM,2008,1074162.0
ARM,2009,1069873.0
ARM,2010,1065597.0
ARM,2011,1061337.0
ARM,2012,1062281.0
ARM,2013,1065265.0
ARM,2014,1068261.0
ARM,2015,1071265.0
ARM,2016,1074282.0
ARM,2017,1077299.0
ARM,2018,1080324.0
ARM,2019,1083323.0
ARM,2020,1086275.0
ARM,2021,1089181.0
ARM,2022,1092028.0
ARM,2023,1094813.0
ARM,2024,1097542.0
ARM,2025,1100237.0
AUS,1960,2134673.0
AUS,1961,2183523.0
AUS,1962,2233459.0
AUS,1963,2284537.0
AUS,1964,2336856.0
AUS,1965,2390224.0
AUS,1966,2445016.0
AUS,1967,2549933.0
AUS,1968,2659506.0
AUS,1969,2773466.0
AUS,1970,2892477.0
AUS,1971,3016037.0
AUS,1972,3041223.0
AUS,1973,3066549.0
AUS,1974,3092121.0
AUS,1975,3117906.0
AUS,1976,3143945.0
AUS,1977,3170608.0
AUS,1978,3197534.0
AUS,1979,3224688.0
AUS,1980,3252111.0
AUS,1981,3279743.0
AUS,1982,3317267.0
AUS,1983,3355221.0
AUS,1984,3393661.0
AUS,1985,3432435.0
AUS,1986,3471704.0
AUS,1987,3511087.0
AUS,1988,3550973.0
AUS,1989,3591200.0
AUS,1990,3631940.0
AUS,1991,3673110.0
AUS,1992,3709165.0
AUS,1993,3745472.0
AUS,1994,3782186.0
AUS,1995,3819260.0
AUS,1996,3856593.0
AUS,1997,3837252.0
AUS,1998,3817981.0
AUS,1999,3798807.0
AUS,2000,3779704.0
AUS,2001,3760877.0
AUS,2002,3789046.0
AUS,2003,3817426.0
AUS,2004,3846058.0
AUS,2005,3874825.0
AUS,2006,3903942.0
AUS,2007,3967807.0
AUS,2008,4032807.0
AUS,2009,4098688.0
AUS,2010,4165739.0
AUS,2011,4233904.0
AUS,2012,4309560.0
AUS,2013,4386354.0
AUS,2014,4464625.0
AUS,2015,4544293.0
AUS,2016,4625496.0
AUS,2017,4708150.0
AUS,2018,4792281.0
AUS,2019,4870388.0
AUS,2020,4967733.0
AUS,2021,5061439.0
AUS,2022,5150766.0
AUS,2023,5235407.0
AUS,2024,5315600.0
AUS,2025,5391886.0
AUT,1960,1626724.0
AUT,1961,1627354.0
AUT,1962,1626595.0
AUT,1963,1625837.0
AUT,1964,1625077.0
AUT,1965,1624321.0
AUT,1966,1623563.0
AUT,1967,1622806.0
AUT,1968,1622048.0
AUT,1969,1621293.0
AUT,1970,1620537.0
AUT,1971,1618638.0
AUT,1972,1609553.0
AUT,1973,1600544.0
AUT,1974,1591573.0
AUT,1975,1582652.0
AUT,1976,1573769.0
AUT,1977,1564960.0
AUT,1978,1556188.0
AUT,1979,1547466.0
AUT,1980,1538780.0
AUT,1981,1531462.0
AUT,1982,1532310.0
AUT,1983,1533157.0
AUT,1984,1534007.0
AUT,1985,1534855.0
AUT,1986,1535704.0
AUT,1987,1536554.0
AUT,1988,1537405.0
AUT,1989,1538255.0
AUT,1990,1539106.0
AUT,1991,1539980.0
AUT,1992,1541006.0
AUT,1993,1542030.0
AUT,1994,1543055.0
AUT,1995,1544082.0
AUT,1996,1545111.0
AUT,1997,1546137.0
AUT,1998,1547166.0
AUT,1999,1548195.0
AUT,2000,1549227.0
AUT,2001,1552880.0
AUT,2002,1574455.0
AUT,2003,1596329.0
AUT,2004,1618539.0
AUT,2005,1640995.0
AUT,2006,1656806.0
AUT,2007,1670919.0
AUT,2008,1690624.0
AUT,2009,1710506.0
AUT,2010,1730649.0
AUT,2011,1751030.0
AUT,2012,1771680.0
AUT,2013,1792515.0
AUT,2014,1813624.0
AUT,2015,1834982.0
AUT,2016,1856622.0
AUT,2017,1878456.0
AUT,2018,1900547.0
AUT,2019,1915338.0
AUT,2020,1929944.0
AUT,2021,1944910.0
AUT,2022,1960023.0
AUT,2023,1975271.0
AUT,2024,1990487.0
AUT,2025,2005497.0
AZE,1960,1005297.0
AZE,1961,1029427.0
AZE,1962,1054171.0
AZE,1963,1079510.0
AZE,1964,1105494.0
AZE,1965,1132029.0
AZE,1966,1159239.0
AZE,1967,1187103.0
AZE,1968,1215677.0
AZE,1969,1244857.0
AZE,1970,1274298.0
AZE,1971,1303852.0
AZE,1972,1334134.0
AZE,1973,1365033.0
AZE,1974,1396692.0
AZE,1975,1429085.0
AZE,1976,1462275.0
AZE,1977,1496142.0
AZE,1978,1530841.0
AZE,1979,1557576.0
AZE,1980,1574287.0
AZE,1981,1591131.0
AZE,1982,1608178.0
AZE,1983,1625408.0
AZE,1984,1642846.0
AZE,1985,1660424.0
AZE,1986,1678213.0
AZE,1987,1696194.0
AZE,1988,1714392.0
AZE,1989,1727104.0
AZE,1990,1733452.0
AZE,1991,1739823.0
AZE,1992,1746226.0
AZE,1993,1752636.0
AZE,1994,1759077.0
AZE,1995,1765543.0
AZE,1996,1772041.0
AZE,1997,1778545.0
AZE,1998,1785082.0
AZE,1999,1793936.0
AZE,2000,1805977.0
AZE,2001,1818065.0
AZE,2002,1830251.0
AZE,2003,1842519.0
AZE,2004,1854885.0
AZE,2005,1867301.0
AZE,2006,1884268.0
AZE,2007,1905967.0
AZE,2008,1945022.0
AZE,2009,2002541.0
AZE,2010,2061843.0
AZE,2011,2104671.0
AZE,2012,2129670.0
AZE,2013,2154896.0
AZE,2014,2180456.0
AZE,2015,2206320.0
AZE,2016,2232526.0
AZE,2017,2258971.0
AZE,2018,2285729.0
AZE,2019,2313138.0
AZE,2020,2341443.0
AZE,2021,2370776.0
AZE,2022,2401108.0
AZE,2023,2432304.0
AZE,2024,2464162.0
AZE,2025,2496495.0
BDI,1960,45564.0
BDI,1961,49768.0
BDI,1962,54367.0
BDI,1963,59390.0
BDI,1964,64886.0
BDI,1965,70873.0
BDI,1966,75187.0
BDI,1967,79555.0
BDI,1968,84183.0
BDI,1969,89066.0
BDI,1970,94240.0
BDI,1971,100027.0
BDI,1972,106179.0
BDI,1973,112690.0
BDI,1974,119610.0
BDI,1975,126956.0
BDI,1976,134763.0
BDI,1977,143027.0
BDI,1978,151811.0
BDI,1979,161134.0
BDI,1980,167212.0
BDI,1981,172952.0
BDI,1982,178897.0
BDI,1983,185047.0
BDI,1984,191417.0
BDI,1985,197988.0
BDI,1986,204794.0
BDI,1987,211834.0
BDI,1988,219126.0
BDI,1989,226648.0
BDI,1990,234439.0
BDI,1991,242570.0
BDI,1992,251006.0
BDI,1993,259710.0
BDI,1994,268729.0
BDI,1995,278062.0
BDI,1996,287732.0
BDI,1997,297710.0
BDI,1998,308048.0
BDI,1999,318746.0
BDI,2000,329831.0
BDI,2001,341269.0
BDI,2002,353120.0
BDI,2003,365383.0
BDI,2004,388036.0
BDI,2005,412026.0
BDI,2006,437535.0
BDI,2007,464623.0
BDI,2008,493430.0
BDI,2009,523935.0
BDI,2010,556326.0
BDI,2011,590719.0
BDI,2012,627239.0
BDI,2013,666016.0
BDI,2014,707191.0
BDI,2015,750911.0
BDI,2016,797334.0
BDI,2017,846627.0
BDI,2018,898968.0
BDI,2019,954424.0
BDI,2020,1012996.0
BDI,2021,1074642.0
BDI,2022,1139265.0
BDI,2023,1206767.0
BDI,2024,1277050.0
BDI,2025,1350147.0
BEL,1960,1484676.0
BEL,1961,1491853.0
BEL,1962,1499611.0
BEL,1963,1507950.0
BEL,1964,1516347.0
BEL,1965,1524767.0
BEL,1966,1533246.0
BEL,1967,1541772.0
BEL,1968,1550357.0
BEL,1969,1558966.0
BEL,1970,1567635.0
BEL,1971,1576190.0
BEL,1972,1584639.0
BEL,1973,1593109.0
BEL,1974,1601636.0
BEL,1975,1610209.0
BEL,1976,1618840.0
BEL,1977,1627493.0
BEL,1978,1636205.0
BEL,1979,1644963.0
BEL,1980,1653780.0
BEL,1981,1660926.0
BEL,1982,1664730.0
BEL,1983,1668543.0
BEL,1984,1672369.0
BEL,1985,1676195.0
BEL,1986,1680034.0
BEL,1987,1683882.0
BEL,1988,1687744.0
BEL,1989,1691604.0
BEL,1990,1695478.0
BEL,1991,1699362.0
BEL,1992,1703259.0
BEL,1993,1707155.0
BEL,1994,1711065.0
BEL,1995,1714984.0
BEL,1996,1728342.0
BEL,1997,1741767.0
BEL,1998,1755315.0
BEL,1999,1768968.0
BEL,2000,1782747.0
BEL,2001,1796594.0
BEL,2002,1810568.0
BEL,2003,1824651.0
BEL,2004,1838864.0
BEL,2005,1853147.0
BEL,2006,1867561.0
BEL,2007,1882088.0
BEL,2008,1896747.0
BEL,2009,1911480.0
BEL,2010,1926348.0
BEL,2011,1941332.0
BEL,2012,1956453.0
BEL,2013,1971650.0
BEL,2014,1986986.0
BEL,2015,2002441.0
BEL,2016,2018038.0
BEL,2017,2033713.0
BEL,2018,2049510.0
BEL,2019,2065284.0
BEL,2020,2080788.0
BEL,2021,2095688.0
BEL,2022,2109631.0
BEL,2023,2121992.0
BEL,2024,2132178.0
BEL,2025,2141515.0
BEN,1960,73080.0
BEN,1961,77928.0
BEN,1962,85036.0
BEN,1963,92962.0
BEN,1964,101640.0
BEN,1965,111100.0
BEN,1966,120007.0
BEN,1967,129628.0
BEN,1968,140036.0
BEN,1969,151247.0
BEN,1970,163372.0
BEN,1971,176470.0
BEN,1972,190638.0
BEN,1973,205900.0
BEN,1974,222408.0
BEN,1975,240239.0
BEN,1976,259527.0
BEN,1977,280304.0
BEN,1978,302776.0
BEN,1979,323820.0
BEN,1980,337106.0
BEN,1981,350898.0
BEN,1982,365275.0
BEN,1983,380240.0
BEN,1984,395841.0
BEN,1985,412036.0
BEN,1986,428918.0
BEN,1987,446491.0
BEN,1988,464809.0
BEN,1989,483826.0
BEN,1990,503649.0
BEN,1991,524284.0
BEN,1992,541575.0
BEN,1993,553242.0
BEN,1994,565177.0
BEN,1995,577370.0
BEN,1996,589843.0
BEN,1997,602550.0
BEN,1998,615549.0
BEN,1999,628829.0
BEN,2000,642413.0
BEN,2001,656253.0
BEN,2002,665557.0
BEN,2003,666784.0
BEN,2004,668016.0
BEN,2005,669246.0
BEN,2006,670480.0
BEN,2007,671716.0
BEN,2008,672957.0
BEN,2009,674196.0
BEN,2010,675440.0
BEN,2011,676685.0
BEN,2012,677935.0
BEN,2013,679183.0
BEN,2014,708578.0
BEN,2015,757922.0
BEN,2016,810702.0
BEN,2017,867158.0
BEN,2018,927545.0
BEN,2019,991000.0
BEN,2020,1056440.0
BEN,2021,1122713.0
BEN,2022,1188736.0
BEN,2023,1252890.0
BEN,2024,1314916.0
BEN,2025,1375217.0
BFA,1960,59126.0
BFA,1961,63090.0
BFA,1962,67325.0
BFA,1963,71845.0
BFA,1964,76676.0
BFA,1965,81816.0
BFA,1966,87309.0
BFA,1967,93170.0
BFA,1968,99434.0
BFA,1969,107102.0
BFA,1970,115374.0
BFA,1971,124284.0
BFA,1972,133897.0
BFA,1973,144223.0
BFA,1974,155361.0
BFA,1975,167360.0
BFA,1976,182337.0
BFA,1977,200214.0
BFA,1978,219871.0
BFA,1979,241459.0
BFA,1980,265200.0
BFA,1981,291201.0
BFA,1982,319792.0
BFA,1983,351190.0
BFA,1984,385721.0
BFA,1985,423537.0
BFA,1986,452238.0
BFA,1987,472181.0
BFA,1988,493032.0
BFA,1989,514742.0
BFA,1990,537441.0
BFA,1991,561141.0
BFA,1992,585920.0
BFA,1993,611721.0
BFA,1994,638696.0
BFA,1995,666861.0
BFA,1996,696309.0
BFA,1997,739213.0
BFA,1998,795344.0
BFA,1999,855737.0
BFA,2000,920808.0
BFA,2001,990628.0
BFA,2002,1065850.0
BFA,2003,1146783.0
BFA,2004,1233987.0
BFA,2005,1327553.0
BFA,2006,1428359.0
BFA,2007,1514246.0
BFA,2008,1586762.0
BFA,2009,1662536.0
BFA,2010,1742041.0
BFA,2011,1825349.0
BFA,2012,1912763.0
BFA,2013,2004106.0
BFA,2014,2099945.0
BFA,2015,2200368.0
BFA,2016,2305593.0
BFA,2017,2415851.0
BFA,2018,2531381.0
BFA,2019,2652720.0
BFA,2020,2780331.0
BFA,2021,2914619.0
BFA,2022,3055788.0
BFA,2023,3203923.0
BFA,2024,3358934.0
BFA,2025,3520821.0
BGD,1960,507921.0
BGD,1961,543565.0
BGD,1962,602546.0
BGD,1963,667926.0
BGD,1964,740506.0
BGD,1965,820740.0
BGD,1966,909796.0
BGD,1967,1008515.0
BGD,1968,1118104.0
BGD,1969,1239251.0
BGD,1970,1373718.0
BGD,1971,1522776.0
BGD,1972,1688248.0
BGD,1973,1871169.0
BGD,1974,2056298.0
BGD,1975,2221055.0
BGD,1976,2399267.0
BGD,1977,2591228.0
BGD,1978,2798845.0
BGD,1979,3023097.0
BGD,1980,3265663.0
BGD,1981,3519136.0
BGD,1982,3775135.0
BGD,1983,4049756.0
BGD,1984,4344775.0
BGD,1985,4660384.0
BGD,1986,4999402.0
BGD,1987,5363083.0
BGD,1988,5753775.0
BGD,1989,6171735.0
BGD,1990,6620697.0
BGD,1991,7041281.0
BGD,1992,7344419.0
BGD,1993,7659719.0
BGD,1994,7989018.0
BGD,1995,8332474.0
BGD,1996,8691200.0
BGD,1997,9064318.0
BGD,1998,9454003.0
BGD,1999,9860440.0
BGD,2000,10284947.0
BGD,2001,10695828.0
BGD,2002,11083051.0
BGD,2003,11484292.0
BGD,2004,11900642.0
BGD,2005,12330879.0
BGD,2006,12777296.0
BGD,2007,13239874.0
BGD,2008,13719871.0
BGD,2009,14215877.0
BGD,2010,14730537.0
BGD,2011,15263828.0
BGD,2012,15816426.0
BGD,2013,16389028.999999998
BGD,2014,16982363.0
BGD,2015,17597177.0
BGD,2016,18234249.0
BGD,2017,18894385.0
BGD,2018,19578421.0
BGD,2019,20283552.0
BGD,2020,21005860.0
BGD,2021,21741090.0
BGD,2022,22478117.0
BGD,2023,23209616.0
BGD,2024,23935652.0
BGD,2025,24652864.0
BGR,1960,708061.0
BGR,1961,726557.0
BGR,1962,745562.0
BGR,1963,765065.0
BGR,1964,785106.0
BGR,1965,805615.0
BGR,1966,823420.0
BGR,1967,839217.0
BGR,1968,855339.0
BGR,1969,871726.0
BGR,1970,888449.0
BGR,1971,905494.0
BGR,1972,922889.0
BGR,1973,940570.0
BGR,1974,958614.0
BGR,1975,977004.0
BGR,1976,995774.0
BGR,1977,1014850.0
BGR,1978,1034320.0
BGR,1979,1054162.0
BGR,1980,1074414.0
BGR,1981,1094997.0
BGR,1982,1116004.0
BGR,1983,1137414.0
BGR,1984,1159265.0
BGR,1985,1181474.0
BGR,1986,1192558.0
BGR,1987,1192104.0
BGR,1988,1191649.0
BGR,1989,1191196.0
BGR,1990,1190742.0
BGR,1991,1190289.0
BGR,1992,1189835.0
BGR,1993,1184909.0
BGR,1994,1176648.0
BGR,1995,1168445.0
BGR,1996,1160287.0
BGR,1997,1152209.0
BGR,1998,1144176.0
BGR,1999,1136199.0
BGR,2000,1128266.0
BGR,2001,1120411.0
BGR,2002,1132680.0
BGR,2003,1145963.0
BGR,2004,1157368.0
BGR,2005,1168854.0
BGR,2006,1177565.0
BGR,2007,1185484.0
BGR,2008,1195578.0
BGR,2009,1205730.0
BGR,2010,1215983.0
BGR,2011,1226323.0
BGR,2012,1236765.0
BGR,2013,1244740.0
BGR,2014,1250228.0
BGR,2015,1255741.0
BGR,2016,1261286.0
BGR,2017,1266840.0
BGR,2018,1272418.0
BGR,2019,1276937.0
BGR,2020,1280968.0
BGR,2021,1284311.0
BGR,2022,1286789.0
BGR,2023,1288114.0
BGR,2024,1287540.0
BGR,2025,1286460.0
BHR,1960,64888.0
BHR,1961,67726.0
BHR,1962,70691.0
BHR,1963,73787.0
BHR,1964,77022.0
BHR,1965,79697.0
BHR,1966,81304.0
BHR,1967,82943.0
BHR,1968,84617.0
BHR,1969,86321.0
BHR,1970,88061.0
BHR,1971,89951.0
BHR,1972,92251.0
BHR,1973,94602.0
BHR,1974,97017.0
BHR,1975,99494.0
BHR,1976,102037.0
BHR,1977,104638.0
BHR,1978,107310.0
BHR,1979,110049.0
BHR,1980,112862.0
BHR,1981,115318.0
BHR,1982,116446.0
BHR,1983,117585.0
BHR,1984,118736.0
BHR,1985,119896.0
BHR,1986,121069.0
BHR,1987,122253.0
BHR,1988,123450.0
BHR,1989,124656.0
BHR,1990,125875.0
BHR,1991,127106.0
BHR,1992,128546.0
BHR,1993,130120.0
BHR,1994,131715.0
BHR,1995,133330.0
BHR,1996,134966.0
BHR,1997,136618.0
BHR,1998,138293.0
BHR,1999,139988.0
BHR,2000,141707.0
BHR,2001,145632.0
BHR,2002,157330.0
BHR,2003,169967.0
BHR,2004,183640.0
BHR,2005,198370.0
BHR,2006,214304.0
BHR,2007,231518.0
BHR,2008,250141.0
BHR,2009,270205.0
BHR,2010,292172.0
BHR,2011,317239.0
BHR,2012,344495.0
BHR,2013,374008.0
BHR,2014,406095.0
BHR,2015,440935.0
BHR,2016,478819.0
BHR,2017,519958.0
BHR,2018,564631.0
BHR,2019,600433.0
BHR,2020,634508.0
BHR,2021,663893.0
BHR,2022,688558.0
BHR,2023,708882.0
BHR,2024,726505.0
BHR,2025,743066.0
BIH,1960,169319.0
BIH,1961,174647.0
BIH,1962,180741.0
BIH,1963,187047.0
BIH,1964,193583.0
BIH,1965,200327.0
BIH,1966,207317.0
BIH,1967,214551.0
BIH,1968,222047.0
BIH,1969,229784.0
BIH,1970,237801.0
BIH,1971,245635.0
BIH,1972,252320.0
BIH,1973,259168.0
BIH,1974,266212.0
BIH,1975,273447.0
BIH,1976,280889.0
BIH,1977,288513.0
BIH,1978,296354.0
BIH,1979,304409.0
BIH,1980,312694.0
BIH,1981,319547.0
BIH,1982,321659.0
BIH,1983,323784.0
BIH,1984,325926.0
BIH,1985,328077.0
BIH,1986,330245.0
BIH,1987,332427.0
BIH,1988,334627.0
BIH,1989,336835.0
BIH,1990,339061.0
BIH,1991,340746.0
BIH,1992,340814.0
BIH,1993,340881.0
BIH,1994,340949.0
BIH,1995,341017.0
BIH,1996,341085.0
BIH,1997,341152.0
BIH,1998,341220.0
BIH,1999,341288.0
BIH,2000,341355.0
BIH,2001,341423.0
BIH,2002,341491.0
BIH,2003,341559.0
BIH,2004,341626.0
BIH,2005,341694.0
BIH,2006,341762.0
BIH,2007,341830.0
BIH,2008,341898.0
BIH,2009,341965.0
BIH,2010,342033.0
BIH,2011,342101.0
BIH,2012,342169.0
BIH,2013,342237.0
BIH,2014,342305.0
BIH,2015,342373.0
BIH,2016,342441.0
BIH,2017,342509.0
BIH,2018,342577.0
BIH,2019,342743.0
BIH,2020,343089.0
BIH,2021,343661.0
BIH,2022,344481.0
BIH,2023,345549.0
BIH,2024,346859.0
BIH,2025,348404.0
BLR,1960,550710.0
BLR,1961,580833.0
BLR,1962,612649.0
BLR,1963,646207.0
BLR,1964,681653.0
BLR,1965,718938.0
BLR,1966,758319.0
BLR,1967,799856.0
BLR,1968,843731.0
BLR,1969,889881.0
BLR,1970,931566.0
BLR,1971,966515.0
BLR,1972,1002827.0
BLR,1973,1040396.0
BLR,1974,1079428.0
BLR,1975,1119925.0
BLR,1976,1161999.0
BLR,1977,1205532.0
BLR,1978,1250760.0
BLR,1979,1289550.0
BLR,1980,1319711.0
BLR,1981,1350492.0
BLR,1982,1382034.0
BLR,1983,1414313.0
BLR,1984,1447393.0
BLR,1985,1481151.0
BLR,1986,1515745.0
BLR,1987,1551147.0
BLR,1988,1587427.0
BLR,1989,1610396.0
BLR,1990,1617544.0
BLR,1991,1624724.0
BLR,1992,1631945.0
BLR,1993,1639179.0
BLR,1994,1646455.0
BLR,1995,1653763.0
BLR,1996,1661114.0
BLR,1997,1668477.0
BLR,1998,1675883.0
BLR,1999,1685887.0
BLR,2000,1700376.0
BLR,2001,1714949.0
BLR,2002,1729668.0
BLR,2003,1744512.0
BLR,2004,1759505.0
BLR,2005,1774585.0
BLR,2006,1789815.0
BLR,2007,1804472.0
BLR,2008,1818556.0
BLR,2009,1832710.0
BLR,2010,1849991.0
BLR,2011,1868657.0
BLR,2012,1887537.0
BLR,2013,1906555.0
BLR,2014,1925792.0
BLR,2015,1945223.0
BLR,2016,1964877.0
BLR,2017,1984675.0
BLR,2018,2004672.0
BLR,2019,2016677.0
BLR,2020,2028104.0
BLR,2021,2038822.0
BLR,2022,2048575.0
BLR,2023,2057257.0
BLR,2024,2064733.0
BLR,2025,2070934.0
BOL,1960,440242.0
BOL,1961,454541.0
BOL,1962,469325.0
BOL,1963,484591.0
BOL,1964,500375.0
BOL,1965,516628.0
BOL,1966,533432.0
BOL,1967,550782.0
BOL,1968,568722.0
BOL,1969,587195.0
BOL,1970,606294.0
BOL,1971,626014.0
BOL,1972,646405.0
BOL,1973,667401.0
BOL,1974,689109.0
BOL,1975,711523.0
BOL,1976,734698.0
BOL,1977,756115.0
BOL,1978,777365.0
BOL,1979,799212.0
BOL,1980,821704.0
BOL,1981,844765.0
BOL,1982,868507.0
BOL,1983,892915.0
BOL,1984,918045.0
BOL,1985,943809.0
BOL,1986,970334.0
BOL,1987,997604.0
BOL,1988,1025680.0
BOL,1989,1054466.0
BOL,1990,1084100.0
BOL,1991,1114568.0
BOL,1992,1145819.0
BOL,1993,1176412.0
BOL,1994,1207865.0
BOL,1995,1240160.0
BOL,1996,1273364.0
BOL,1997,1307363.0
BOL,1998,1342318.0
BOL,1999,1378207.0
BOL,2000,1415108.0
BOL,2001,1452891.0
BOL,2002,1475375.0
BOL,2003,1494564.0
BOL,2004,1514030.0
BOL,2005,1533695.0
BOL,2006,1553643.0
BOL,2007,1573850.0
BOL,2008,1594348.0
BOL,2009,1615056.0
BOL,2010,1636062.0
BOL,2011,1657342.0
BOL,2012,1678928.0
BOL,2013,1700734.0
BOL,2014,1722823.0
BOL,2015,1745199.0
BOL,2016,1767866.0
BOL,2017,1790827.0
BOL,2018,1814087.0
BOL,2019,1835355.0
BOL,2020,1857797.0
BOL,2021,1881796.0
BOL,2022,1907686.0
BOL,2023,1935619.0
BOL,2024,1965570.0
BOL,2025,1997368.0
BRA,1960,4493182.0
BRA,1961,4681086.0
BRA,1962,4878624.0
BRA,1963,5084497.0
BRA,1964,5299360.0
BRA,1965,5522674.0
BRA,1966,5865661.0
BRA,1967,6262294.0
BRA,1968,6686349.0
BRA,1969,7137833.0
BRA,1970,7620490.0
BRA,1971,8004335.0
BRA,1972,8380067.999999999
BRA,1973,8772332.0
BRA,1974,9183536.0
BRA,1975,9614016.0
BRA,1976,10065309.0
BRA,1977,10536457.0
BRA,1978,11030355.0
BRA,1979,11547405.0
BRA,1980,12089454.0
BRA,1981,12383528.0
BRA,1982,12628957.0
BRA,1983,12879250.0
BRA,1984,13134858.0
BRA,1985,13394815.0
BRA,1986,13660287.0
BRA,1987,13931020.0
BRA,1988,14207502.0
BRA,1989,14488689.0
BRA,1990,14775840.0
BRA,1991,15068681.0
BRA,1992,15288036.0
BRA,1993,15493544.0
BRA,1994,15702105.0
BRA,1995,15913473.0
BRA,1996,16127983.0
BRA,1997,16344782.0
BRA,1998,16564802.0
BRA,1999,16787782.0
BRA,2000,17014078.0
BRA,2001,17260029.0
BRA,2002,17511506.0
BRA,2003,17766646.0
BRA,2004,18025864.0
BRA,2005,18288134.0
BRA,2006,18554591.0
BRA,2007,18824929.0
BRA,2008,19099587.0
BRA,2009,19377480.0
BRA,2010,19659808.0
BRA,2011,19901875.0
BRA,2012,20143093.0
BRA,2013,20386559.0
BRA,2014,20633309.0
BRA,2015,20883046.0
BRA,2016,21136155.0
BRA,2017,21391624.0
BRA,2018,21650181.0
BRA,2019,21846507.0
BRA,2020,22043028.0
BRA,2021,22237472.0
BRA,2022,22429799.0
BRA,2023,22619736.0
BRA,2024,22806704.0
BRA,2025,22990007.0
CAF,1960,94350.0
CAF,1961,102334.0
CAF,1962,111006.0
CAF,1963,120413.0
CAF,1964,130626.0
CAF,1965,141662.0
CAF,1966,153199.0
CAF,1967,164523.0
CAF,1968,176702.0
CAF,1969,189744.0
CAF,1970,203770.0
CAF,1971,218832.0
CAF,1972,235031.0
CAF,1973,252379.0
CAF,1974,271035.0
CAF,1975,291069.0
CAF,1976,305885.0
CAF,1977,315594.0
CAF,1978,325626.0
CAF,1979,335977.0
CAF,1980,346672.0
CAF,1981,357676.0
CAF,1982,369045.0
CAF,1983,380776.0
CAF,1984,392897.0
CAF,1985,405369.0
CAF,1986,418254.0
CAF,1987,431550.0
CAF,1988,445286.0
CAF,1989,456973.0
CAF,1990,466876.0
CAF,1991,476994.0
CAF,1992,487345.0
CAF,1993,497892.0
CAF,1994,508682.0
CAF,1995,519706.0
CAF,1996,530984.0
CAF,1997,542475.0
CAF,1998,554231.0
CAF,1999,566242.0
CAF,2000,578530.0
CAF,2001,591050.0
CAF,2002,603859.0
CAF,2003,616945.0
CAF,2004,630334.0
CAF,2005,643975.0
CAF,2006,657931.0
CAF,2007,672189.0
CAF,2008,686777.0
CAF,2009,701639.0
CAF,2010,716845.0
CAF,2011,732380.0
CAF,2012,748273.0
CAF,2013,764467.0
CAF,2014,781034.0
CAF,2015,797960.0
CAF,2016,815276.0
CAF,2017,832920.0
CAF,2018,850946.0
CAF,2019,869599.0
CAF,2020,889231.0
CAF,2021,910270.0
CAF,2022,933176.0
CAF,2023,958335.0
CAF,2024,985965.0
CAF,2025,1016148.0
CAN,1960,2031108.0
CAN,1961,2114517.0
CAN,1962,2176403.0
CAN,1963,2240102.0
CAN,1964,2305756.0
CAN,1965,2373145.0
CAN,1966,2441566.0
CAN,1967,2500090.0
CAN,1968,2560101.0
CAN,1969,2621381.0
CAN,1970,2684215.0
CAN,1971,2744174.0
CAN,1972,2755944.0
CAN,1973,2767733.0
CAN,1974,2779588.0
CAN,1975,2791494.0
CAN,1976,2807079.0
CAN,1977,2855955.0
CAN,1978,2905750.0
CAN,1979,2956414.0
CAN,1980,3008032.0
CAN,1981,3061725.0
CAN,1982,3132656.0
CAN,1983,3205229.0
CAN,1984,3279588.0
CAN,1985,3355459.0
CAN,1986,3433952.0
CAN,1987,3523629.0
CAN,1988,3615776.0
CAN,1989,3710070.0
CAN,1990,3806957.0
CAN,1991,3904154.0
CAN,1992,3975528.0
CAN,1993,4048005.0
CAN,1994,4121907.0
CAN,1995,4197157.0
CAN,1996,4274256.0
CAN,1997,4355039.0
CAN,1998,4437464.0
CAN,1999,4521449.0
CAN,2000,4607142.0
CAN,2001,4693504.0
CAN,2002,4776698.0
CAN,2003,4861366.0
CAN,2004,4947655.0
CAN,2005,5035232.0
CAN,2006,5124530.0
CAN,2007,5215742.0
CAN,2008,5308706.0
CAN,2009,5403064.0
CAN,2010,5499233.0
CAN,2011,5592607.0
CAN,2012,5660142.0
CAN,2013,5728303.0
CAN,2014,5797381.0
CAN,2015,5867292.0
CAN,2016,5938144.0
CAN,2017,6009852.0
CAN,2018,6082425.0
CAN,2019,6139404.0
CAN,2020,6196731.0
CAN,2021,6254571.0
CAN,2022,6312974.0
CAN,2023,6371958.0
CAN,2024,6431430.0
CAN,2025,6491286.0
CHE,1960,535471.0
CHE,1961,546473.0
CHE,1962,562653.0
CHE,1963,579311.0
CHE,1964,596487.0
CHE,1965,614123.0
CHE,1966,632305.0
CHE,1967,651026.0
CHE,1968,670328.0
CHE,1969,690147.0
CHE,1970,710580.0
CHE,1971,718557.0
CHE,1972,717235.0
CHE,1973,715920.0
CHE,1974,714605.0
CHE,1975,713293.0
CHE,1976,711982.0
CHE,1977,710676.0
CHE,1978,709371.0
CHE,1979,708068.0
CHE,1980,706766.0
CHE,1981,721451.0
CHE,1982,748589.0
CHE,1983,776748.0
CHE,1984,806007.0
CHE,1985,836284.0
CHE,1986,867741.0
CHE,1987,900382.0
CHE,1988,934299.0
CHE,1989,969394.0
CHE,1990,1005859.0
CHE,1991,1027960.0
CHE,1992,1038718.0
CHE,1993,1049558.0
CHE,1994,1060527.0
CHE,1995,1071610.0
CHE,1996,1082824.0
CHE,1997,1094125.0
CHE,1998,1105559.0
CHE,1999,1117113.0
CHE,2000,1128804.0
CHE,2001,1140845.0
CHE,2002,1153230.0
CHE,2003,1165750.0
CHE,2004,1178424.0
CHE,2005,1191200.0
CHE,2006,1204132.0
CHE,2007,1217204.0
CHE,2008,1230437.0
CHE,2009,1243777.0
CHE,2010,1257280.0
CHE,2011,1270929.0
CHE,2012,1284746.0
CHE,2013,1298675.0
CHE,2014,1312774.0
CHE,2015,1327026.0
CHE,2016,1341453.0
CHE,2017,1356037.0
CHE,2018,1370779.0
CHE,2019,1383092.0
CHE,2020,1395356.0
CHE,2021,1407572.0
CHE,2022,1419621.0
CHE,2023,1431538.0
CHE,2024,1443349.0
CHE,2025,1455098.0
CHL,1960,1979927.0
CHL,1961,2047034.0
CHL,1962,2106056.0
CHL,1963,2166780.0
CHL,1964,2229343.0
CHL,1965,2293532.0
CHL,1966,2359661.0
CHL,1967,2427698.0
CHL,1968,2497794.0
CHL,1969,2569712.0
CHL,1970,2646661.0
CHL,1971,2738346.0
CHL,1972,2833339.0
CHL,1973,2931353.0
CHL,1974,3032899.0
CHL,1975,3137963.0
CHL,1976,3246819.0
CHL,1977,3359136.0
CHL,1978,3475502.0
CHL,1979,3595899.0
CHL,1980,3720640.0
CHL,1981,3849349.0
CHL,1982,3970906.0
CHL,1983,4046324.0
CHL,1984,4123282.0
CHL,1985,4201485.0
CHL,1986,4281283.0
CHL,1987,4362596.0
CHL,1988,4445568.0
CHL,1989,4529884.0
CHL,1990,4615919.0
CHL,1991,4703587.0
CHL,1992,4794775.0
CHL,1993,4894926.0
CHL,1994,4997312.0
CHL,1995,5101840.0
CHL,1996,5208702.0
CHL,1997,5317500.0
CHL,1998,5428725.0
CHL,1999,5542276.0
CHL,2000,5658363.0
CHL,2001,5776553.0
CHL,2002,5883580.0
CHL,2003,5930470.0
CHL,2004,5977798.0
CHL,2005,6025373.0
CHL,2006,6073393.0
CHL,2007,6121796.0
CHL,2008,6170651.0
CHL,2009,6219761.0
CHL,2010,6269330.0
CHL,2011,6319294.0
CHL,2012,6369726.0
CHL,2013,6420420.0
CHL,2014,6471588.0
CHL,2015,6523164.0
CHL,2016,6575151.0
CHL,2017,6627552.0
CHL,2018,6680371.0
CHL,2019,6723516.0
CHL,2020,6767223.0
CHL,2021,6811595.0
CHL,2022,6856939.0
CHL,2023,6903392.0
CHL,2024,6950952.0
CHL,2025,6999457.0
CHN,1960,6865312.0
CHN,1961,6752117.0
CHN,1962,6640636.0
CHN,1963,6530995.0
CHN,1964,6423017.0
CHN,1965,6428131.0
CHN,1966,6387638.0
CHN,1967,6302144.0
CHN,1968,6217680.0
CHN,1969,6134575.0
CHN,1970,6052468.0
CHN,1971,5971461.0
CHN,1972,5891428.0
CHN,1973,5812684.0
CHN,1974,5734886.0
CHN,1975,5658129.0
CHN,1976,5582296.0
CHN,1977,5507683.0
CHN,1978,5558902.0
CHN,1979,5740309.0
CHN,1980,5927898.0
CHN,1981,6121076.0
CHN,1982,6320829.0
CHN,1983,6569409.0
CHN,1984,6828127.0
CHN,1985,7096280.0
CHN,1986,7375356.0
CHN,1987,7665406.0
CHN,1988,7967288.0
CHN,1989,8280178.0
CHN,1990,8605812.0
CHN,1991,9050404.0
CHN,1992,9518933.0
CHN,1993,10010327.0
CHN,1994,10527819.0
CHN,1995,11072063.0
CHN,1996,11645251.0
CHN,1997,12246411.0
CHN,1998,12879499.0
CHN,1999,13545316.0
CHN,2000,14246541.0
CHN,2001,14829537.0
CHN,2002,15357256.0
CHN,2003,15903755.0
CHN,2004,16470494.999999998
CHN,2005,17055788.0
CHN,2006,17662731.0
CHN,2007,18291272.0
CHN,2008,18943092.0
CHN,2009,19616251.0
CHN,2010,20314309.0
CHN,2011,20947904.0
CHN,2012,21555451.0
CHN,2013,22178874.0
CHN,2014,22821226.0
CHN,2015,23482181.0
CHN,2016,24163230.0
CHN,2017,24862075.0
CHN,2018,25582138.0
CHN,2019,26317104.0
CHN,2020,27058479.0
CHN,2021,27795702.0
CHN,2022,28516903.0
CHN,2023,29210808.0
CHN,2024,29867918.0
CHN,2025,30482140.0
CIV,1960,191849.0
CIV,1961,208607.0
CIV,1962,226856.0
CIV,1963,246700.0
CIV,1964,276555.0
CIV,1965,309925.0
CIV,1966,347377.0
CIV,1967,389354.0
CIV,1968,436472.0
CIV,1969,489139.0
CIV,1970,548246.0
CIV,1971,614497.0
CIV,1972,688861.0
CIV,1973,771982.0
CIV,1974,865269.0
CIV,1975,966025.0
CIV,1976,1058136.0
CIV,1977,1158740.0
CIV,1978,1269067.0
CIV,1979,1325017.0
CIV,1980,1383516.0
CIV,1981,1444425.0
CIV,1982,1508106.0
CIV,1983,1574595.0
CIV,1984,1644112.0
CIV,1985,1716495.0
CIV,1986,1792171.0
CIV,1987,1871183.0
CIV,1988,1950508.0
CIV,1989,2024809.0
CIV,1990,2102049.0
CIV,1991,2182236.0
CIV,1992,2265598.0
CIV,1993,2351902.0
CIV,1994,2441619.0
CIV,1995,2534759.0
CIV,1996,2631588.0
CIV,1997,2731834.0
CIV,1998,2836045.0
CIV,1999,2926232.0
CIV,2000,3007498.0
CIV,2001,3090788.0
CIV,2002,3176505.0
CIV,2003,3264599.0
CIV,2004,3355262.0
CIV,2005,3448183.0
CIV,2006,3543811.0
CIV,2007,3642091.0
CIV,2008,3743238.0
CIV,2009,3846904.0
CIV,2010,3953590.0
CIV,2011,4063235.0
CIV,2012,4176077.0
CIV,2013,4291730.0
CIV,2014,4410752.0
CIV,2015,4533075.0
CIV,2016,4658790.0
CIV,2017,4787992.0
CIV,2018,4920776.0
CIV,2019,5058550.0
CIV,2020,5202762.0
CIV,2021,5354826.0
CIV,2022,5515790.0
CIV,2023,5686350.0
CIV,2024,5866704.0
CIV,2025,6056877.0
CMR,1960,152612.0
CMR,1961,161214.0
CMR,1962,170313.0
CMR,1963,179927.0
CMR,1964,190097.0
CMR,1965,204834.0
CMR,1966,220736.0
CMR,1967,237873.0
CMR,1968,256366.0
CMR,1969,276241.0
CMR,1970,297687.0
CMR,1971,320797.0
CMR,1972,345738.0
CMR,1973,372541.0
CMR,1974,401463.0
CMR,1975,432630.0
CMR,1976,463848.0
CMR,1977,488495.0
CMR,1978,514489.0
CMR,1979,541866.0
CMR,1980,570741.0
CMR,1981,601068.0
CMR,1982,633052.0
CMR,1983,666739.0
CMR,1984,702267.0
CMR,1985,739584.0
CMR,1986,778939.0
CMR,1987,819198.0
CMR,1988,857837.0
CMR,1989,898184.0
CMR,1990,940489.0
CMR,1991,984786.0
CMR,1992,1031235.0
CMR,1993,1079737.0
CMR,1994,1130593.0
CMR,1995,1183844.0
CMR,1996,1239682.0
CMR,1997,1297989.0
CMR,1998,1359124.0
CMR,1999,1423139.0
CMR,2000,1490263.0
CMR,2001,1560356.0
CMR,2002,1633849.0
CMR,2003,1710803.0
CMR,2004,1791496.0
CMR,2005,1875756.0
CMR,2006,1964104.0
CMR,2007,2056613.0
CMR,2008,2153480.0
CMR,2009,2254908.0
CMR,2010,2361114.0
CMR,2011,2482205.0
CMR,2012,2623348.0
CMR,2013,2772516.0
CMR,2014,2930167.0
CMR,2015,3096782.0
CMR,2016,3272870.0
CMR,2017,3458972.0
CMR,2018,3655656.0
CMR,2019,3822425.0
CMR,2020,3992411.0
CMR,2021,4164167.0
CMR,2022,4336670.0
CMR,2023,4509287.0
CMR,2024,4681768.0
CMR,2025,4854255.0
COD,1960,442853.0
COD,1961,487604.0
COD,1962,536949.0
COD,1963,591287.0
COD,1964,651211.0
COD,1965,717018.0
COD,1966,789579.0
COD,1967,869484.0
COD,1968,939065.0
COD,1969,1002218.0
COD,1970,1069714.0
COD,1971,1141756.0
COD,1972,1218759.0
COD,1973,1300722.0
COD,1974,1388321.0
COD,1975,1481820.0
COD,1976,1581758.0
COD,1977,1688133.0
COD,1978,1801823.0
COD,1979,1923171.0
COD,1980,2052874.0
COD,1981,2190932.0
COD,1982,2338484.0
COD,1983,2495974.0
COD,1984,2664309.0
COD,1985,2811896.0
COD,1986,2967879.0
COD,1987,3132515.0
COD,1988,3306530.0
COD,1989,3489692.0
COD,1990,3683274.0
COD,1991,3887595.0
COD,1992,4103555.0
COD,1993,4330868.0
COD,1994,4571112.0
COD,1995,4824684.0
COD,1996,5092700.0
COD,1997,5374806.0
COD,1998,5641396.0
COD,1999,5885450.0
COD,2000,6140419.0
COD,2001,6405687.0
COD,2002,6682804.0
COD,2003,6971910.0
COD,2004,7273947.0
COD,2005,7589069.0
COD,2006,7917842.0
COD,2007,8260859.0
COD,2008,8618736.0
COD,2009,8992117.0
COD,2010,9381673.0
COD,2011,9788106.0
COD,2012,10212146.0
COD,2013,10654556.0
COD,2014,11116133.0
COD,2015,11597706.0
COD,2016,12100142.0
COD,2017,12624344.0
COD,2018,13171256.0
COD,2019,13743278.0
COD,2020,14342439.0
COD,2021,14970460.0
COD,2022,15628085.0
COD,2023,16315534.0
COD,2024,17032322.0
COD,2025,17778474.0
COG,1960,123643.0
COG,1961,131867.0
COG,1962,140751.0
COG,1963,150341.0
COG,1964,160599.0
COG,1965,171525.0
COG,1966,183212.0
COG,1967,195695.0
COG,1968,209047.0
COG,1969,223270.0
COG,1970,238483.0
COG,1971,254732.0
COG,1972,272112.0
COG,1973,290626.0
COG,1974,309803.0
COG,1975,329225.0
COG,1976,349895.0
COG,1977,371800.0
COG,1978,395110.0
COG,1979,419881.0
COG,1980,446242.0
COG,1981,474179.0
COG,1982,503907.0
COG,1983,535499.0
COG,1984,569120.0
COG,1985,596061.0
COG,1986,616150.0
COG,1987,636916.0
COG,1988,658412.0
COG,1989,680572.0
COG,1990,703509.0
COG,1991,727220.0
COG,1992,751764.0
COG,1993,777065.0
COG,1994,803255.0
COG,1995,830327.0
COG,1996,858950.0
COG,1997,896962.0
COG,1998,936712.0
COG,1999,978223.0
COG,2000,1021635.0
COG,2001,1066846.0
COG,2002,1114124.0
COG,2003,1163498.0
COG,2004,1215132.0
COG,2005,1268906.0
COG,2006,1325139.0
COG,2007,1383864.0
COG,2008,1445191.0
COG,2009,1509237.0
COG,2010,1576120.0
COG,2011,1645968.0
COG,2012,1718911.0
COG,2013,1795086.0
COG,2014,1874637.0
COG,2015,1957714.0
COG,2016,2044472.0
COG,2017,2135075.0
COG,2018,2229693.0
COG,2019,2308076.0
COG,2020,2388090.0
COG,2021,2469630.0
COG,2022,2552813.0
COG,2023,2637733.0
COG,2024,2724566.0
COG,2025,2813478.0
COL,1960,1268645.0
COL,1961,1360418.0
COL,1962,1458970.0
COL,1963,1564662.0
COL,1964,1678171.0
COL,1965,1779758.0
COL,1966,1886814.0
COL,1967,2000310.0
COL,1968,2120803.0
COL,1969,2248192.0
COL,1970,2383425.0
COL,1971,2526793.0
COL,1972,2679000.0
COL,1973,2839919.0
COL,1974,2951861.0
COL,1975,3040465.0
COL,1976,3131856.0
COL,1977,3225731.0
COL,1978,3322555.0
COL,1979,3422286.0
COL,1980,3525154.0
COL,1981,3630818.0
COL,1982,3739801.0
COL,1983,3852056.0
COL,1984,3967842.0
COL,1985,4086775.0
COL,1986,4209764.0
COL,1987,4336588.0
COL,1988,4467415.0
COL,1989,4601813.0
COL,1990,4740448.0
COL,1991,4883259.0
COL,1992,5030578.0
COL,1993,5181918.0
COL,1994,5333776.0
COL,1995,5488071.0
COL,1996,5647051.0
COL,1997,5810180.0
COL,1998,5978256.0
COL,1999,6151194.0
COL,2000,6329384.0
COL,2001,6512224.0
COL,2002,6700608.0
COL,2003,6894443.0
COL,2004,7094163.0
COL,2005,7299095.0
COL,2006,7510243.0
COL,2007,7727498.0
COL,2008,7951351.0
COL,2009,8181045.0
COL,2010,8417705.0
COL,2011,8661212.0
COL,2012,8912112.0
COL,2013,9169561.0
COL,2014,9434817.0
COL,2015,9707746.0
COL,2016,9988963.0
COL,2017,10277518.0
COL,2018,10574409.0
COL,2019,10779376.0
COL,2020,10978360.0
COL,2021,11167392.0
COL,2022,11344312.0
COL,2023,11507960.0
COL,2024,11658211.0
COL,2025,11795829.0
CRI,1960,229792.0
CRI,1961,240155.0
CRI,1962,251001.0
CRI,1963,262364.0
CRI,1964,274348.0
CRI,1965,286844.0
CRI,1966,299928.0
CRI,1967,313608.0
CRI,1968,327933.0
CRI,1969,342870.0
CRI,1970,358509.0
CRI,1971,374861.0
CRI,1972,391984.0
CRI,1973,409364.0
CRI,1974,424290.0
CRI,1975,439760.0
CRI,1976,455817.0
CRI,1977,472413.0
CRI,1978,489638.0
CRI,1979,507491.0
CRI,1980,526020.0
CRI,1981,545173.0
CRI,1982,565050.0
CRI,1983,585653.0
CRI,1984,606945.0
CRI,1985,627401.0
CRI,1986,648576.0
CRI,1987,670465.0
CRI,1988,693125.0
CRI,1989,716486.0
CRI,1990,740667.0
CRI,1991,765665.0
CRI,1992,791543.0
CRI,1993,818220.0
CRI,1994,845835.0
CRI,1995,874383.0
CRI,1996,903935.0
CRI,1997,934400.0
CRI,1998,965936.0
CRI,1999,998537.0
CRI,2000,1032032.0
CRI,2001,1047860.0
CRI,2002,1063952.0
CRI,2003,1080292.0
CRI,2004,1096906.0
CRI,2005,1113729.0
CRI,2006,1130833.0
CRI,2007,1148200.0
CRI,2008,1165858.0
CRI,2009,1183738.0
CRI,2010,1201918.0
CRI,2011,1220377.0
CRI,2012,1239145.0
CRI,2013,1258149.0
CRI,2014,1277471.0
CRI,2015,1297091.0
CRI,2016,1317039.0
CRI,2017,1337237.0
CRI,2018,1357745.0
CRI,2019,1378546.0
CRI,2020,1399629.0
CRI,2021,1420533.0
CRI,2022,1441324.0
CRI,2023,1461989.0
CRI,2024,1482460.0
CRI,2025,1502635.0
CUB,1960,1435511.0
CUB,1961,1466641.0
CUB,1962,1498491.0
CUB,1963,1531032.0
CUB,1964,1564326.0
CUB,1965,1598250.0
CUB,1966,1632957.0
CUB,1967,1668419.0
CUB,1968,1704701.0
CUB,1969,1741668.0
CUB,1970,1779491.0
CUB,1971,1796743.0
CUB,1972,1809358.0
CUB,1973,1822027.0
CUB,1974,1834803.0
CUB,1975,1847668.0
CUB,1976,1860641.0
CUB,1977,1873669.0
CUB,1978,1886807.0
CUB,1979,1900036.0
CUB,1980,1913377.0
CUB,1981,1926775.0
CUB,1982,1945101.0
CUB,1983,1964799.0
CUB,1984,1984723.0
CUB,1985,2004794.0
CUB,1986,2025096.0
CUB,1987,2045604.0
CUB,1988,2066348.0
CUB,1989,2087244.0
CUB,1990,2108381.0
CUB,1991,2122518.0
CUB,1992,2129481.0
CUB,1993,2136447.0
CUB,1994,2143446.0
CUB,1995,2150468.0
CUB,1996,2157522.0
CUB,1997,2164580.0
CUB,1998,2171672.0
CUB,1999,2178786.0
CUB,2000,2185933.0
CUB,2001,2193084.0
CUB,2002,2200269.0
CUB,2003,2195440.0
CUB,2004,2187870.0
CUB,2005,2180347.0
CUB,2006,2172840.0
CUB,2007,2165359.0
CUB,2008,2157893.0
CUB,2009,2150473.0
CUB,2010,2143068.0
CUB,2011,2135689.0
CUB,2012,2128326.0
CUB,2013,2121008.0
CUB,2014,2119455.0
CUB,2015,2123697.0
CUB,2016,2127953.0
CUB,2017,2132206.0
CUB,2018,2136468.0
CUB,2019,2138419.0
CUB,2020,2140423.0
CUB,2021,2142866.0
CUB,2022,2145691.0
CUB,2023,2148930.0
CUB,2024,2152518.0
CUB,2025,2156350.0
CZE,1960,1000830.0
CZE,1961,1007834.0
CZE,1962,1015213.0
CZE,1963,1022647.0
CZE,1964,1030146.0
CZE,1965,1037678.0
CZE,1966,1045276.0
CZE,1967,1052930.0
CZE,1968,1060651.0
CZE,1969,1068406.0
CZE,1970,1076230.0
CZE,1971,1085284.0
CZE,1972,1095284.0
CZE,1973,1105348.0
CZE,1974,1115519.0
CZE,1975,1125783.0
CZE,1976,1136156.0
CZE,1977,1146595.0
CZE,1978,1157146.0
CZE,1979,1167793.0
CZE,1980,1178553.0
CZE,1981,1184211.0
CZE,1982,1187275.0
CZE,1983,1190346.0
CZE,1984,1193430.0
CZE,1985,1196513.0
CZE,1986,1199608.0
CZE,1987,1202712.0
CZE,1988,1205828.0
CZE,1989,1208943.0
CZE,1990,1212070.0
CZE,1991,1212664.0
CZE,1992,1208077.0
CZE,1993,1203520.0
CZE,1994,1198974.0
CZE,1995,1194445.0
CZE,1996,1189927.0
CZE,1997,1185438.0
CZE,1998,1180960.0
CZE,1999,1176499.0
CZE,2000,1172049.0
CZE,2001,1171354.0
CZE,2002,1178105.0
CZE,2003,1184894.0
CZE,2004,1191732.0
CZE,2005,1198591.0
CZE,2006,1205499.0
CZE,2007,1212446.0
CZE,2008,1219444.0
CZE,2009,1226462.0
CZE,2010,1233530.0
CZE,2011,1240639.0
CZE,2012,1247799.0
CZE,2013,1254980.0
CZE,2014,1262213.0
CZE,2015,1269488.0
CZE,2016,1276814.0
CZE,2017,1284162.0
CZE,2018,1291552.0
CZE,2019,1298804.0
CZE,2020,1305737.0
CZE,2021,1312199.0
CZE,2022,1318085.0
CZE,2023,1323339.0
CZE,2024,1327947.0
CZE,2025,1331935.0
DEU,1960,3259833.0
DEU,1961,3252346.0
DEU,1962,3247311.0
DEU,1963,3242284.0
DEU,1964,3237257.0
DEU,1965,3232253.0
DEU,1966,3227249.0
DEU,1967,3222253.0
DEU,1968,3217257.0
DEU,1969,3212283.0
DEU,1970,3206311.0
DEU,1971,3190964.0
DEU,1972,3175669.0
DEU,1973,3160490.0
DEU,1974,3145362.0
DEU,1975,3130306.0
DEU,1976,3115302.0
DEU,1977,3100411.0
DEU,1978,3085570.0
DEU,1979,3070801.0
DEU,1980,3056082.0
DEU,1981,3051544.0
DEU,1982,3048489.0
DEU,1983,3041327.0
DEU,1984,3042744.0
DEU,1985,3060484.0
DEU,1986,3095453.0
DEU,1987,3272990.0
DEU,1988,3253960.0
DEU,1989,3381095.0
DEU,1990,3421662.0
DEU,1991,3439841.0
DEU,1992,3455876.0
DEU,1993,3470553.0
DEU,1994,3473705.0
DEU,1995,3471395.0
DEU,1996,3462965.0
DEU,1997,3442267.0
DEU,1998,3412301.0
DEU,1999,3392756.0
DEU,2000,3384417.0
DEU,2001,3388441.0
DEU,2002,3391094.0
DEU,2003,3390456.0
DEU,2004,3388152.0
DEU,2005,3391496.0
DEU,2006,3401226.0
DEU,2007,3413367.0
DEU,2008,3425567.0
DEU,2009,3437892.0
DEU,2010,3450395.0
DEU,2011,3462944.0
DEU,2012,3475555.0
DEU,2013,3488177.0
DEU,2014,3500863.0
DEU,2015,3513595.0
DEU,2016,3526391.0
DEU,2017,3539234.0
DEU,2018,3552123.0
DEU,2019,3556792.0
DEU,2020,3562038.0
DEU,2021,3566791.0
DEU,2022,3570750.0
DEU,2023,3573938.0
DEU,2024,3576873.0
DEU,2025,3580188.0
DJI,1960,39962.0
DJI,1961,42203.0
DJI,1962,44046.0
DJI,1963,45969.0
DJI,1964,47979.0
DJI,1965,50071.0
DJI,1966,52258.0
DJI,1967,54539.0
DJI,1968,56924.0
DJI,1969,59406.0
DJI,1970,62000.0
DJI,1971,66547.0
DJI,1972,71434.0
DJI,1973,76665.0
DJI,1974,82287.0
DJI,1975,88321.0
DJI,1976,94807.0
DJI,1977,101750.0
DJI,1978,109212.0
DJI,1979,117220.0
DJI,1980,125829.0
DJI,1981,135043.0
DJI,1982,144946.0
DJI,1983,157801.0
DJI,1984,174372.0
DJI,1985,192631.0
DJI,1986,212831.0
DJI,1987,235150.0
DJI,1988,259844.0
DJI,1989,287053.0
DJI,1990,317154.0
DJI,1991,342078.0
DJI,1992,348428.0
DJI,1993,354878.0
DJI,1994,361456.0
DJI,1995,368157.0
DJI,1996,374991.0
DJI,1997,381932.0
DJI,1998,389012.0
DJI,1999,396224.0
DJI,2000,403579.0
DJI,2001,411049.0
DJI,2002,418669.0
DJI,2003,426430.0
DJI,2004,434346.0
DJI,2005,442386.0
DJI,2006,450587.0
DJI,2007,458939.0
DJI,2008,467459.0
DJI,2009,476112.0
DJI,2010,484925.0
DJI,2011,493901.0
DJI,2012,503044.0
DJI,2013,512356.0
DJI,2014,521840.0
DJI,2015,531499.0
DJI,2016,541338.0
DJI,2017,551358.0
DJI,2018,561564.0
DJI,2019,568804.0
DJI,2020,576157.0
DJI,2021,583695.0
DJI,2022,591469.0
DJI,2023,599504.0
DJI,2024,607804.0
DJI,2025,616332.0
DNK,1960,1284407.0
DNK,1961,1299934.0
DNK,1962,1317844.0
DNK,1963,1336000.0
DNK,1964,1354433.0
DNK,1965,1373068.0
DNK,1966,1377990.0
DNK,1967,1378498.0
DNK,1968,1379006.0
DNK,1969,1379513.0
DNK,1970,1380022.0
DNK,1971,1349325.0
DNK,1972,1302468.0
DNK,1973,1257362.0
DNK,1974,1213758.0
DNK,1975,1171666.0
DNK,1976,1144804.0
DNK,1977,1132454.0
DNK,1978,1120221.0
DNK,1979,1108120.0
DNK,1980,1096133.0
DNK,1981,1086397.0
DNK,1982,1078841.0
DNK,1983,1071338.0
DNK,1984,1063876.0
DNK,1985,1056487.0
DNK,1986,1050252.0
DNK,1987,1045180.0
DNK,1988,1040126.0
DNK,1989,1036500.0
DNK,1990,1035290.0
DNK,1991,1035100.0
DNK,1992,1036008.0
DNK,1993,1038026.0
DNK,1994,1042122.0
DNK,1995,1048351.0
DNK,1996,1055625.0
DNK,1997,1062331.0
DNK,1998,1067321.0
DNK,1999,1072211.0
DNK,2000,1077131.0
DNK,2001,1082059.0
DNK,2002,1090481.0
DNK,2003,1102529.0
DNK,2004,1114726.0
DNK,2005,1127024.0
DNK,2006,1139475.0
DNK,2007,1152295.0
DNK,2008,1165516.0
DNK,2009,1178851.0
DNK,2010,1192357.0
DNK,2011,1206959.0
DNK,2012,1222732.0
DNK,2013,1238601.0
DNK,2014,1254630.0
DNK,2015,1270867.0
DNK,2016,1287337.0
DNK,2017,1303974.0
DNK,2018,1320826.0
DNK,2019,1333888.0
DNK,2020,1346485.0
DNK,2021,1358608.0
DNK,2022,1370131.0
DNK,2023,1381005.0
DNK,2024,1391205.0
DNK,2025,1400736.0
DOM,1960,367328.0
DOM,1961,391425.0
DOM,1962,416786.0
DOM,1963,443790.0
DOM,1964,472585.0
DOM,1965,503160.0
DOM,1966,535761.0
DOM,1967,570473.0
DOM,1968,607487.0
DOM,1969,646791.0
DOM,1970,686692.0
DOM,1971,726698.0
DOM,1972,769094.0
DOM,1973,813837.0
DOM,1974,861250.0
DOM,1975,911425.0
DOM,1976,964599.0
DOM,1977,1020716.0
DOM,1978,1080181.0
DOM,1979,1143111.0
DOM,1980,1209802.0
DOM,1981,1280183.0
DOM,1982,1325737.0
DOM,1983,1348861.0
DOM,1984,1372422.0
DOM,1985,1396328.0
DOM,1986,1420684.0
DOM,1987,1445465.0
DOM,1988,1470713.0
DOM,1989,1496331.0
DOM,1990,1522431.0
DOM,1991,1548987.0
DOM,1992,1576043.0
DOM,1993,1603496.0
DOM,1994,1649733.0
DOM,1995,1703050.0
DOM,1996,1758167.0
DOM,1997,1814910.0
DOM,1998,1873565.0
DOM,1999,1934116.0
DOM,2000,1996712.0
DOM,2001,2061153.0
DOM,2002,2127767.0
DOM,2003,2185851.0
DOM,2004,2240880.0
DOM,2005,2297137.0
DOM,2006,2354888.0
DOM,2007,2414090.0
DOM,2008,2474865.0
DOM,2009,2536996.0
DOM,2010,2600776.0
DOM,2011,2666160.0
DOM,2012,2733281.0
DOM,2013,2801900.0
DOM,2014,2872340.0
DOM,2015,2944551.0
DOM,2016,3018681.0
DOM,2017,3094465.0
DOM,2018,3172152.0
DOM,2019,3245021.0
DOM,2020,3317784.0
DOM,2021,3388809.0
DOM,2022,3457626.0
DOM,2023,3523890.0
DOM,2024,3587402.0
DOM,2025,3648106.0
DZA,1960,871636.0
DZA,1961,913806.0
DZA,1962,953095.0
DZA,1963,994074.0
DZA,1964,1036876.0
DZA,1965,1081394.0
DZA,1966,1125264.0
DZA,1967,1162355.0
DZA,1968,1200723.0
DZA,1969,1240246.0
DZA,1970,1281127.0
DZA,1971,1323356.0
DZA,1972,1367038.0
DZA,1973,1412036.0
DZA,1974,1458580.0
DZA,1975,1506658.0
DZA,1976,1556390.0
DZA,1977,1591631.0
DZA,1978,1601502.0
DZA,1979,1611434.0
DZA,1980,1621442.0
DZA,1981,1631484.0
DZA,1982,1641602.0
DZA,1983,1651783.0
DZA,1984,1662042.0
DZA,1985,1672335.0
DZA,1986,1682707.0
DZA,1987,1699125.0
DZA,1988,1731209.0
DZA,1989,1763809.0
DZA,1990,1797068.0
DZA,1991,1830955.0
DZA,1992,1865529.0
DZA,1993,1900658.0
DZA,1994,1936498.0
DZA,1995,1973014.0
DZA,1996,2010271.0
DZA,1997,2048125.0
DZA,1998,2086577.0
DZA,1999,2113386.0
DZA,2000,2140577.0
DZA,2001,2168042.0
DZA,2002,2195898.0
DZA,2003,2224112.0
DZA,2004,2252728.0
DZA,2005,2281632.0
DZA,2006,2310947.0
DZA,2007,2340639.0
DZA,2008,2370754.0
DZA,2009,2401172.0
DZA,2010,2432023.0
DZA,2011,2463271.0
DZA,2012,2494920.0
DZA,2013,2526977.0
DZA,2014,2559445.0
DZA,2015,2592330.0
DZA,2016,2625638.0
DZA,2017,2659373.0
DZA,2018,2693542.0
DZA,2019,2729325.0
DZA,2020,2767661.0
DZA,2021,2809158.0
DZA,2022,2853959.0
DZA,2023,2901810.0
DZA,2024,2952115.0
DZA,2025,3004133.0
ECU,1960,456225.0
ECU,1961,482874.0
ECU,1962,511121.0
ECU,1963,536214.0
ECU,1964,559197.0
ECU,1965,583097.0
ECU,1966,608054.0
ECU,1967,634080.0
ECU,1968,661257.0
ECU,1969,689520.0
ECU,1970,719032.0
ECU,1971,749808.0
ECU,1972,781946.0
ECU,1973,815367.0
ECU,1974,850475.0
ECU,1975,890351.0
ECU,1976,932156.0
ECU,1977,975800.0
ECU,1978,1021552.0
ECU,1979,1069450.0
ECU,1980,1119663.0
ECU,1981,1172087.0
ECU,1982,1227042.0
ECU,1983,1272757.0
ECU,1984,1311745.0
ECU,1985,1351815.0
ECU,1986,1393166.0
ECU,1987,1435783.0
ECU,1988,1479765.0
ECU,1989,1524967.0
ECU,1990,1571615.0
ECU,1991,1617439.0
ECU,1992,1663103.0
ECU,1993,1709925.0
ECU,1994,1758132.0
ECU,1995,1807698.0
ECU,1996,1858733.0
ECU,1997,1911062.0
ECU,1998,1964940.0
ECU,1999,2020337.0
ECU,2000,2077375.0
ECU,2001,2135860.0
ECU,2002,2181496.0
ECU,2003,2218121.0
ECU,2004,2255412.0
ECU,2005,2293226.0
ECU,2006,2331727.0
ECU,2007,2370874.0
ECU,2008,2410734.0
ECU,2009,2451152.0
ECU,2010,2492304.0
ECU,2011,2537659.0
ECU,2012,2586432.0
ECU,2013,2636005.0
ECU,2014,2686599.0
ECU,2015,2738164.0
ECU,2016,2790791.0
ECU,2017,2844281.0
ECU,2018,2898796.0
ECU,2019,2946158.0
ECU,2020,2994218.0
ECU,2021,3042941.0
ECU,2022,3092355.0
ECU,2023,3142466.0
ECU,2024,3193267.0
ECU,2025,3244749.0
EGY,1960,3680160.0
EGY,1961,3862355.0
EGY,1962,4064782.0
EGY,1963,4277817.0
EGY,1964,4502334.0
EGY,1965,4737968.0
EGY,1966,4976560.0
EGY,1967,5122042.0
EGY,1968,5271987.0
EGY,1969,5425890.0
EGY,1970,5584507.0
EGY,1971,5747762.0
EGY,1972,5916024.0
EGY,1973,6088729.0
EGY,1974,6266723.0
EGY,1975,6449922.0
EGY,1976,6638739.0
EGY,1977,6816915.0
EGY,1978,6989701.0
EGY,1979,7166868.0
EGY,1980,7348778.0
EGY,1981,7534786.0
EGY,1982,7725769.0
EGY,1983,7921592.0
EGY,1984,8122659.0
EGY,1985,8328254.999999999
EGY,1986,8539349.0
EGY,1987,8826380.0
EGY,1988,9168704.0
EGY,1989,9523307.0
EGY,1990,9892143.0
EGY,1991,10275264.0
EGY,1992,10673781.0
EGY,1993,11086594.0
EGY,1994,11515975.0
EGY,1995,11961986.0
EGY,1996,12425922.0
EGY,1997,12772788.0
EGY,1998,13050816.0
EGY,1999,13334896.0
EGY,2000,13625565.0
EGY,2001,13921743.0
EGY,2002,14224781.0
EGY,2003,14534415.0
EGY,2004,14851230.0
EGY,2005,15174050.0
EGY,2006,15504347.0
EGY,2007,15841834.0
EGY,2008,16186667.0
EGY,2009,16539006.000000002
EGY,2010,16899015.0
EGY,2011,17266860.0
EGY,2012,17642712.0
EGY,2013,18026746.0
EGY,2014,18419138.0
EGY,2015,18820072.0
EGY,2016,19229733.0
EGY,2017,19648312.0
EGY,2018,20076002.0
EGY,2019,20484965.0
EGY,2020,20900604.0
EGY,2021,21322750.0
EGY,2022,21750020.0
EGY,2023,22183201.0
EGY,2024,22623874.0
EGY,2025,23074225.0
ERI,1960,123185.0
ERI,1961,130858.0
ERI,1962,139019.0
ERI,1963,147690.0
ERI,1964,156915.0
ERI,1965,166688.0
ERI,1966,177085.0
ERI,1967,188130.0
ERI,1968,192437.0
ERI,1969,196830.0
ERI,1970,201330.0
ERI,1971,205933.0
ERI,1972,210648.0
ERI,1973,215457.0
ERI,1974,220383.0
ERI,1975,225421.0
ERI,1976,230582.0
ERI,1977,235846.0
ERI,1978,241238.0
ERI,1979,246753.0
ERI,1980,252402.0
ERI,1981,258165.0
ERI,1982,264067.0
ERI,1983,270104.0
ERI,1984,277095.0
ERI,1985,289181.0
ERI,1986,301812.0
ERI,1987,314995.0
ERI,1988,328773.0
ERI,1989,343113.0
ERI,1990,358100.0
ERI,1991,361227.0
ERI,1992,364385.0
ERI,1993,367562.0
ERI,1994,370771.0
ERI,1995,374008.0
ERI,1996,377278.0
ERI,1997,380568.0
ERI,1998,402017.0
ERI,1999,424674.0
ERI,2000,448642.0
ERI,2001,473892.0
ERI,2002,500600.0
ERI,2003,519144.0
ERI,2004,538402.0
ERI,2005,558318.0
ERI,2006,579000.0
ERI,2007,600448.0
ERI,2008,622691.0
ERI,2009,645757.0
ERI,2010,669678.0
ERI,2011,694486.0
ERI,2012,720212.0
ERI,2013,746891.0
ERI,2014,774558.0
ERI,2015,803250.0
ERI,2016,833006.0
ERI,2017,863863.0
ERI,2018,895863.0
ERI,2019,928758.0
ERI,2020,962985.0
ERI,2021,998321.0
ERI,2022,1034872.0
ERI,2023,1072666.0
ERI,2024,1111748.0
ERI,2025,1152176.0
ESP,1960,2467926.0
ESP,1961,2551331.0
ESP,1962,2641036.0
ESP,1963,2733895.0
ESP,1964,2830154.0
ESP,1965,2929523.0
ESP,1966,3032526.0
ESP,1967,3139150.0
ESP,1968,3257310.0
ESP,1969,3386432.0
ESP,1970,3520861.0
ESP,1971,3622328.0
ESP,1972,3687608.0
ESP,1973,3753879.0
ESP,1974,3821436.0
ESP,1975,3890208.0
ESP,1976,3960315.0
ESP,1977,4031487.0
ESP,1978,4104040.0
ESP,1979,4177898.0
ESP,1980,4253190.0
ESP,1981,4307781.0
ESP,1982,4319441.0
ESP,1983,4331133.0
ESP,1984,4342874.0
ESP,1985,4354613.0
ESP,1986,4366400.0
ESP,1987,4378220.0
ESP,1988,4390088.0
ESP,1989,4401955.0
ESP,1990,4413870.0
ESP,1991,4441776.0
ESP,1992,4502102.0
ESP,1993,4563078.0
ESP,1994,4624965.0
ESP,1995,4687691.0
ESP,1996,4751357.0
ESP,1997,4815708.0
ESP,1998,4881022.0
ESP,1999,4947221.0
ESP,2000,5014411.0
ESP,2001,5082325.0
ESP,2002,5154674.0
ESP,2003,5229816.0
ESP,2004,5306159.0
ESP,2005,5383402.0
ESP,2006,5461879.0
ESP,2007,5541499.0
ESP,2008,5622392.0
ESP,2009,5704239.0
ESP,2010,5787392.0
ESP,2011,5871758.0
ESP,2012,5957472.0
ESP,2013,6044196.0
ESP,2014,6132182.0
ESP,2015,6221450.0
ESP,2016,6312017.0
ESP,2017,6403902.0
ESP,2018,6497124.0
ESP,2019,6559041.0
ESP,2020,6617513.0
ESP,2021,6668865.0
ESP,2022,6713557.0
ESP,2023,6751374.0
ESP,2024,6783241.0
ESP,2025,6810530.0
EST,1960,296285.0
EST,1961,303183.0
EST,1962,310252.0
EST,1963,317485.0
EST,1964,324897.0
EST,1965,332461.0
EST,1966,340212.0
EST,1967,348144.0
EST,1968,356272.0
EST,1969,364567.0
EST,1970,372344.0
EST,1971,379413.0
EST,1972,386627.0
EST,1973,393958.0
EST,1974,401438.0
EST,1975,409060.0
EST,1976,416837.0
EST,1977,424741.0
EST,1978,432805.0
EST,1979,439555.0
EST,1980,444615.0
EST,1981,449720.0
EST,1982,454890.0
EST,1983,460120.0
EST,1984,465418.0
EST,1985,470761.0
EST,1986,476173.0
EST,1987,481648.0
EST,1988,487193.0
EST,1989,485756.0
EST,1990,476411.0
EST,1991,467247.0
EST,1992,458246.0
EST,1993,449443.0
EST,1994,440797.0
EST,1995,432318.0
EST,1996,423990.0
EST,1997,417567.0
EST,1998,411233.0
EST,1999,404995.0
EST,2000,400224.0
EST,2001,399611.0
EST,2002,398998.0
EST,2003,398386.0
EST,2004,397774.0
EST,2005,397165.0
EST,2006,396556.0
EST,2007,395948.0
EST,2008,395340.0
EST,2009,394734.0
EST,2010,394129.0
EST,2011,393525.0
EST,2012,396431.0
EST,2013,402920.0
EST,2014,409523.0
EST,2015,416235.0
EST,2016,423066.0
EST,2017,429990.0
EST,2018,437027.0
EST,2019,441321.0
EST,2020,445259.0
EST,2021,448770.0
EST,2022,451776.0
EST,2023,454245.0
EST,2024,456184.0
EST,2025,457657.0
ETH,1960,519177.0
ETH,1961,533949.0
ETH,1962,549163.0
ETH,1963,564810.0
ETH,1964,580926.0
ETH,1965,597455.0
ETH,1966,614478.0
ETH,1967,631986.0
ETH,1968,662915.0
ETH,1969,695267.0
ETH,1970,729246.0
ETH,1971,764885.0
ETH,1972,802318.0
ETH,1973,841473.0
ETH,1974,882597.0
ETH,1975,925730.0
ETH,1976,971036.0
ETH,1977,1018424.0
ETH,1978,1068196.0
ETH,1979,1120400.0
ETH,1980,1175232.0
ETH,1981,1232586.0
ETH,1982,1292824.0
ETH,1983,1356006.0
ETH,1984,1420498.0
ETH,1985,1476357.0
ETH,1986,1534495.0
ETH,1987,1594922.0
ETH,1988,1657818.0
ETH,1989,1723009.0
ETH,1990,1790860.0
ETH,1991,1861383.0
ETH,1992,1934786.0
ETH,1993,2010869.0
ETH,1994,2090056.0
ETH,1995,2144292.0
ETH,1996,2188930.0
ETH,1997,2234371.0
ETH,1998,2280820.0
ETH,1999,2328234.0
ETH,2000,2376701.0
ETH,2001,2426040.0
ETH,2002,2476473.0
ETH,2003,2527954.0
ETH,2004,2580579.0
ETH,2005,2634150.0
ETH,2006,2688909.0
ETH,2007,2750472.0
ETH,2008,2870660.0
ETH,2009,2995747.0
ETH,2010,3126469.0
ETH,2011,3262895.0
ETH,2012,3405475.0
ETH,2013,3553866.0
ETH,2014,3708942.0
ETH,2015,3870785.0
ETH,2016,4039927.0
ETH,2017,4215965.0
ETH,2018,4399674.0
ETH,2019,4591983.0
ETH,2020,4793699.0
ETH,2021,5005524.0
ETH,2022,5227794.0
ETH,2023,5460591.0
ETH,2024,5703628.0
ETH,2025,5956679.0
FIN,1960,448192.0
FIN,1961,455488.0
FIN,1962,460973.0
FIN,1963,466524.0
FIN,1964,472149.0
FIN,1965,477827.0
FIN,1966,483581.0
FIN,1967,489404.0
FIN,1968,495306.0
FIN,1969,501262.0
FIN,1970,507298.0
FIN,1971,517851.0
FIN,1972,533245.0
FIN,1973,549052.0
FIN,1974,565351.0
FIN,1975,582134.0
FIN,1976,599439.0
FIN,1977,617209.0
FIN,1978,635531.0
FIN,1979,654397.0
FIN,1980,673850.0
FIN,1981,686444.0
FIN,1982,695503.0
FIN,1983,704682.0
FIN,1984,713995.0
FIN,1985,723405.0
FIN,1986,742802.0
FIN,1987,773025.0
FIN,1988,804522.0
FIN,1989,837210.0
FIN,1990,871274.0
FIN,1991,894705.0
FIN,1992,906536.0
FIN,1993,918491.0
FIN,1994,930620.0
FIN,1995,942910.0
FIN,1996,956674.0
FIN,1997,971917.0
FIN,1998,987424.0
FIN,1999,1003178.0
FIN,2000,1019206.0
FIN,2001,1031639.0
FIN,2002,1040385.0
FIN,2003,1049206.0
FIN,2004,1058114.0
FIN,2005,1067073.0
FIN,2006,1076589.0
FIN,2007,1086667.0
FIN,2008,1098103.0
FIN,2009,1110266.0
FIN,2010,1126001.0
FIN,2011,1146109.0
FIN,2012,1166605.0
FIN,2013,1185883.0
FIN,2014,1203951.0
FIN,2015,1222294.0
FIN,2016,1240942.0
FIN,2017,1259875.0
FIN,2018,1279096.0
FIN,2019,1292232.0
FIN,2020,1304851.0
FIN,2021,1316757.0
FIN,2022,1327762.0
FIN,2023,1337786.0
FIN,2024,1346810.0
FIN,2025,1354892.0
FRA,1960,7410735.0
FRA,1961,7539888.0
FRA,1962,7650751.0
FRA,1963,7718298.0
FRA,1964,7786535.0
FRA,1965,7855185.0
FRA,1966,7924537.0
FRA,1967,7994501.0
FRA,1968,8065180.0
FRA,1969,8136287.0
FRA,1970,8208120.999999999
FRA,1971,8280588.0
FRA,1972,8353797.000000001
FRA,1973,8427449.0
FRA,1974,8501853.0
FRA,1975,8557844.0
FRA,1976,8580055.0
FRA,1977,8602261.0
FRA,1978,8624556.0
FRA,1979,8646908.0
FRA,1980,8669349.0
FRA,1981,8691787.0
FRA,1982,8731086.0
FRA,1983,8805496.0
FRA,1984,8880643.0
FRA,1985,8956222.0
FRA,1986,9032550.0
FRA,1987,9109528.0
FRA,1988,9187270.0
FRA,1989,9265459.0
FRA,1990,9330327.0
FRA,1991,9366009.0
FRA,1992,9401876.0
FRA,1993,9437781.0
FRA,1994,9473873.0
FRA,1995,9510103.0
FRA,1996,9546522.0
FRA,1997,9582980.0
FRA,1998,9619628.0
FRA,1999,9666887.0
FRA,2000,9736538.0
FRA,2001,9806497.0
FRA,2002,9877056.0
FRA,2003,9948123.0
FRA,2004,10019801.0
FRA,2005,10091795.0
FRA,2006,10164407.0
FRA,2007,10237542.0
FRA,2008,10311304.0
FRA,2009,10385393.0
FRA,2010,10460118.0
FRA,2011,10514232.0
FRA,2012,10568701.0
FRA,2013,10623301.0
FRA,2014,10678259.0
FRA,2015,10733502.0
FRA,2016,10789031.0
FRA,2017,10844847.0
FRA,2018,10900952.0
FRA,2019,10958187.0
FRA,2020,11017230.0
FRA,2021,11078546.0
FRA,2022,11142303.0
FRA,2023,11208440.0
FRA,2024,11276701.0
FRA,2025,11346802.0
GAB,1960,29249.0
GAB,1961,32607.0
GAB,1962,36544.0
GAB,1963,40956.0
GAB,1964,45909.0
GAB,1965,49339.0
GAB,1966,53032.0
GAB,1967,57000.0
GAB,1968,62368.0
GAB,1969,68225.0
GAB,1970,76552.0
GAB,1971,88104.0
GAB,1972,101421.0
GAB,1973,116704.0
GAB,1974,134317.0
GAB,1975,154587.0
GAB,1976,177952.0
GAB,1977,204768.0
GAB,1978,214109.0
GAB,1979,223877.0
GAB,1980,234104.0
GAB,1981,244769.0
GAB,1982,255935.0
GAB,1983,267611.0
GAB,1984,279836.0
GAB,1985,292584.0
GAB,1986,305931.0
GAB,1987,319888.0
GAB,1988,334501.0
GAB,1989,349740.0
GAB,1990,365694.0
GAB,1991,382377.0
GAB,1992,399845.0
GAB,1993,418060.0
GAB,1994,428973.0
GAB,1995,439429.0
GAB,1996,450154.0
GAB,1997,461111.0
GAB,1998,472350.0
GAB,1999,483863.0
GAB,2000,495673.0
GAB,2001,507737.0
GAB,2002,520113.0
GAB,2003,532790.0
GAB,2004,547151.0
GAB,2005,562860.0
GAB,2006,579043.0
GAB,2007,595691.0
GAB,2008,612842.0
GAB,2009,630438.0
GAB,2010,648564.0
GAB,2011,667211.0
GAB,2012,686421.0
GAB,2013,706129.0
GAB,2014,726403.0
GAB,2015,747259.0
GAB,2016,768713.0
GAB,2017,790784.0
GAB,2018,813489.0
GAB,2019,823870.0
GAB,2020,834204.0
GAB,2021,845100.0
GAB,2022,856854.0
GAB,2023,869773.0
GAB,2024,883920.0
GAB,2025,899225.0
GBR,1960,8195769.0
GBR,1961,8168112.0
GBR,1962,8092157.0
GBR,1963,8016909.0
GBR,1964,7942259.0
GBR,1965,7868506.0
GBR,1966,7795337.0
GBR,1967,7722850.0
GBR,1968,7650937.0
GBR,1969,7579890.0
GBR,1970,7509405.0
GBR,1971,7437643.0
GBR,1972,7357951.0
GBR,1973,7279328.0
GBR,1974,7201439.0
GBR,1975,7124383.0
GBR,1976,7048047.0
GBR,1977,6972736.0
GBR,1978,6898127.0
GBR,1979,6824317.0
GBR,1980,6751196.0
GBR,1981,6698500.0
GBR,1982,6709089.0
GBR,1983,6719694.0
GBR,1984,6730330.0
GBR,1985,6740954.0
GBR,1986,6751610.0
GBR,1987,6762282.0
GBR,1988,6772986.0
GBR,1989,6783677.0
GBR,1990,6794400.0
GBR,1991,6840784.0
GBR,1992,6887549.0
GBR,1993,6934504.0
GBR,1994,6981844.0
GBR,1995,7029508.0
GBR,1996,7077563.0
GBR,1997,7125813.0
GBR,1998,7174459.0
GBR,1999,7223438.0
GBR,2000,7272819.0
GBR,2001,7322400.0
GBR,2002,7366701.0
GBR,2003,7411269.0
GBR,2004,7456170.0
GBR,2005,7501217.0
GBR,2006,7546600.0
GBR,2007,7668093.0
GBR,2008,7791713.0
GBR,2009,7916978.0
GBR,2010,8044433.0
GBR,2011,8173941.0
GBR,2012,8293332.0
GBR,2013,8414132.0
GBR,2014,8536861.0
GBR,2015,8661381.0
GBR,2016,8787892.0
GBR,2017,8916251.0
GBR,2018,9046485.0
GBR,2019,9176530.0
GBR,2020,9304016.0
GBR,2021,9425622.0
GBR,2022,9540576.0
GBR,2023,9648110.0
GBR,2024,9748033.0
GBR,2025,9840742.0
GEO,1960,717766.0
GEO,1961,734021.0
GEO,1962,750667.0
GEO,1963,767690.0
GEO,1964,785124.0
GEO,1965,802904.0
GEO,1966,821112.0
GEO,1967,839733.0
GEO,1968,858803.0
GEO,1969,878251.0
GEO,1970,897244.0
GEO,1971,915529.0
GEO,1972,934213.0
GEO,1973,953226.0
GEO,1974,972652.0
GEO,1975,992474.0
GEO,1976,1012728.0
GEO,1977,1033338.0
GEO,1978,1054397.0
GEO,1979,1073531.0
GEO,1980,1090199.0
GEO,1981,1107079.0
GEO,1982,1124245.0
GEO,1983,1141676.0
GEO,1984,1159403.0
GEO,1985,1177355.0
GEO,1986,1195610.0
GEO,1987,1214148.0
GEO,1988,1232999.0
GEO,1989,1236979.0
GEO,1990,1223833.0
GEO,1991,1210826.0
GEO,1992,1197940.0
GEO,1993,1185226.0
GEO,1994,1172630.0
GEO,1995,1160168.0
GEO,1996,1147821.0
GEO,1997,1135639.0
GEO,1998,1123569.0
GEO,1999,1111629.0
GEO,2000,1099798.0
GEO,2001,1088126.0
GEO,2002,1081561.0
GEO,2003,1081297.0
GEO,2004,1081032.0
GEO,2005,1080767.0
GEO,2006,1080503.0
GEO,2007,1080238.0
GEO,2008,1079974.0
GEO,2009,1079710.0
GEO,2010,1079445.0
GEO,2011,1079181.0
GEO,2012,1078917.0
GEO,2013,1078653.0
GEO,2014,1078389.0
GEO,2015,1078125.0
GEO,2016,1077861.0
GEO,2017,1077597.0
GEO,2018,1077333.0
GEO,2019,1077346.0
GEO,2020,1077833.0
GEO,2021,1078846.0
GEO,2022,1080349.0
GEO,2023,1082245.0
GEO,2024,1084471.0
GEO,2025,1087022.0
GHA,1960,392582.0
GHA,1961,411843.0
GHA,1962,432079.0
GHA,1963,453309.0
GHA,1964,475613.0
GHA,1965,498949.0
GHA,1966,523464.0
GHA,1967,549184.0
GHA,1968,576206.0
GHA,1969,604477.0
GHA,1970,630670.0
GHA,1971,650771.0
GHA,1972,671541.0
GHA,1973,692914.0
GHA,1974,714998.0
GHA,1975,737787.0
GHA,1976,761334.0
GHA,1977,785565.0
GHA,1978,810602.0
GHA,1979,836438.0
GHA,1980,863134.0
GHA,1981,890605.0
GHA,1982,918990.0
GHA,1983,948279.0
GHA,1984,979183.0
GHA,1985,1012501.0
GHA,1986,1047000.0
GHA,1987,1082675.0
GHA,1988,1119617.0
GHA,1989,1157713.0
GHA,1990,1197161.0
GHA,1991,1237952.0
GHA,1992,1280192.0
GHA,1993,1323752.0
GHA,1994,1368857.0
GHA,1995,1415498.0
GHA,1996,1463797.0
GHA,1997,1513604.0
GHA,1998,1565177.0
GHA,1999,1618508.0
GHA,2000,1668240.0
GHA,2001,1703765.0
GHA,2002,1740097.0
GHA,2003,1777203.0
GHA,2004,1815154.0
GHA,2005,1853807.0
GHA,2006,1893339.0
GHA,2007,1933713.0
GHA,2008,1975006.0
GHA,2009,2017063.0
GHA,2010,2060076.0
GHA,2011,2118385.0
GHA,2012,2233146.0
GHA,2013,2354124.0
GHA,2014,2481656.0
GHA,2015,2616097.0
GHA,2016,2757821.0
GHA,2017,2907222.0
GHA,2018,3064718.0
GHA,2019,3205586.0
GHA,2020,3348062.0
GHA,2021,3490030.0
GHA,2022,3630326.0
GHA,2023,3768239.0
GHA,2024,3903481.0
GHA,2025,4036227.0
GIN,1960,112158.0
GIN,1961,126945.0
GIN,1962,143707.0
GIN,1963,162682.0
GIN,1964,184193.0
GIN,1965,208478.0
GIN,1966,236005.0
GIN,1967,267167.0
GIN,1968,302495.0
GIN,1969,342377.0
GIN,1970,387584.0
GIN,1971,438760.0
GIN,1972,496778.0
GIN,1973,532673.0
GIN,1974,545773.0
GIN,1975,559195.0
GIN,1976,572967.0
GIN,1977,587039.0
GIN,1978,601476.0
GIN,1979,616268.0
GIN,1980,631446.0
GIN,1981,646954.0
GIN,1982,662864.0
GIN,1983,682181.0
GIN,1984,706566.0
GIN,1985,731751.0
GIN,1986,757871.0
GIN,1987,784924.0
GIN,1988,812981.0
GIN,1989,841960.0
GIN,1990,872014.0
GIN,1991,903140.0
GIN,1992,935423.0
GIN,1993,968767.0
GIN,1994,1003347.0
GIN,1995,1039161.0
GIN,1996,1076306.0
GIN,1997,1107911.0
GIN,1998,1135091.0
GIN,1999,1162939.0
GIN,2000,1191510.0
GIN,2001,1220700.0
GIN,2002,1250648.0
GIN,2003,1281331.0
GIN,2004,1312810.0
GIN,2005,1344973.0
GIN,2006,1377969.0
GIN,2007,1411776.0
GIN,2008,1446459.0
GIN,2009,1481896.0
GIN,2010,1518252.0
GIN,2011,1555500.0
GIN,2012,1593715.0
GIN,2013,1632759.0
GIN,2014,1672817.0
GIN,2015,1713858.0
GIN,2016,1755905.0
GIN,2017,1798985.0
GIN,2018,1843121.0
GIN,2019,1889233.0
GIN,2020,1938272.0
GIN,2021,1991134.0
GIN,2022,2048525.0
GIN,2023,2110937.0
GIN,2024,2178596.0
GIN,2025,2251591.0
GMB,1960,37068.0
GMB,1961,38399.0
GMB,1962,39781.0
GMB,1963,41249.0
GMB,1964,42919.0
GMB,1965,44653.0
GMB,1966,46459.0
GMB,1967,48344.0
GMB,1968,52569.0
GMB,1969,57151.0
GMB,1970,62138.0
GMB,1971,67561.0
GMB,1972,73466.0
GMB,1973,79530.0
GMB,1974,84603.0
GMB,1975,90000.0
GMB,1976,95750.0
GMB,1977,101850.0
GMB,1978,108347.0
GMB,1979,115259.0
GMB,1980,122622.0
GMB,1981,130433.0
GMB,1982,138754.0
GMB,1983,147607.0
GMB,1984,157045.0
GMB,1985,167057.0
GMB,1986,177724.0
GMB,1987,189071.0
GMB,1988,201160.0
GMB,1989,213985.0
GMB,1990,227648.0
GMB,1991,242183.0
GMB,1992,257667.0
GMB,1993,272140.0
GMB,1994,279855.0
GMB,1995,287788.0
GMB,1996,295958.0
GMB,1997,304337.0
GMB,1998,312964.0
GMB,1999,321836.0
GMB,2000,330973.0
GMB,2001,340342.0
GMB,2002,349990.0
GMB,2003,358792.0
GMB,2004,363557.0
GMB,2005,368373.0
GMB,2006,373259.0
GMB,2007,378210.0
GMB,2008,383233.0
GMB,2009,388309.0
GMB,2010,393459.0
GMB,2011,398678.0
GMB,2012,403973.0
GMB,2013,409324.0
GMB,2014,414746.0
GMB,2015,420240.0
GMB,2016,425806.0
GMB,2017,431446.0
GMB,2018,437161.0
GMB,2019,443428.0
GMB,2020,450689.0
GMB,2021,459311.0
GMB,2022,469534.0
GMB,2023,481472.0
GMB,2024,495099.0
GMB,2025,510303.0
GNB,1960,25569.0
GNB,1961,27616.0
GNB,1962,29830.0
GNB,1963,32221.0
GNB,1964,34807.0
GNB,1965,37594.0
GNB,1966,40607.0
GNB,1967,43863.0
GNB,1968,47384.0
GNB,1969,51177.0
GNB,1970,55279.0
GNB,1971,59711.0
GNB,1972,64504.0
GNB,1973,69668.0
GNB,1974,75252.0
GNB,1975,81285.0
GNB,1976,87810.0
GNB,1977,94839.0
GNB,1978,102442.0
GNB,1979,110091.0
GNB,1980,115407.0
GNB,1981,120963.0
GNB,1982,126795.0
GNB,1983,132909.0
GNB,1984,139326.0
GNB,1985,146034.0
GNB,1986,153076.0
GNB,1987,160456.0
GNB,1988,168204.0
GNB,1989,176302.0
GNB,1990,184803.0
GNB,1991,193713.0
GNB,1992,202129.0
GNB,1993,210178.0
GNB,1994,218560.0
GNB,1995,227276.0
GNB,1996,236352.0
GNB,1997,245764.0
GNB,1998,255565.0
GNB,1999,265757.0
GNB,2000,276370.0
GNB,2001,287376.0
GNB,2002,298836.0
GNB,2003,310754.0
GNB,2004,323163.0
GNB,2005,336033.0
GNB,2006,349434.0
GNB,2007,363369.0
GNB,2008,377880.0
GNB,2009,392928.0
GNB,2010,408575.0
GNB,2011,424846.0
GNB,2012,441764.0
GNB,2013,459356.0
GNB,2014,477648.0
GNB,2015,496669.0
GNB,2016,516448.0
GNB,2017,537014.0
GNB,2018,558399.0
GNB,2019,578829.0
GNB,2020,599714.0
GNB,2021,620974.0
GNB,2022,642564.0
GNB,2023,664446.0
GNB,2024,686623.0
GNB,2025,709092.0
GNQ,1960,15035.0
GNQ,1961,15406.0
GNQ,1962,15731.0
GNQ,1963,16063.0
GNQ,1964,16402.0
GNQ,1965,16747.0
GNQ,1966,17100.0
GNQ,1967,17460.0
GNQ,1968,17829.0
GNQ,1969,18204.0
GNQ,1970,18587.0
GNQ,1971,18979.0
GNQ,1972,19380.0
GNQ,1973,19787.0
GNQ,1974,20204.0
GNQ,1975,20630.0
GNQ,1976,21066.0
GNQ,1977,21509.0
GNQ,1978,21962.0
GNQ,1979,22425.0
GNQ,1980,22898.0
GNQ,1981,23380.0
GNQ,1982,23873.0
GNQ,1983,24376.0
GNQ,1984,25995.0
GNQ,1985,27749.0
GNQ,1986,29625.0
GNQ,1987,31628.0
GNQ,1988,33769.0
GNQ,1989,36049.0
GNQ,1990,38486.0
GNQ,1991,41087.0
GNQ,1992,43869.0
GNQ,1993,46830.0
GNQ,1994,49996.0
GNQ,1995,57410.0
GNQ,1996,65975.0
GNQ,1997,75789.0
GNQ,1998,87080.0
GNQ,1999,100053.0
GNQ,2000,114980.0
GNQ,2001,132084.0
GNQ,2002,140549.0
GNQ,2003,149462.0
GNQ,2004,158954.0
GNQ,2005,169019.0
GNQ,2006,179737.0
GNQ,2007,191135.0
GNQ,2008,203273.0
GNQ,2009,216145.0
GNQ,2010,229852.0
GNQ,2011,244428.0
GNQ,2012,259950.0
GNQ,2013,276411.0
GNQ,2014,293939.0
GNQ,2015,312579.0
GNQ,2016,332401.0
GNQ,2017,353480.0
GNQ,2018,375896.0
GNQ,2019,395403.0
GNQ,2020,415270.0
GNQ,2021,435174.0
GNQ,2022,454940.0
GNQ,2023,474467.0
GNQ,2024,493731.0
GNQ,2025,512750.0
GRC,1960,1813686.0
GRC,1961,1869311.0
GRC,1962,1929349.0
GRC,1963,1991316.0
GRC,1964,2055363.0
GRC,1965,2121284.0
GRC,1966,2189416.0
GRC,1967,2259735.0
GRC,1968,2332415.0
GRC,1969,2407223.0
GRC,1970,2484538.0
GRC,1971,2553503.0
GRC,1972,2598482.0
GRC,1973,2644126.0
GRC,1974,2690636.0
GRC,1975,2737965.0
GRC,1976,2786192.0
GRC,1977,2835134.0
GRC,1978,2885004.0
GRC,1979,2935751.0
GRC,1980,2987463.0
GRC,1981,3028415.0
GRC,1982,3032969.0
GRC,1983,3037530.0
GRC,1984,3042104.0
GRC,1985,3046672.0
GRC,1986,3051253.0
GRC,1987,3055841.0
GRC,1988,3060443.0
GRC,1989,3065038.0
GRC,1990,3069647.0
GRC,1991,3076196.0
GRC,1992,3087513.0
GRC,1993,3098841.0
GRC,1994,3110226.0
GRC,1995,3121652.0
GRC,1996,3133137.0
GRC,1997,3144631.0
GRC,1998,3156184.0
GRC,1999,3167780.0
GRC,2000,3179434.0
GRC,2001,3187197.0
GRC,2002,3185330.0
GRC,2003,3183464.0
GRC,2004,3181597.0
GRC,2005,3179736.0
GRC,2006,3177873.0
GRC,2007,3176011.0
GRC,2008,3174148.0
GRC,2009,3172292.0
GRC,2010,3170434.0
GRC,2011,3168576.0
GRC,2012,3166719.0
GRC,2013,3164863.0
GRC,2014,3163009.0
GRC,2015,3161155.0
GRC,2016,3159302.0
GRC,2017,3157451.0
GRC,2018,3155600.0
GRC,2019,3154152.0
GRC,2020,3153355.0
GRC,2021,3153255.0
GRC,2022,3153781.0
GRC,2023,3154463.0
GRC,2024,3154591.0
GRC,2025,3155318.0
GTM,1960,604810.0
GTM,1961,636744.0
GTM,1962,670411.0
GTM,1963,705858.0
GTM,1964,740841.0
GTM,1965,767642.0
GTM,1966,795452.0
GTM,1967,824269.0
GTM,1968,854172.0
GTM,1969,885073.0
GTM,1970,917137.0
GTM,1971,950362.0
GTM,1972,984839.0
GTM,1973,1015719.0
GTM,1974,1034204.0
GTM,1975,1053025.0
GTM,1976,1072216.0
GTM,1977,1091703.0
GTM,1978,1111571.0
GTM,1979,1131800.0
GTM,1980,1152427.0
GTM,1981,1175038.0
GTM,1982,1202642.0
GTM,1983,1230895.0
GTM,1984,1259851.0
GTM,1985,1289406.0
GTM,1986,1319696.0
GTM,1987,1350698.0
GTM,1988,1382473.0
GTM,1989,1414904.0
GTM,1990,1448143.0
GTM,1991,1482163.0
GTM,1992,1517030.0
GTM,1993,1552618.0
GTM,1994,1593148.0
GTM,1995,1650930.0
GTM,1996,1710891.0
GTM,1997,1772856.0
GTM,1998,1837156.0
GTM,1999,1903788.0
GTM,2000,1972933.0
GTM,2001,2044389.0
GTM,2002,2118536.0
GTM,2003,2183304.0
GTM,2004,2241878.0
GTM,2005,2301857.0
GTM,2006,2363526.0
GTM,2007,2426847.0
GTM,2008,2491956.0
GTM,2009,2525697.0
GTM,2010,2559942.0
GTM,2011,2594651.0
GTM,2012,2629880.0
GTM,2013,2665488.0
GTM,2014,2701628.0
GTM,2015,2738259.0
GTM,2016,2775437.0
GTM,2017,2813016.0
GTM,2018,2851104.0
GTM,2019,2891230.0
GTM,2020,2934841.0
GTM,2021,2983174.0
GTM,2022,3036405.0
GTM,2023,3095099.0
GTM,2024,3159631.0
GTM,2025,3229736.0
HKG,1960,2611539.0
HKG,1961,2696989.0
HKG,1962,2781687.0
HKG,1963,2861217.0
HKG,1964,2938435.0
HKG,1965,3015435.0
HKG,1966,3093502.0
HKG,1967,3172260.0
HKG,1968,3250427.0
HKG,1969,3325938.0
HKG,1970,3397839.0
HKG,1971,3466809.0
HKG,1972,3537455.0
HKG,1973,3610906.0
HKG,1974,3696258.0
HKG,1975,3799487.0
HKG,1976,3924262.0
HKG,1977,4067185.0
HKG,1978,4218777.0
HKG,1979,4365240.0
HKG,1980,4496588.0
HKG,1981,4608529.0
HKG,1982,4703886.0
HKG,1983,4788705.0
HKG,1984,4871853.0
HKG,1985,4959721.0
HKG,1986,5112486.0
HKG,1987,5343164.0
HKG,1988,5514838.0
HKG,1989,5647589.0
HKG,1990,5753523.0
HKG,1991,5844232.0
HKG,1992,5918031.0
HKG,1993,5983355.0
HKG,1994,6055086.0
HKG,1995,6140101.0
HKG,1996,6241810.0
HKG,1997,6356470.0
HKG,1998,6473836.0
HKG,1999,6579564.0
HKG,2000,6663654.0
HKG,2001,6722306.0
HKG,2002,6759491.0
HKG,2003,6782571.0
HKG,2004,6802597.0
HKG,2005,6827761.0
HKG,2006,6860376.0
HKG,2007,6898397.0
HKG,2008,6940323.0
HKG,2009,6983272.0
HKG,2010,7025221.0
HKG,2011,7065815.0
HKG,2012,7106399.0
HKG,2013,7148571.0
HKG,2014,7194563.0
HKG,2015,7245701.0
HKG,2016,7302843.0
HKG,2017,7364883.0
HKG,2018,7428887.0
HKG,2019,7490776.0
HKG,2020,7547652.0
HKG,2021,7598189.0
HKG,2022,7643256.0
HKG,2023,7684801.0
HKG,2024,7725859.0
HKG,2025,7768510.0
HND,1960,128157.0
HND,1961,135611.0
HND,1962,143342.0
HND,1963,151513.0
HND,1964,160162.0
HND,1965,169280.0
HND,1966,178929.0
HND,1967,189129.0
HND,1968,199926.0
HND,1969,211307.0
HND,1970,223353.0
HND,1971,236085.0
HND,1972,249562.0
HND,1973,263769.0
HND,1974,278132.0
HND,1975,291779.0
HND,1976,306117.0
HND,1977,321116.0
HND,1978,336873.0
HND,1979,353402.0
HND,1980,370768.0
HND,1981,388935.0
HND,1982,408019.0
HND,1983,428040.0
HND,1984,449073.0
HND,1985,471077.0
HND,1986,494191.0
HND,1987,518440.0
HND,1988,542045.0
HND,1989,556994.0
HND,1990,572376.0
HND,1991,588182.0
HND,1992,604448.0
HND,1993,621118.0
HND,1994,638271.0
HND,1995,655897.0
HND,1996,674036.0
HND,1997,692624.0
HND,1998,711751.0
HND,1999,731407.0
HND,2000,751634.0
HND,2001,772362.0
HND,2002,798248.0
HND,2003,825393.0
HND,2004,853501.0
HND,2005,882485.0
HND,2006,912495.0
HND,2007,943526.0
HND,2008,975657.0
HND,2009,1008789.0
HND,2010,1043094.0
HND,2011,1078566.0
HND,2012,1115295.0
HND,2013,1153169.0
HND,2014,1192384.0
HND,2015,1232933.0
HND,2016,1274860.0
HND,2017,1318213.0
HND,2018,1363041.0
HND,2019,1403162.0
HND,2020,1444085.0
HND,2021,1485300.0
HND,2022,1526660.0
HND,2023,1568025.0
HND,2024,1609261.0
HND,2025,1650284.0
HRV,1960,429707.0
HRV,1961,440897.0
HRV,1962,452968.0
HRV,1963,465371.0
HRV,1964,478131.0
HRV,1965,491204.0
HRV,1966,504653.0
HRV,1967,518470.0
HRV,1968,532686.0
HRV,1969,547251.0
HRV,1970,562234.0
HRV,1971,575603.0
HRV,1972,583190.0
HRV,1973,590855.0
HRV,1974,598632.0
HRV,1975,606511.0
HRV,1976,614505.0
HRV,1977,622581.0
HRV,1978,630776.0
HRV,1979,639078.0
HRV,1980,647501.0
HRV,1981,655137.0
HRV,1982,660255.0
HRV,1983,665414.0
HRV,1984,670619.0
HRV,1985,675851.0
HRV,1986,681132.0
HRV,1987,686453.0
HRV,1988,691823.0
HRV,1989,697221.0
HRV,1990,702668.0
HRV,1991,706387.0
HRV,1992,704866.0
HRV,1993,703353.0
HRV,1994,701841.0
HRV,1995,700333.0
HRV,1996,698825.0
HRV,1997,697325.0
HRV,1998,695826.0
HRV,1999,694331.0
HRV,2000,692836.0
HRV,2001,691634.0
HRV,2002,691277.0
HRV,2003,690921.0
HRV,2004,690564.0
HRV,2005,690208.0
HRV,2006,689852.0
HRV,2007,689496.0
HRV,2008,689140.0
HRV,2009,688785.0
HRV,2010,688430.0
HRV,2011,688074.0
HRV,2012,687718.0
HRV,2013,687363.0
HRV,2014,687007.0
HRV,2015,686652.0
HRV,2016,686297.0
HRV,2017,685942.0
HRV,2018,685587.0
HRV,2019,685233.0
HRV,2020,684878.0
HRV,2021,684524.0
HRV,2022,684254.0
HRV,2023,684114.0
HRV,2024,684142.0
HRV,2025,684359.0
HTI,1960,247495.0
HTI,1961,263273.0
HTI,1962,280080.0
HTI,1963,297961.0
HTI,1964,317011.0
HTI,1965,337220.0
HTI,1966,358749.0
HTI,1967,381652.0
HTI,1968,406052.0
HTI,1969,431938.0
HTI,1970,459514.0
HTI,1971,488850.0
HTI,1972,510507.0
HTI,1973,531082.0
HTI,1974,552515.0
HTI,1975,574813.0
HTI,1976,598044.0
HTI,1977,622146.0
HTI,1978,647255.0
HTI,1979,673377.0
HTI,1980,700592.0
HTI,1981,728826.0
HTI,1982,758240.0
HTI,1983,796129.0
HTI,1984,837482.0
HTI,1985,880860.0
HTI,1986,926550.0
HTI,1987,974610.0
HTI,1988,1025234.0
HTI,1989,1078338.0
HTI,1990,1134271.0
HTI,1991,1193105.0
HTI,1992,1255078.0
HTI,1993,1309983.0
HTI,1994,1367371.0
HTI,1995,1427274.0
HTI,1996,1489888.0
HTI,1997,1529130.0
HTI,1998,1569463.0
HTI,1999,1610859.0
HTI,2000,1693468.0
HTI,2001,1780069.0
HTI,2002,1871226.0
HTI,2003,1967052.0
HTI,2004,2066551.0
HTI,2005,2170626.0
HTI,2006,2280097.0
HTI,2007,2395089.0
HTI,2008,2516051.0
HTI,2009,2642763.0
HTI,2010,2140638.0
HTI,2011,2197197.0
HTI,2012,2255331.0
HTI,2013,2314837.0
HTI,2014,2375913.0
HTI,2015,2438601.0
HTI,2016,2502942.0
HTI,2017,2568981.0
HTI,2018,2636763.0
HTI,2019,2704187.0
HTI,2020,2773553.0
HTI,2021,2843925.0
HTI,2022,2915276.0
HTI,2023,2987455.0
HTI,2024,3060169.0
HTI,2025,3133076.0
HUN,1960,1811120.0
HUN,1961,1824272.0
HUN,1962,1837537.0
HUN,1963,1850900.0
HUN,1964,1864378.0
HUN,1965,1877916.0
HUN,1966,1891572.0
HUN,1967,1905327.0
HUN,1968,1919201.0
HUN,1969,1933138.0
HUN,1970,1945954.0
HUN,1971,1957585.0
HUN,1972,1969301.0
HUN,1973,1981056.0
HUN,1974,1992896.0
HUN,1975,2004808.0
HUN,1976,2016807.0
HUN,1977,2028845.0
HUN,1978,2040971.0
HUN,1979,2053170.0
HUN,1980,2057204.0
HUN,1981,2052908.0
HUN,1982,2048614.0
HUN,1983,2044330.0
HUN,1984,2040048.0
HUN,1985,2035788.0
HUN,1986,2031530.0
HUN,1987,2027281.0
HUN,1988,2023036.0
HUN,1989,2018811.0
HUN,1990,2005208.0
HUN,1991,1982269.0
HUN,1992,1959561.0
HUN,1993,1937175.0
HUN,1994,1915015.0
HUN,1995,1893108.0
HUN,1996,1871422.0
HUN,1997,1850043.0
HUN,1998,1828879.0
HUN,1999,1807957.0
HUN,2000,1787247.0
HUN,2001,1773401.0
HUN,2002,1769025.0
HUN,2003,1764659.0
HUN,2004,1760298.0
HUN,2005,1755959.0
HUN,2006,1751626.0
HUN,2007,1747303.0
HUN,2008,1742984.0
HUN,2009,1738689.0
HUN,2010,1734398.0
HUN,2011,1730117.0
HUN,2012,1732397.0
HUN,2013,1736880.0
HUN,2014,1741381.0
HUN,2015,1745894.0
HUN,2016,1750425.0
HUN,2017,1754955.0
HUN,2018,1759497.0
HUN,2019,1763913.0
HUN,2020,1768073.0
HUN,2021,1771865.0
HUN,2022,1775207.0
HUN,2023,1778052.0
HUN,2024,1780391.0
HUN,2025,1782243.0
IDN,1960,2678740.0
IDN,1961,2847651.0
IDN,1962,2973833.0
IDN,1963,3077862.0
IDN,1964,3185681.0
IDN,1965,3296964.0
IDN,1966,3412296.0
IDN,1967,3531663.0
IDN,1968,3655378.0
IDN,1969,3783069.0
IDN,1970,3915406.0
IDN,1971,4052372.0
IDN,1972,4223963.0
IDN,1973,4411693.0
IDN,1974,4608043.0
IDN,1975,4813132.0
IDN,1976,5027651.0
IDN,1977,5251100.0
IDN,1978,5484810.0
IDN,1979,5728921.0
IDN,1980,5984256.0
IDN,1981,6197327.0
IDN,1982,6390985.0
IDN,1983,6590694.0
IDN,1984,6796932.0
IDN,1985,7009030.0
IDN,1986,7228052.0
IDN,1987,7453919.0
IDN,1988,7687169.0
IDN,1989,7927047.0
IDN,1990,8174756.0
IDN,1991,8268168.0
IDN,1992,8281576.999999999
IDN,1993,8294969.999999999
IDN,1994,8308403.0
IDN,1995,8321858.0
IDN,1996,8335353.999999999
IDN,1997,8348834.000000001
IDN,1998,8362355.0
IDN,1999,8375897.000000001
IDN,2000,8389759.0
IDN,2001,8506081.0
IDN,2002,8624180.0
IDN,2003,8743919.0
IDN,2004,8865488.0
IDN,2005,8988406.0
IDN,2006,9113202.0
IDN,2007,9239730.0
IDN,2008,9368193.0
IDN,2009,9498081.0
IDN,2010,9625579.0
IDN,2011,9732728.0
IDN,2012,9841221.0
IDN,2013,9950619.0
IDN,2014,10061387.0
IDN,2015,10173388.0
IDN,2016,10286636.0
IDN,2017,10401144.0
IDN,2018,10516927.0
IDN,2019,10638689.0
IDN,2020,10770487.0
IDN,2021,10915364.0
IDN,2022,11074811.0
IDN,2023,11248839.0
IDN,2024,11436004.0
IDN,2025,11634078.0
IND,1960,5910210.0
IND,1961,6051559.0
IND,1962,6181753.0
IND,1963,6314748.0
IND,1964,6450794.0
IND,1965,6589384.0
IND,1966,6731149.0
IND,1967,6875964.0
IND,1968,7024100.0
IND,1969,7175007.0
IND,1970,7329372.0
IND,1971,7487766.0
IND,1972,7651993.0
IND,1973,7819355.0
IND,1974,7990617.0
IND,1975,8165629.0
IND,1976,8344723.0
IND,1977,8527237.0
IND,1978,8714002.0
IND,1979,8904858.0
IND,1980,9199543.0
IND,1981,9513848.0
IND,1982,9794137.0
IND,1983,10082683.0
IND,1984,10380146.0
IND,1985,10685530.0
IND,1986,11000338.0
IND,1987,11324421.0
IND,1988,11658518.0
IND,1989,12001511.0
IND,1990,12355090.0
IND,1991,12708725.0
IND,1992,13051762.0
IND,1993,13403076.0
IND,1994,13764351.0
IND,1995,14135363.0
IND,1996,14516908.0
IND,1997,14907660.0
IND,1998,15309490.0
IND,1999,15722151.0
IND,2000,16146527.0
IND,2001,16496409.0
IND,2002,16955638.0
IND,2003,17515512.0
IND,2004,18094682.0
IND,2005,18691330.0
IND,2006,19308516.0
IND,2007,19946082.0
IND,2008,20605621.0
IND,2009,21285065.0
IND,2010,21987895.0
IND,2011,22713934.0
IND,2012,23463947.0
IND,2013,24238725.0
IND,2014,25039086.0
IND,2015,25865875.0
IND,2016,26719965.0
IND,2017,27602257.0
IND,2018,28513682.0
IND,2019,29399141.0
IND,2020,30290936.0
IND,2021,31181377.0
IND,2022,32065760.0
IND,2023,32941309.0
IND,2024,33807403.0
IND,2025,34665569.0
IRL,1960,661202.0
IRL,1961,666474.0
IRL,1962,680212.0
IRL,1963,694233.0
IRL,1964,708563.0
IRL,1965,723149.0
IRL,1966,736692.0
IRL,1967,745143.0
IRL,1968,753703.0
IRL,1969,762337.0
IRL,1970,771083.0
IRL,1971,780692.0
IRL,1972,793483.0
IRL,1973,806447.0
IRL,1974,819642.0
IRL,1975,833053.0
IRL,1976,846702.0
IRL,1977,860537.0
IRL,1978,874616.0
IRL,1979,888927.0
IRL,1980,903491.0
IRL,1981,915361.0
IRL,1982,916528.0
IRL,1983,917696.0
IRL,1984,918868.0
IRL,1985,920037.0
IRL,1986,920721.0
IRL,1987,919635.0
IRL,1988,918550.0
IRL,1989,917468.0
IRL,1990,916386.0
IRL,1991,916929.0
IRL,1992,924237.0
IRL,1993,931582.0
IRL,1994,938997.0
IRL,1995,946470.0
IRL,1996,954167.0
IRL,1997,962634.0
IRL,1998,971189.0
IRL,1999,979819.0
IRL,2000,988539.0
IRL,2001,997311.0
IRL,2002,1006390.0
IRL,2003,1016577.0
IRL,2004,1026882.0
IRL,2005,1037262.0
IRL,2006,1048168.0
IRL,2007,1060950.0
IRL,2008,1073906.0
IRL,2009,1086983.0
IRL,2010,1100238.0
IRL,2011,1113343.0
IRL,2012,1125529.0
IRL,2013,1137814.0
IRL,2014,1150251.0
IRL,2015,1162823.0
IRL,2016,1175551.0
IRL,2017,1188418.0
IRL,2018,1201426.0
IRL,2019,1214666.0
IRL,2020,1228179.0
IRL,2021,1241953.0
IRL,2022,1255963.0
IRL,2023,1270172.0
IRL,2024,1284551.0
IRL,2025,1299109.0
IRN,1960,1872633.0
IRN,1961,1985637.0
IRN,1962,2105629.0
IRN,1963,2232873.0
IRN,1964,2367997.0
IRN,1965,2510893.0
IRN,1966,2662627.0
IRN,1967,2812066.0
IRN,1968,2963267.0
IRN,1969,3122148.0
IRN,1970,3289785.0
IRN,1971,3466423.0
IRN,1972,3652809.0
IRN,1973,3848661.0
IRN,1974,4055307.0
IRN,1975,4273048.0
IRN,1976,4502804.0
IRN,1977,4671248.0
IRN,1978,4803391.0
IRN,1979,4939272.0
IRN,1980,5079191.0
IRN,1981,5222673.0
IRN,1982,5370415.0
IRN,1983,5522336.0
IRN,1984,5678773.0
IRN,1985,5839193.0
IRN,1986,6004375.0
IRN,1987,6107221.0
IRN,1988,6192027.0
IRN,1989,6277773.0
IRN,1990,6364827.0
IRN,1991,6453088.0
IRN,1992,6517212.0
IRN,1993,6573182.0
IRN,1994,6629711.0
IRN,1995,6686727.0
IRN,1996,6744312.0
IRN,1997,6830901.0
IRN,1998,6928532.0
IRN,1999,7027559.0
IRN,2000,7128140.0
IRN,2001,7229878.0
IRN,2002,7333211.0
IRN,2003,7438021.0
IRN,2004,7544477.0
IRN,2005,7652157.0
IRN,2006,7761526.0
IRN,2007,7844758.0
IRN,2008,7915472.0
IRN,2009,7986626.0
IRN,2010,8058520.0
IRN,2011,8131061.0
IRN,2012,8227291.999999999
IRN,2013,8335038.0
IRN,2014,8444347.0
IRN,2015,8555089.0
IRN,2016,8667440.0
IRN,2017,8780950.0
IRN,2018,8895947.0
IRN,2019,9013663.0
IRN,2020,9134708.0
IRN,2021,9259009.0
IRN,2022,9381546.0
IRN,2023,9499781.0
IRN,2024,9616007.0
IRN,2025,9729742.0
IRQ,1960,1018795.0
IRQ,1961,1116894.0
IRQ,1962,1224594.0
IRQ,1963,1342679.0
IRQ,1964,1472338.0
IRQ,1965,1614108.0
IRQ,1966,1714039.0
IRQ,1967,1796795.0
IRQ,1968,1883670.0
IRQ,1969,1974488.0
IRQ,1970,2069820.0
IRQ,1971,2169754.0
IRQ,1972,2274661.0
IRQ,1973,2384330.0
IRQ,1974,2499449.0
IRQ,1975,2620127.0
IRQ,1976,2746809.0
IRQ,1977,2879242.0
IRQ,1978,2976788.0
IRQ,1979,3059562.0
IRQ,1980,3144756.0
IRQ,1981,3232079.0
IRQ,1982,3321952.0
IRQ,1983,3414324.0
IRQ,1984,3509397.0
IRQ,1985,3606844.0
IRQ,1986,3707138.0
IRQ,1987,3810221.0
IRQ,1988,3905075.0
IRQ,1989,3997210.0
IRQ,1990,4091650.0
IRQ,1991,4188322.0
IRQ,1992,4287416.0
IRQ,1993,4388572.0
IRQ,1994,4492259.0
IRQ,1995,4598395.0
IRQ,1996,4707191.0
IRQ,1997,4818251.0
IRQ,1998,4940013.0
IRQ,1999,5068225.0
IRQ,2000,5199948.0
IRQ,2001,5334718.0
IRQ,2002,5473174.0
IRQ,2003,5615224.0
IRQ,2004,5469150.0
IRQ,2005,5327261.0
IRQ,2006,5188866.0
IRQ,2007,5054066.0
IRQ,2008,5282303.0
IRQ,2009,5521242.0
IRQ,2010,5651654.0
IRQ,2011,5785146.0
IRQ,2012,5921982.0
IRQ,2013,6061665.0
IRQ,2014,6204842.0
IRQ,2015,6351400.0
IRQ,2016,6501630.0
IRQ,2017,6654984.0
IRQ,2018,6811955.0
IRQ,2019,6974439.0
IRQ,2020,7144260.0
IRQ,2021,7323079.0
IRQ,2022,7511920.0
IRQ,2023,7711305.0
IRQ,2024,7921134.0
IRQ,2025,8141119.0
ISR,1960,738158.0
ISR,1961,779037.0
ISR,1962,803517.0
ISR,1963,828766.0
ISR,1964,854844.0
ISR,1965,881669.0
ISR,1966,909373.0
ISR,1967,937949.0
ISR,1968,967463.0
ISR,1969,997821.0
ISR,1970,1029176.0
ISR,1971,1061516.0
ISR,1972,1094392.0
ISR,1973,1124018.0
ISR,1974,1154488.0
ISR,1975,1185784.0
ISR,1976,1217974.0
ISR,1977,1250945.0
ISR,1978,1284856.0
ISR,1979,1319687.0
ISR,1980,1355511.0
ISR,1981,1392206.0
ISR,1982,1429946.0
ISR,1983,1468710.0
ISR,1984,1508580.0
ISR,1985,1549418.0
ISR,1986,1591420.0
ISR,1987,1634561.0
ISR,1988,1678933.0
ISR,1989,1724383.0
ISR,1990,1771128.0
ISR,1991,1819140.0
ISR,1992,1914096.0
ISR,1993,2062840.0
ISR,1994,2223372.0
ISR,1995,2396397.0
ISR,1996,2514887.0
ISR,1997,2569149.0
ISR,1998,2624659.0
ISR,1999,2681369.0
ISR,2000,2739385.0
ISR,2001,2798491.0
ISR,2002,2858956.0
ISR,2003,2916001.0
ISR,2004,2969418.0
ISR,2005,3023663.0
ISR,2006,3078975.0
ISR,2007,3135299.0
ISR,2008,3192734.0
ISR,2009,3251058.0
ISR,2010,3310530.0
ISR,2011,3371090.0
ISR,2012,3432844.0
ISR,2013,3510465.0
ISR,2014,3605329.0
ISR,2015,3702758.0
ISR,2016,3802958.0
ISR,2017,3905583.0
ISR,2018,4010977.0
ISR,2019,4096963.0
ISR,2020,4181480.0
ISR,2021,4263745.0
ISR,2022,4343584.0
ISR,2023,4420855.0
ISR,2024,4495727.0
ISR,2025,4568533.0
ITA,1960,2455581.0
ITA,1961,2523274.0
ITA,1962,2587008.0
ITA,1963,2649872.0
ITA,1964,2714352.0
ITA,1965,2780218.0
ITA,1966,2847776.0
ITA,1967,2916976.0
ITA,1968,2987956.0
ITA,1969,3060460.0
ITA,1970,3134828.0
ITA,1971,3211003.0
ITA,1972,3247377.0
ITA,1973,3264905.0
ITA,1974,3282552.0
ITA,1975,3300294.0
ITA,1976,3318157.0
ITA,1977,3336067.0
ITA,1978,3354099.0
ITA,1979,3372228.0
ITA,1980,3390480.0
ITA,1981,3408780.0
ITA,1982,3437228.0
ITA,1983,3470633.0
ITA,1984,3504408.0
ITA,1985,3538418.0
ITA,1986,3572806.0
ITA,1987,3607528.0
ITA,1988,3642636.0
ITA,1989,3677987.0
ITA,1990,3713731.0
ITA,1991,3749823.0
ITA,1992,3756840.0
ITA,1993,3750746.0
ITA,1994,3744654.0
ITA,1995,3738572.0
ITA,1996,3732492.0
ITA,1997,3726438.0
ITA,1998,3720385.0
ITA,1999,3714343.0
ITA,2000,3708301.0
ITA,2001,3702287.0
ITA,2002,3720203.0
ITA,2003,3749039.0
ITA,2004,3778139.0
ITA,2005,3807383.0
ITA,2006,3836895.0
ITA,2007,3866636.0
ITA,2008,3896648.0
ITA,2009,3926810.0
ITA,2010,3957247.0
ITA,2011,3987921.0
ITA,2012,4018875.0
ITA,2013,4050069.0
ITA,2014,4081506.0
ITA,2015,4113186.0
ITA,2016,4145112.0
ITA,2017,4177286.0
ITA,2018,4209710.0
ITA,2019,4234019.0
ITA,2020,4257056.0
ITA,2021,4278350.0
ITA,2022,4297877.0
ITA,2023,4315671.0
ITA,2024,4331974.0
ITA,2025,4347104.0
JAM,1960,420603.0
JAM,1961,425748.0
JAM,1962,430962.0
JAM,1963,436241.0
JAM,1964,441591.0
JAM,1965,446992.0
JAM,1966,452467.0
JAM,1967,458009.0
JAM,1968,463626.0
JAM,1969,469297.0
JAM,1970,474627.0
JAM,1971,478627.0
JAM,1972,482666.0
JAM,1973,486728.0
JAM,1974,490830.0
JAM,1975,494967.0
JAM,1976,499144.0
JAM,1977,503345.0
JAM,1978,507587.0
JAM,1979,511865.0
JAM,1980,516184.0
JAM,1981,520529.0
JAM,1982,524921.0
JAM,1983,529439.0
JAM,1984,534001.0
JAM,1985,538591.0
JAM,1986,543226.0
JAM,1987,547901.0
JAM,1988,552622.0
JAM,1989,557372.0
JAM,1990,562168.0
JAM,1991,566169.0
JAM,1992,567430.0
JAM,1993,568690.0
JAM,1994,569955.0
JAM,1995,571222.0
JAM,1996,572494.0
JAM,1997,573766.0
JAM,1998,575042.0
JAM,1999,576321.0
JAM,2000,577604.0
JAM,2001,578887.0
JAM,2002,579610.0
JAM,2003,580198.0
JAM,2004,580787.0
JAM,2005,581375.0
JAM,2006,581965.0
JAM,2007,582555.0
JAM,2008,583147.0
JAM,2009,583738.0
JAM,2010,584330.0
JAM,2011,584922.0
JAM,2012,585515.0
JAM,2013,586108.0
JAM,2014,586702.0
JAM,2015,587296.0
JAM,2016,587891.0
JAM,2017,588487.0
JAM,2018,589083.0
JAM,2019,589849.0
JAM,2020,590940.0
JAM,2021,592477.0
JAM,2022,594531.0
JAM,2023,597124.0
JAM,2024,600225.0
JAM,2025,603770.0
JOR,1960,218113.0
JOR,1961,238254.0
JOR,1962,254767.0
JOR,1963,268815.0
JOR,1964,283660.0
JOR,1965,299279.0
JOR,1966,315782.0
JOR,1967,333035.0
JOR,1968,350409.0
JOR,1969,368638.0
JOR,1970,387843.0
JOR,1971,408048.0
JOR,1972,429336.0
JOR,1973,451672.0
JOR,1974,475202.0
JOR,1975,499958.0
JOR,1976,526041.0
JOR,1977,553407.0
JOR,1978,582238.0
JOR,1979,612571.0
JOR,1980,635702.0
JOR,1981,654531.0
JOR,1982,673945.0
JOR,1983,693936.0
JOR,1984,714547.0
JOR,1985,735712.0
JOR,1986,757534.0
JOR,1987,780004.0
JOR,1988,803172.0
JOR,1989,826962.0
JOR,1990,851491.0
JOR,1991,876747.0
JOR,1992,902789.0
JOR,1993,929529.0
JOR,1994,957100.0
JOR,1995,974262.0
JOR,1996,982717.0
JOR,1997,991222.0
JOR,1998,999812.0
JOR,1999,1008476.0
JOR,2000,1017228.0
JOR,2001,1026031.0
JOR,2002,1034923.0
JOR,2003,1043892.0
JOR,2004,1052951.0
JOR,2005,1094320.0
JOR,2006,1149064.0
JOR,2007,1206547.0
JOR,2008,1266991.0
JOR,2009,1330284.0
JOR,2010,1396832.0
JOR,2011,1466710.0
JOR,2012,1540187.0
JOR,2013,1617128.0
JOR,2014,1698026.0
JOR,2015,1782971.0
JOR,2016,1872292.0
JOR,2017,1966088.0
JOR,2018,2064582.0
JOR,2019,2108509.0
JOR,2020,2148293.0
JOR,2021,2182151.0
JOR,2022,2209584.0
JOR,2023,2232240.0
JOR,2024,2252688.0
JOR,2025,2273237.0
JPN,1960,16678821.0
JPN,1961,17343864.0
JPN,1962,18036396.0
JPN,1963,18756582.0
JPN,1964,19506576.0
JPN,1965,20284371.0
JPN,1966,20904867.0
JPN,1967,21478943.0
JPN,1968,22069607.0
JPN,1969,22674822.0
JPN,1970,23297503.0
JPN,1971,23928475.0
JPN,1972,24574388.0
JPN,1973,25235887.0
JPN,1974,25916141.0
JPN,1975,26614733.0
JPN,1976,27063280.0
JPN,1977,27426678.0
JPN,1978,27795466.0
JPN,1979,28169214.0
JPN,1980,28548512.0
JPN,1981,28899550.0
JPN,1982,29244389.0
JPN,1983,29593344.0
JPN,1984,29946951.0
JPN,1985,30303794.0
JPN,1986,30721387.0
JPN,1987,31163888.0
JPN,1988,31613386.0
JPN,1989,32068104.0
JPN,1990,32530003.0
JPN,1991,32793648.0
JPN,1992,32990377.999999996
JPN,1993,33187742.0
JPN,1994,33386561.999999996
JPN,1995,33586573.0
JPN,1996,33764118.0
JPN,1997,33934040.0
JPN,1998,34105053.0
JPN,1999,34276928.0
JPN,2000,34449908.0
JPN,2001,34668636.0
JPN,2002,34904446.0
JPN,2003,35141860.0
JPN,2004,35381220.0
JPN,2005,35621544.0
JPN,2006,35865373.0
JPN,2007,36111394.0
JPN,2008,36359444.0
JPN,2009,36608508.0
JPN,2010,36859626.0
JPN,2011,36975439.0
JPN,2012,37045504.0
JPN,2013,37115509.0
JPN,2014,37185742.0
JPN,2015,37256109.0
JPN,2016,37326706.0
JPN,2017,37397437.0
JPN,2018,37468302.0
JPN,2019,37435191.0
JPN,2020,37393129.0
JPN,2021,37339805.0
JPN,2022,37274002.0
JPN,2023,37194105.0
JPN,2024,37115035.0
JPN,2025,37036204.0
KAZ,1960,528653.0
KAZ,1961,546815.0
KAZ,1962,565626.0
KAZ,1963,585085.0
KAZ,1964,605241.0
KAZ,1965,626033.0
KAZ,1966,647570.0
KAZ,1967,669847.0
KAZ,1968,692924.0
KAZ,1969,716728.0
KAZ,1970,740104.0
KAZ,1971,762676.0
KAZ,1972,785969.0
KAZ,1973,809906.0
KAZ,1974,834607.0
KAZ,1975,860062.0
KAZ,1976,886329.0
KAZ,1977,913323.0
KAZ,1978,941178.0
KAZ,1979,961733.0
KAZ,1980,972750.0
KAZ,1981,983863.0
KAZ,1982,995118.0
KAZ,1983,1006502.0
KAZ,1984,1018032.0
KAZ,1985,1029662.0
KAZ,1986,1041442.0
KAZ,1987,1053356.0
KAZ,1988,1065422.0
KAZ,1989,1074502.0
KAZ,1990,1080109.0
KAZ,1991,1085745.0
KAZ,1992,1091418.0
KAZ,1993,1097106.0
KAZ,1994,1102831.0
KAZ,1995,1108585.0
KAZ,1996,1114378.0
KAZ,1997,1120185.0
KAZ,1998,1126031.0
KAZ,1999,1138016.0
KAZ,2000,1159742.0
KAZ,2001,1181821.0
KAZ,2002,1204352.0
KAZ,2003,1227312.0
KAZ,2004,1250743.0
KAZ,2005,1274554.0
KAZ,2006,1298853.0
KAZ,2007,1323615.0
KAZ,2008,1348884.0
KAZ,2009,1380452.0
KAZ,2010,1424297.0
KAZ,2011,1469534.0
KAZ,2012,1516273.0
KAZ,2013,1564364.0
KAZ,2014,1614050.0
KAZ,2015,1665315.0
KAZ,2016,1718281.0
KAZ,2017,1772779.0
KAZ,2018,1829005.0
KAZ,2019,1862809.0
KAZ,2020,1895742.0
KAZ,2021,1927623.0
KAZ,2022,1958135.0
KAZ,2023,1987301.0
KAZ,2024,2015209.0
KAZ,2025,2042036.0
KEN,1960,292622.0
KEN,1961,315553.0
KEN,1962,340315.0
KEN,1963,360798.0
KEN,1964,381625.0
KEN,1965,403591.0
KEN,1966,426854.0
KEN,1967,451458.0
KEN,1968,477518.0
KEN,1969,505003.0
KEN,1970,530741.0
KEN,1971,557165.0
KEN,1972,584943.0
KEN,1973,614024.0
KEN,1974,644594.0
KEN,1975,676686.0
KEN,1976,710423.0
KEN,1977,745742.0
KEN,1978,782870.0
KEN,1979,821846.0
KEN,1980,861661.0
KEN,1981,903076.0
KEN,1982,946544.0
KEN,1983,992103.0
KEN,1984,1039923.0
KEN,1985,1089907.0
KEN,1986,1142367.0
KEN,1987,1197352.0
KEN,1988,1255065.0
KEN,1989,1315390.0
KEN,1990,1380012.0
KEN,1991,1448047.0
KEN,1992,1519537.0
KEN,1993,1594345.0
KEN,1994,1672947.0
KEN,1995,1755424.0
KEN,1996,1842090.0
KEN,1997,1932778.0
KEN,1998,2028064.0
KEN,1999,2128049.0
KEN,2000,2213868.0
KEN,2001,2299455.0
KEN,2002,2388475.0
KEN,2003,2480942.0
KEN,2004,2577123.0
KEN,2005,2676753.0
KEN,2006,2780380.0
KEN,2007,2888019.0
KEN,2008,2999982.0
KEN,2009,3115959.0
KEN,2010,3236589.0
KEN,2011,3361889.0
KEN,2012,3492040.0
KEN,2013,3627229.0
KEN,2014,3767652.0
KEN,2015,3913512.0
KEN,2016,4065018.0
KEN,2017,4222389.0
KEN,2018,4385853.0
KEN,2019,4556381.0
KEN,2020,4734881.0
KEN,2021,4922192.0
KEN,2022,5118844.0
KEN,2023,5325160.0
KEN,2024,5541172.0
KEN,2025,5766989.0
KGZ,1960,235955.0
KGZ,1961,251134.0
KGZ,1962,267312.0
KGZ,1963,284533.0
KGZ,1964,302889.0
KGZ,1965,322373.0
KGZ,1966,343141.0
KGZ,1967,365246.0
KGZ,1968,388809.0
KGZ,1969,413820.0
KGZ,1970,432581.0
KGZ,1971,442596.0
KGZ,1972,452856.0
KGZ,1973,463326.0
KGZ,1974,474052.0
KGZ,1975,485027.0
KGZ,1976,496271.0
KGZ,1977,507744.0
KGZ,1978,519499.0
KGZ,1979,529831.0
KGZ,1980,538337.0
KGZ,1981,546955.0
KGZ,1982,555724.0
KGZ,1983,564633.0
KGZ,1984,573698.0
KGZ,1985,582883.0
KGZ,1986,592228.0
KGZ,1987,601722.0
KGZ,1988,611382.0
KGZ,1989,622438.0
KGZ,1990,635190.0
KGZ,1991,648204.0
KGZ,1992,661503.0
KGZ,1993,675037.0
KGZ,1994,688867.0
KGZ,1995,702981.0
KGZ,1996,717403.0
KGZ,1997,732081.0
KGZ,1998,747080.0
KGZ,1999,759867.0
KGZ,2000,766039.0
KGZ,2001,772245.0
KGZ,2002,778509.0
KGZ,2003,784824.0
KGZ,2004,791198.0
KGZ,2005,797607.0
KGZ,2006,804077.0
KGZ,2007,810599.0
KGZ,2008,817184.0
KGZ,2009,826639.0
KGZ,2010,843969.0
KGZ,2011,861662.0
KGZ,2012,879751.0
KGZ,2013,898169.0
KGZ,2014,916999.0
KGZ,2015,936223.0
KGZ,2016,955878.0
KGZ,2017,975889.0
KGZ,2018,996319.0
KGZ,2019,1017166.0
KGZ,2020,1038429.0
KGZ,2021,1060113.0
KGZ,2022,1082214.0
KGZ,2023,1104742.0
KGZ,2024,1127721.0
KGZ,2025,1151223.0
KHM,1960,389280.0
KHM,1961,391899.0
KHM,1962,396562.0
KHM,1963,409295.0
KHM,1964,422455.0
KHM,1965,436001.0
KHM,1966,450000.0
KHM,1967,535143.0
KHM,1968,636548.0
KHM,1969,756807.0
KHM,1970,900000.0
KHM,1971,1071053.0
KHM,1972,1274923.0
KHM,1973,1516870.0
KHM,1974,1805165.0
KHM,1975,100000.0
KHM,1976,100000.0
KHM,1977,100000.0
KHM,1978,100000.0
KHM,1979,100000.0
KHM,1980,238267.0
KHM,1981,373725.0
KHM,1982,386386.0
KHM,1983,399475.0
KHM,1984,413027.0
KHM,1985,427000.0
KHM,1986,459322.0
KHM,1987,494091.0
KHM,1988,531545.0
KHM,1989,571723.0
KHM,1990,615000.0
KHM,1991,639356.0
KHM,1992,664712.0
KHM,1993,691000.0
KHM,1994,759998.0
KHM,1995,835885.0
KHM,1996,919470.0
KHM,1997,1011148.0
KHM,1998,1087578.0
KHM,1999,1117702.0
KHM,2000,1148703.0
KHM,2001,1180476.0
KHM,2002,1213173.0
KHM,2003,1246775.0
KHM,2004,1281357.0
KHM,2005,1316798.0
KHM,2006,1353271.0
KHM,2007,1390754.0
KHM,2008,1431083.0
KHM,2009,1476172.0
KHM,2010,1522747.0
KHM,2011,1570791.0
KHM,2012,1620351.0
KHM,2013,1671474.0
KHM,2014,1724211.0
KHM,2015,1778611.0
KHM,2016,1834728.0
KHM,2017,1892615.0
KHM,2018,1952329.0
KHM,2019,2014015.0
KHM,2020,2077757.0
KHM,2021,2143591.0
KHM,2022,2211444.0
KHM,2023,2281198.0
KHM,2024,2352680.0
KHM,2025,2425801.0
KOR,1960,2361196.0
KOR,1961,2554638.0
KOR,1962,2754346.0
KOR,1963,2969667.0
KOR,1964,3202152.0
KOR,1965,3452123.0
KOR,1966,3721992.0
KOR,1967,4056882.0
KOR,1968,4438705.0
KOR,1969,4855262.0
KOR,1970,5311569.0
KOR,1971,5629671.0
KOR,1972,5903885.0
KOR,1973,6190645.0
KOR,1974,6491759.0
KOR,1975,6807519.0
KOR,1976,7087439.0
KOR,1977,7360096.0
KOR,1978,7643642.0
KOR,1979,7938110.0
KOR,1980,8244352.000000001
KOR,1981,8483256.0
KOR,1982,8688305.0
KOR,1983,8898311.0
KOR,1984,9113693.0
KOR,1985,9333674.0
KOR,1986,9559279.0
KOR,1987,9790337.0
KOR,1988,10027310.0
KOR,1989,10269343.0
KOR,1990,10517565.0
KOR,1991,10553329.0
KOR,1992,10478067.0
KOR,1993,10403546.0
KOR,1994,10329454.0
KOR,1995,10255889.0
KOR,1996,10180302.0
KOR,1997,10104248.0
KOR,1998,10028660.0
KOR,1999,9953637.0
KOR,2000,9879073.0
KOR,2001,9849502.0
KOR,2002,9842731.0
KOR,2003,9835965.0
KOR,2004,9829194.0
KOR,2005,9822447.0
KOR,2006,9816737.0
KOR,2007,9811560.0
KOR,2008,9806379.0
KOR,2009,9801214.0
KOR,2010,9796045.0
KOR,2011,9808821.0
KOR,2012,9830787.0
KOR,2013,9852742.0
KOR,2014,9874776.0
KOR,2015,9896859.0
KOR,2016,9919022.0
KOR,2017,9941235.0
KOR,2018,9963497.0
KOR,2019,9962393.0
KOR,2020,9963452.0
KOR,2021,9967677.0
KOR,2022,9975709.0
KOR,2023,9988049.0
KOR,2024,10004840.0
KOR,2025,10025770.0
KWT,1960,178698.0
KWT,1961,198421.0
KWT,1962,220352.0
KWT,1963,244707.0
KWT,1964,271793.0
KWT,1965,302823.0
KWT,1966,342615.0
KWT,1967,387635.0
KWT,1968,438645.0
KWT,1969,496199.0
KWT,1970,552500.0
KWT,1971,577095.0
KWT,1972,602821.0
KWT,1973,629618.0
KWT,1974,657646.0
KWT,1975,688044.0
KWT,1976,724777.0
KWT,1977,763361.0
KWT,1978,804058.0
KWT,1979,846924.0
KWT,1980,891193.0
KWT,1981,933218.0
KWT,1982,977286.0
KWT,1983,1023436.0
KWT,1984,1071833.0
KWT,1985,1121716.0
KWT,1986,1171185.0
KWT,1987,1222836.0
KWT,1988,1276841.0
KWT,1989,1333072.0
KWT,1990,1391862.0
KWT,1991,1384106.0
KWT,1992,1298153.0
KWT,1993,1217753.0
KWT,1994,1142231.0
KWT,1995,1095316.0
KWT,1996,1133560.0
KWT,1997,1173028.0
KWT,1998,1213927.0
KWT,1999,1256253.0
KWT,2000,1300115.0
KWT,2001,1345383.0
KWT,2002,1392292.0
KWT,2003,1440836.0
KWT,2004,1491144.0
KWT,2005,1547977.0
KWT,2006,1628355.0
KWT,2007,1712907.0
KWT,2008,1801975.0
KWT,2009,1895410.0
KWT,2010,1993829.0
KWT,2011,2097358.0
KWT,2012,2206263.0
KWT,2013,2320822.0
KWT,2014,2441330.0
KWT,2015,2568096.0
KWT,2016,2701443.0
KWT,2017,2841715.0
KWT,2018,2989270.0
KWT,2019,3052493.0
KWT,2020,3114553.0
KWT,2021,3177315.0
KWT,2022,3238523.0
KWT,2023,3297759.0
KWT,2024,3353602.0
KWT,2025,3404995.0
LAO,1960,75908.0
LAO,1961,83258.0
LAO,1962,91332.0
LAO,1963,100189.0
LAO,1964,109918.0
LAO,1965,120562.0
LAO,1966,132253.0
LAO,1967,138137.0
LAO,1968,144291.0
LAO,1969,150702.0
LAO,1970,157406.0
LAO,1971,164409.0
LAO,1972,171734.0
LAO,1973,177956.0
LAO,1974,182341.0
LAO,1975,186834.0
LAO,1976,191445.0
LAO,1977,196156.0
LAO,1978,200990.0
LAO,1979,205944.0
LAO,1980,211026.0
LAO,1981,216219.0
LAO,1982,221547.0
LAO,1983,227007.0
LAO,1984,232609.0
LAO,1985,239072.0
LAO,1986,247240.0
LAO,1987,255688.0
LAO,1988,264437.0
LAO,1989,273459.0
LAO,1990,282803.0
LAO,1991,292466.0
LAO,1992,302473.0
LAO,1993,312793.0
LAO,1994,323481.0
LAO,1995,336864.0
LAO,1996,355711.0
LAO,1997,375557.0
LAO,1998,396539.0
LAO,1999,418694.0
LAO,2000,442120.0
LAO,2001,466786.0
LAO,2002,492866.0
LAO,2003,520402.0
LAO,2004,549518.0
LAO,2005,571936.0
LAO,2006,578591.0
LAO,2007,585323.0
LAO,2008,592143.0
LAO,2009,599024.0
LAO,2010,605994.0
LAO,2011,613045.0
LAO,2012,620188.0
LAO,2013,627394.0
LAO,2014,634694.0
LAO,2015,642079.0
LAO,2016,649550.0
LAO,2017,657108.0
LAO,2018,664754.0
LAO,2019,673061.0
LAO,2020,682542.0
LAO,2021,693594.0
LAO,2022,706455.0
LAO,2023,721199.0
LAO,2024,737750.0
LAO,2025,755941.0
LBN,1960,560908.0
LBN,1961,592802.0
LBN,1962,626558.0
LBN,1963,662237.0
LBN,1964,700000.0
LBN,1965,732959.0
LBN,1966,767520.0
LBN,1967,803709.0
LBN,1968,841659.0
LBN,1969,881288.0
LBN,1970,922842.0
LBN,1971,1000273.0
LBN,1972,1107063.0
LBN,1973,1224912.0
LBN,1974,1355495.0
LBN,1975,1500000.0
LBN,1976,1523866.0
LBN,1977,1548045.0
LBN,1978,1572642.0
LBN,1979,1597630.0
LBN,1980,1623050.0
LBN,1981,1648802.0
LBN,1982,1675000.0
LBN,1983,1644483.0
LBN,1984,1614481.0
LBN,1985,1585107.0
LBN,1986,1556228.0
LBN,1987,1527875.0
LBN,1988,1500000.0
LBN,1989,1392477.0
LBN,1990,1292529.0
LBN,1991,1200045.0
LBN,1992,1216657.0
LBN,1993,1233452.0
LBN,1994,1250502.0
LBN,1995,1267788.0
LBN,1996,1285337.0
LBN,1997,1303080.0
LBN,1998,1360000.0
LBN,1999,1421889.0
LBN,2000,1486686.0
LBN,2001,1554245.0
LBN,2002,1677788.0
LBN,2003,1710339.0
LBN,2004,1743568.0
LBN,2005,1777348.0
LBN,2006,1818013.0
LBN,2007,1859625.0
LBN,2008,1902189.0
LBN,2009,1945728.0
LBN,2010,1990263.0
LBN,2011,2035818.0
LBN,2012,2082415.0
LBN,2013,2130079.0
LBN,2014,2178834.0
LBN,2015,2228705.0
LBN,2016,2279717.0
LBN,2017,2331897.0
LBN,2018,2385271.0
LBN,2019,2406875.0
LBN,2020,2424425.0
LBN,2021,2434609.0
LBN,2022,2433155.0
LBN,2023,2421354.0
LBN,2024,2402485.0
LBN,2025,2379326.0
LBR,1960,75057.0
LBR,1961,88055.0
LBR,1962,100834.0
LBR,1963,107164.0
LBR,1964,113902.0
LBR,1965,121043.0
LBR,1966,128643.0
LBR,1967,136719.0
LBR,1968,145315.0
LBR,1969,154426.0
LBR,1970,164121.0
LBR,1971,174425.0
LBR,1972,185392.0
LBR,1973,197015.0
LBR,1974,210374.0
LBR,1975,226162.0
LBR,1976,243158.0
LBR,1977,261380.0
LBR,1978,280995.0
LBR,1979,302083.0
LBR,1980,324785.0
LBR,1981,349123.0
LBR,1982,375323.0
LBR,1983,403490.0
LBR,1984,446331.0
LBR,1985,513979.0
LBR,1986,591995.0
LBR,1987,681853.0
LBR,1988,785503.0
LBR,1989,904557.0
LBR,1990,1041858.0
LBR,1991,1200000.0
LBR,1992,945962.0
LBR,1993,746192.0
LBR,1994,588417.0
LBR,1995,464002.0
LBR,1996,836241.0
LBR,1997,805755.0
LBR,1998,776341.0
LBR,1999,748000.0
LBR,2000,835532.0
LBR,2001,933022.0
LBR,2002,1042046.0
LBR,2003,1163810.0
LBR,2004,1300000.0
LBR,2005,1202031.0
LBR,2006,1111324.0
LBR,2007,1027462.0
LBR,2008,980861.0
LBR,2009,1017688.0
LBR,2010,1055952.0
LBR,2011,1095654.0
LBR,2012,1136906.0
LBR,2013,1179592.0
LBR,2014,1223881.0
LBR,2015,1269832.0
LBR,2016,1317509.0
LBR,2017,1366976.0
LBR,2018,1418300.0
LBR,2019,1467026.0
LBR,2020,1517235.0
LBR,2021,1569013.0
LBR,2022,1622582.0
LBR,2023,1678020.0
LBR,2024,1735365.0
LBR,2025,1794648.0
LBY,1960,174229.0
LBY,1961,183113.0
LBY,1962,192464.0
LBY,1963,202292.0
LBY,1964,212636.0
LBY,1965,235174.0
LBY,1966,261328.0
LBY,1967,290391.0
LBY,1968,322733.0
LBY,1969,358572.0
LBY,1970,398449.0
LBY,1971,442762.0
LBY,1972,492073.0
LBY,1973,546718.0
LBY,1974,565014.0
LBY,1975,580141.0
LBY,1976,595695.0
LBY,1977,611622.0
LBY,1978,627997.0
LBY,1979,644811.0
LBY,1980,662099.0
LBY,1981,679801.0
LBY,1982,698002.0
LBY,1983,716690.0
LBY,1984,735905.0
LBY,1985,755580.0
LBY,1986,775810.0
LBY,1987,796581.0
LBY,1988,817938.0
LBY,1989,839807.0
LBY,1990,862291.0
LBY,1991,885378.0
LBY,1992,909116.0
LBY,1993,933422.0
LBY,1994,958413.0
LBY,1995,984073.0
LBY,1996,993644.0
LBY,1997,1000563.0
LBY,1998,1007539.0
LBY,1999,1014564.0
LBY,2000,1021648.0
LBY,2001,1028762.0
LBY,2002,1035935.0
LBY,2003,1043158.0
LBY,2004,1050442.0
LBY,2005,1057756.0
LBY,2006,1065131.0
LBY,2007,1072557.0
LBY,2008,1080036.0
LBY,2009,1087566.0
LBY,2010,1095149.0
LBY,2011,1102785.0
LBY,2012,1110473.0
LBY,2013,1118216.0
LBY,2014,1126013.0
LBY,2015,1133863.0
LBY,2016,1141769.0
LBY,2017,1149730.0
LBY,2018,1157746.0
LBY,2019,1160918.0
LBY,2020,1165085.0
LBY,2021,1169790.0
LBY,2022,1175830.0
LBY,2023,1183292.0
LBY,2024,1192436.0
LBY,2025,1203391.0
LKA,1960,484952.0
LKA,1961,493627.0
LKA,1962,502469.0
LKA,1963,511470.0
LKA,1964,517437.0
LKA,1965,523394.0
LKA,1966,529428.0
LKA,1967,535531.0
LKA,1968,541713.0
LKA,1969,547950.0
LKA,1970,554267.0
LKA,1971,560657.0
LKA,1972,564326.0
LKA,1973,566952.0
LKA,1974,569595.0
LKA,1975,572250.0
LKA,1976,574921.0
LKA,1977,577597.0
LKA,1978,580289.0
LKA,1979,582994.0
LKA,1980,585715.0
LKA,1981,588456.0
LKA,1982,591252.0
LKA,1983,594061.0
LKA,1984,596887.0
LKA,1985,599719.0
LKA,1986,602568.0
LKA,1987,605431.0
LKA,1988,608311.0
LKA,1989,611197.0
LKA,1990,614100.0
LKA,1991,617018.0
LKA,1992,619953.0
LKA,1993,622894.0
LKA,1994,625854.0
LKA,1995,628827.0
LKA,1996,631818.0
LKA,1997,634816.0
LKA,1998,637832.0
LKA,1999,640862.0
LKA,2000,643911.0
LKA,2001,646966.0
LKA,2002,638910.0
LKA,2003,630455.0
LKA,2004,622101.0
LKA,2005,613880.0
LKA,2006,605756.0
LKA,2007,597740.0
LKA,2008,589820.0
LKA,2009,582025.0
LKA,2010,574323.0
LKA,2011,566723.0
LKA,2012,562985.0
LKA,2013,568957.0
LKA,2014,575000.0
LKA,2015,581107.0
LKA,2016,587279.0
LKA,2017,593517.0
LKA,2018,599821.0
LKA,2019,606158.0
LKA,2020,612535.0
LKA,2021,619001.0
LKA,2022,625637.0
LKA,2023,632543.0
LKA,2024,639818.0
LKA,2025,647557.0
LTU,1960,249692.0
LTU,1961,259460.0
LTU,1962,269625.0
LTU,1963,280189.0
LTU,1964,291181.0
LTU,1965,302573.0
LTU,1966,314427.0
LTU,1967,326745.0
LTU,1968,339564.0
LTU,1969,352849.0
LTU,1970,366673.0
LTU,1971,379379.0
LTU,1972,391514.0
LTU,1973,404003.0
LTU,1974,416908.0
LTU,1975,430225.0
LTU,1976,443987.0
LTU,1977,458149.0
LTU,1978,472784.0
LTU,1979,484968.0
LTU,1980,493874.0
LTU,1981,502919.0
LTU,1982,512143.0
LTU,1983,521535.0
LTU,1984,531113.0
LTU,1985,540840.0
LTU,1986,550759.0
LTU,1987,560860.0
LTU,1988,571160.0
LTU,1989,575403.0
LTU,1990,572512.0
LTU,1991,569635.0
LTU,1992,566769.0
LTU,1993,563925.0
LTU,1994,561092.0
LTU,1995,558272.0
LTU,1996,555463.0
LTU,1997,552676.0
LTU,1998,549899.0
LTU,1999,547136.0
LTU,2000,544383.0
LTU,2001,541859.0
LTU,2002,540027.0
LTU,2003,538201.0
LTU,2004,536379.0
LTU,2005,534567.0
LTU,2006,532760.0
LTU,2007,530958.0
LTU,2008,529160.0
LTU,2009,527373.0
LTU,2010,525590.0
LTU,2011,524931.0
LTU,2012,526509.0
LTU,2013,528086.0
LTU,2014,529671.0
LTU,2015,531260.0
LTU,2016,532856.0
LTU,2017,534453.0
LTU,2018,536055.0
LTU,2019,537563.0
LTU,2020,538894.0
LTU,2021,539978.0
LTU,2022,540775.0
LTU,2023,541275.0
LTU,2024,541505.0
LTU,2025,541517.0
LVA,1960,597367.0
LVA,1961,609250.0
LVA,1962,621386.0
LVA,1963,633764.0
LVA,1964,646406.0
LVA,1965,659264.0
LVA,1966,672396.0
LVA,1967,685790.0
LVA,1968,699470.0
LVA,1969,713383.0
LVA,1970,727594.0
LVA,1971,739893.0
LVA,1972,751078.0
LVA,1973,762400.0
LVA,1974,773910.0
LVA,1975,785593.0
LVA,1976,797469.0
LVA,1977,809491.0
LVA,1978,821711.0
LVA,1979,831980.0
LVA,1980,839774.0
LVA,1981,847620.0
LVA,1982,855550.0
LVA,1983,863554.0
LVA,1984,871644.0
LVA,1985,879788.0
LVA,1986,888018.0
LVA,1987,896326.0
LVA,1988,904724.0
LVA,1989,909181.0
LVA,1990,904820.0
LVA,1991,895126.0
LVA,1992,876673.0
LVA,1993,856940.0
LVA,1994,843552.0
LVA,1995,824988.0
LVA,1996,810172.0
LVA,1997,792306.0
LVA,1998,781336.0
LVA,1999,771338.0
LVA,2000,761714.0
LVA,2001,751414.0
LVA,2002,741239.0
LVA,2003,731202.0
LVA,2004,721287.0
LVA,2005,711533.0
LVA,2006,701898.0
LVA,2007,692394.0
LVA,2008,683005.0
LVA,2009,673769.0
LVA,2010,664645.0
LVA,2011,657642.0
LVA,2012,654661.0
LVA,2013,651702.0
LVA,2014,648752.0
LVA,2015,645815.0
LVA,2016,642888.0
LVA,2017,639982.0
LVA,2018,637089.0
LVA,2019,633820.0
LVA,2020,630692.0
LVA,2021,627763.0
LVA,2022,624925.0
LVA,2023,621369.0
LVA,2024,618560.0
LVA,2025,615764.0
MAC,1960,159892.0
MAC,1961,162501.0
MAC,1962,168358.0
MAC,1963,176462.0
MAC,1964,185782.0
MAC,1965,195462.0
MAC,1966,205447.0
MAC,1967,215699.0
MAC,1968,225350.0
MAC,1969,233321.0
MAC,1970,238887.0
MAC,1971,241794.0
MAC,1972,242291.0
MAC,1973,240954.0
MAC,1974,238758.0
MAC,1975,236533.0
MAC,1976,234387.0
MAC,1977,232361.0
MAC,1978,231185.0
MAC,1979,231736.0
MAC,1980,234592.0
MAC,1981,240152.0
MAC,1982,248429.0
MAC,1983,258605.0
MAC,1984,269937.0
MAC,1985,281813.0
MAC,1986,294157.0
MAC,1987,306969.0
MAC,1988,319757.0
MAC,1989,331943.0
MAC,1990,343119.0
MAC,1991,353073.0
MAC,1992,361876.0
MAC,1993,369854.0
MAC,1994,377547.0
MAC,1995,385339.0
MAC,1996,393487.0
MAC,1997,401564.0
MAC,1998,409837.0
MAC,1999,418604.0
MAC,2000,427979.0
MAC,2001,438081.0
MAC,2002,448896.0
MAC,2003,460147.0
MAC,2004,471453.0
MAC,2005,482559.0
MAC,2006,493320.0
MAC,2007,503823.0
MAC,2008,514348.0
MAC,2009,525313.0
MAC,2010,536969.0
MAC,2011,549439.0
MAC,2012,562531.0
MAC,2013,575841.0
MAC,2014,588781.0
MAC,2015,600942.0
MAC,2016,612167.0
MAC,2017,622567.0
MAC,2018,632418.0
MAC,2019,642090.0
MAC,2020,651875.0
MAC,2021,661838.0
MAC,2022,671858.0
MAC,2023,681876.0
MAC,2024,691748.0
MAC,2025,701381.0
MAR,1960,966796.0
MAR,1961,1010489.0
MAR,1962,1056222.0
MAR,1963,1104024.0
MAR,1964,1154061.0
MAR,1965,1206217.0
MAR,1966,1260808.0
MAR,1967,1317870.0
MAR,1968,1377598.0
MAR,1969,1439857.0
MAR,1970,1505022.0
MAR,1971,1573136.0
MAR,1972,1626173.0
MAR,1973,1679820.0
MAR,1974,1735313.0
MAR,1975,1792640.0
MAR,1976,1851944.0
MAR,1977,1913038.0
MAR,1978,1976236.0
MAR,1979,2041522.0
MAR,1980,2109059.0
MAR,1981,2178635.0
MAR,1982,2250607.0
MAR,1983,2304309.0
MAR,1984,2354891.0
MAR,1985,2406440.0
MAR,1986,2459191.0
MAR,1987,2513098.0
MAR,1988,2568264.0
MAR,1989,2624483.0
MAR,1990,2682014.0
MAR,1991,2740805.0
MAR,1992,2800969.0
MAR,1993,2862283.0
MAR,1994,2925026.0
MAR,1995,2963372.0
MAR,1996,2996850.0
MAR,1997,3030611.0
MAR,1998,3064801.0
MAR,1999,3099376.0
MAR,2000,3134389.0
MAR,2001,3169700.0
MAR,2002,3205459.0
MAR,2003,3241620.0
MAR,2004,3278241.0
MAR,2005,3307188.0
MAR,2006,3334722.0
MAR,2007,3362485.0
MAR,2008,3390518.0
MAR,2009,3418707.0
MAR,2010,3447169.0
MAR,2011,3475869.0
MAR,2012,3504847.0
MAR,2013,3533986.0
MAR,2014,3563408.0
MAR,2015,3593075.0
MAR,2016,3622989.0
MAR,2017,3653152.0
MAR,2018,3683566.0
MAR,2019,3716093.0
MAR,2020,3752357.0
MAR,2021,3793585.0
MAR,2022,3840396.0
MAR,2023,3892837.0
MAR,2024,3950408.0
MAR,2025,4012307.0
MDA,1960,223279.0
MDA,1961,233725.0
MDA,1962,244674.0
MDA,1963,256137.0
MDA,1964,268154.0
MDA,1965,280699.0
MDA,1966,293849.0
MDA,1967,307616.0
MDA,1968,322048.0
MDA,1969,337114.0
MDA,1970,352071.0
MDA,1971,366657.0
MDA,1972,381868.0
MDA,1973,397667.0
MDA,1974,414142.0
MDA,1975,431299.0
MDA,1976,449193.0
MDA,1977,467776.0
MDA,1978,487156.0
MDA,1979,504548.0
MDA,1980,519100.0
MDA,1981,534030.0
MDA,1982,549410.0
MDA,1983,565234.0
MDA,1984,581536.0
MDA,1985,598261.0
MDA,1986,615492.0
MDA,1987,633219.0
MDA,1988,651482.0
MDA,1989,659162.0
MDA,1990,654352.0
MDA,1991,649577.0
MDA,1992,644831.0
MDA,1993,640132.0
MDA,1994,635461.0
MDA,1995,630824.0
MDA,1996,626214.0
MDA,1997,621651.0
MDA,1998,617115.0
MDA,1999,612612.0
MDA,2000,608135.0
MDA,2001,603704.0
MDA,2002,599299.0
MDA,2003,594926.0
MDA,2004,590578.0
MDA,2005,584870.0
MDA,2006,578714.0
MDA,2007,572623.0
MDA,2008,566587.0
MDA,2009,560632.0
MDA,2010,554731.0
MDA,2011,548892.0
MDA,2012,543107.0
MDA,2013,537398.0
MDA,2014,531742.0
MDA,2015,526146.0
MDA,2016,520608.0
MDA,2017,515129.0
MDA,2018,509707.0
MDA,2019,504342.0
MDA,2020,499034.0
MDA,2021,494425.0
MDA,2022,490632.0
MDA,2023,487707.0
MDA,2024,485636.0
MDA,2025,484352.0
MDG,1960,252097.0
MDG,1961,260657.0
MDG,1962,269521.0
MDG,1963,278685.0
MDG,1964,288175.0
MDG,1965,297960.0
MDG,1966,308408.0
MDG,1967,321149.0
MDG,1968,334435.0
MDG,1969,348232.0
MDG,1970,362619.0
MDG,1971,377600.0
MDG,1972,395320.0
MDG,1973,413819.0
MDG,1974,433211.0
MDG,1975,453637.0
MDG,1976,476519.0
MDG,1977,500489.0
MDG,1978,525699.0
MDG,1979,552179.0
MDG,1980,580033.0
MDG,1981,609209.0
MDG,1982,639896.0
MDG,1983,672128.0
MDG,1984,706033.0
MDG,1985,741546.0
MDG,1986,778899.0
MDG,1987,818134.0
MDG,1988,859403.0
MDG,1989,902631.0
MDG,1990,948098.0
MDG,1991,995856.0
MDG,1992,1046090.0
MDG,1993,1098709.0
MDG,1994,1134427.0
MDG,1995,1169444.0
MDG,1996,1205593.0
MDG,1997,1242754.0
MDG,1998,1281115.0
MDG,1999,1320660.0
MDG,2000,1361482.0
MDG,2001,1403449.0
MDG,2002,1441214.0
MDG,2003,1479995.0
MDG,2004,1519875.0
MDG,2005,1560716.0
MDG,2006,1643372.0
MDG,2007,1730644.0
MDG,2008,1822681.0
MDG,2009,1919339.0
MDG,2010,2021267.0
MDG,2011,2128608.0
MDG,2012,2241809.0
MDG,2013,2360694.0
MDG,2014,2486060.0
MDG,2015,2618084.0
MDG,2016,2757316.0
MDG,2017,2903952.0
MDG,2018,3058387.0
MDG,2019,3210386.0
MDG,2020,3368585.0
MDG,2021,3531887.0
MDG,2022,3699900.0
MDG,2023,3872264.0
MDG,2024,4048666.0
MDG,2025,4228984.0
MEX,1960,5479184.0
MEX,1961,5748913.0
MEX,1962,6032320.0
MEX,1963,6329698.0
MEX,1964,6642176.0
MEX,1965,6969157.0
MEX,1966,7312719.0
MEX,1967,7673217.0
MEX,1968,8052021.0
MEX,1969,8448405.0
MEX,1970,8830947.0
MEX,1971,9182417.0
MEX,1972,9548389.0
MEX,1973,9927879.0
MEX,1974,10323007.0
MEX,1975,10733860.0
MEX,1976,11161666.0
MEX,1977,11605274.0
MEX,1978,12067162.0
MEX,1979,12547433.0
MEX,1980,13027620.0
MEX,1981,13268385.0
MEX,1982,13513942.0
MEX,1983,13764043.0
MEX,1984,14019126.0
MEX,1985,14278216.0
MEX,1986,14542461.0
MEX,1987,14811597.0
MEX,1988,15086094.0
MEX,1989,15364903.0
MEX,1990,15642318.0
MEX,1991,15908157.0
MEX,1992,16178890.0
MEX,1993,16453467.0
MEX,1994,16733092.0
MEX,1995,17017469.0
MEX,1996,17307081.0
MEX,1997,17600805.0
MEX,1998,17899928.0
MEX,1999,18204136.0
MEX,2000,18457027.0
MEX,2001,18617824.0
MEX,2002,18780246.0
MEX,2003,18944086.0
MEX,2004,19109583.0
MEX,2005,19276065.0
MEX,2006,19444230.0
MEX,2007,19613862.0
MEX,2008,19785210.0
MEX,2009,19957578.0
MEX,2010,20136681.0
MEX,2011,20371749.0
MEX,2012,20609889.0
MEX,2013,20850148.0
MEX,2014,21093544.0
MEX,2015,21339781.0
MEX,2016,21419976.0
MEX,2017,21500251.0
MEX,2018,21580827.0
MEX,2019,21671908.0
MEX,2020,21782378.0
MEX,2021,21918935.0
MEX,2022,22085139.0
MEX,2023,22281442.0
MEX,2024,22505315.0
MEX,2025,22752414.0
MKD,1960,190662.0
MKD,1961,199648.0
MKD,1962,209072.0
MKD,1963,218940.0
MKD,1964,229289.0
MKD,1965,240096.0
MKD,1966,251429.0
MKD,1967,263297.0
MKD,1968,275742.0
MKD,1969,288739.0
MKD,1970,302368.0
MKD,1971,315081.0
MKD,1972,323570.0
MKD,1973,332263.0
MKD,1974,341202.0
MKD,1975,350381.0
MKD,1976,359821.0
MKD,1977,369488.0
MKD,1978,379428.0
MKD,1979,389636.0
MKD,1980,400133.0
MKD,1981,409108.0
MKD,1982,412959.0
MKD,1983,416846.0
MKD,1984,420775.0
MKD,1985,424730.0
MKD,1986,428728.0
MKD,1987,432763.0
MKD,1988,436842.0
MKD,1989,440949.0
MKD,1990,445099.0
MKD,1991,447920.0
MKD,1992,446696.0
MKD,1993,445478.0
MKD,1994,444380.0
MKD,1995,447066.0
MKD,1996,449771.0
MKD,1997,452486.0
MKD,1998,455221.0
MKD,1999,457973.0
MKD,2000,460744.0
MKD,2001,463525.0
MKD,2002,466327.0
MKD,2003,471711.0
MKD,2004,478490.0
MKD,2005,485348.0
MKD,2006,492314.0
MKD,2007,499380.0
MKD,2008,506558.0
MKD,2009,513818.0
MKD,2010,521192.0
MKD,2011,528673.0
MKD,2012,536271.0
MKD,2013,543978.0
MKD,2014,551796.0
MKD,2015,559726.0
MKD,2016,567771.0
MKD,2017,575931.0
MKD,2018,584208.0
MKD,2019,589751.0
MKD,2020,595275.0
MKD,2021,600708.0
MKD,2022,605996.0
MKD,2023,611107.0
MKD,2024,616039.0
MKD,2025,620825.0
MLI,1960,130017.0
MLI,1961,134784.0
MLI,1962,140267.0
MLI,1963,145973.0
MLI,1964,151920.0
MLI,1965,158092.0
MLI,1966,165218.0
MLI,1967,173401.0
MLI,1968,182000.0
MLI,1969,200841.0
MLI,1970,221663.0
MLI,1971,244644.0
MLI,1972,270044.0
MLI,1973,298000.0
MLI,1974,328895.0
MLI,1975,362992.0
MLI,1976,400679.0
MLI,1977,429198.0
MLI,1978,448285.0
MLI,1979,468220.0
MLI,1980,489071.0
MLI,1981,510789.0
MLI,1982,533504.0
MLI,1983,557229.0
MLI,1984,582043.0
MLI,1985,607890.0
MLI,1986,634923.0
MLI,1987,662721.0
MLI,1988,689548.0
MLI,1989,717383.0
MLI,1990,746382.0
MLI,1991,776554.0
MLI,1992,807989.0
MLI,1993,840605.0
MLI,1994,874585.0
MLI,1995,909939.0
MLI,1996,946774.0
MLI,1997,984992.0
MLI,1998,1027669.0
MLI,1999,1083247.0
MLI,2000,1141913.0
MLI,2001,1203582.0
MLI,2002,1268674.0
MLI,2003,1337286.0
MLI,2004,1409710.0
MLI,2005,1485842.0
MLI,2006,1566198.0
MLI,2007,1650901.0
MLI,2008,1740310.0
MLI,2009,1825125.0
MLI,2010,1885545.0
MLI,2011,1947964.0
MLI,2012,2012540.0
MLI,2013,2079070.0
MLI,2014,2147896.0
MLI,2015,2219000.0
MLI,2016,2292458.0
MLI,2017,2368347.0
MLI,2018,2446749.0
MLI,2019,2529328.0
MLI,2020,2617686.0
MLI,2021,2713230.0
MLI,2022,2816943.0
MLI,2023,2929373.0
MLI,2024,3050570.0
MLI,2025,3180343.0
MMR,1960,1591991.0
MMR,1961,1624220.0
MMR,1962,1657148.0
MMR,1963,1690743.0
MMR,1964,1725067.0
MMR,1965,1759991.0
MMR,1966,1795671.0
MMR,1967,1832074.0
MMR,1968,1869267.0
MMR,1969,1907110.0
MMR,1970,1945773.0
MMR,1971,1985219.0
MMR,1972,2025522.0
MMR,1973,2066526.0
MMR,1974,2108415.0
MMR,1975,2151153.0
MMR,1976,2194819.0
MMR,1977,2239246.0
MMR,1978,2284636.0
MMR,1979,2330946.0
MMR,1980,2378261.0
MMR,1981,2426402.0
MMR,1982,2475586.0
MMR,1983,2525975.0
MMR,1984,2578093.0
MMR,1985,2631138.0
MMR,1986,2685351.0
MMR,1987,2740680.0
MMR,1988,2797228.0
MMR,1989,2854783.0
MMR,1990,2913603.0
MMR,1991,2973636.0
MMR,1992,3034990.0
MMR,1993,3097437.0
MMR,1994,3161257.0
MMR,1995,3226392.0
MMR,1996,3292962.0
MMR,1997,3360716.0
MMR,1998,3429961.0
MMR,1999,3500632.0
MMR,2000,3572860.0
MMR,2001,3646374.0
MMR,2002,3721504.0
MMR,2003,3798183.0
MMR,2004,3876550.0
MMR,2005,3956312.0
MMR,2006,4037829.0
MMR,2007,4121025.0
MMR,2008,4206054.0
MMR,2009,4292595.0
MMR,2010,4381041.0
MMR,2011,4471308.0
MMR,2012,4563564.0
MMR,2013,4657462.0
MMR,2014,4753425.0
MMR,2015,4851365.0
MMR,2016,4951323.0
MMR,2017,5053341.0
MMR,2018,5157461.0
MMR,2019,5243989.0
MMR,2020,5331800.0
MMR,2021,5421806.0
MMR,2022,5514454.0
MMR,2023,5610241.0
MMR,2024,5709678.0
MMR,2025,5813186.0
MNG,1960,179063.0
MNG,1961,196682.0
MNG,1962,216063.0
MNG,1963,230820.0
MNG,1964,239394.0
MNG,1965,248262.0
MNG,1966,257471.0
MNG,1967,267022.0
MNG,1968,276941.0
MNG,1969,287126.0
MNG,1970,297615.0
MNG,1971,308487.0
MNG,1972,319773.0
MNG,1973,331438.0
MNG,1974,343546.0
MNG,1975,356097.0
MNG,1976,369124.0
MNG,1977,382589.0
MNG,1978,396566.0
MNG,1979,409968.0
MNG,1980,422651.0
MNG,1981,435691.0
MNG,1982,449152.0
MNG,1983,463028.0
MNG,1984,477353.0
MNG,1985,492080.0
MNG,1986,507283.0
MNG,1987,522956.0
MNG,1988,539135.0
MNG,1989,555373.0
MNG,1990,571692.0
MNG,1991,588491.0
MNG,1992,605807.0
MNG,1993,623583.0
MNG,1994,641907.0
MNG,1995,660769.0
MNG,1996,680212.0
MNG,1997,700171.0
MNG,1998,720745.0
MNG,1999,741923.0
MNG,2000,765122.0
MNG,2001,796057.0
MNG,2002,828288.0
MNG,2003,861825.0
MNG,2004,896768.0
MNG,2005,933026.0
MNG,2006,970804.0
MNG,2007,1010110.0
MNG,2008,1051066.0
MNG,2009,1093563.0
MNG,2010,1137840.0
MNG,2011,1181177.0
MNG,2012,1224623.0
MNG,2013,1269540.0
MNG,2014,1316169.0
MNG,2015,1364512.0
MNG,2016,1414700.0
MNG,2017,1466589.0
MNG,2018,1520381.0
MNG,2019,1552654.0
MNG,2020,1584358.0
MNG,2021,1615094.0
MNG,2022,1644544.0
MNG,2023,1672627.0
MNG,2024,1699363.0
MNG,2025,1724894.0
MOZ,1960,181223.0
MOZ,1961,194544.0
MOZ,1962,209034.0
MOZ,1963,224602.0
MOZ,1964,241355.0
MOZ,1965,259305.0
MOZ,1966,278618.0
MOZ,1967,299369.0
MOZ,1968,321698.0
MOZ,1969,345624.0
MOZ,1970,371366.0
MOZ,1971,391715.0
MOZ,1972,406806.0
MOZ,1973,422435.0
MOZ,1974,438687.0
MOZ,1975,455564.0
MOZ,1976,473115.0
MOZ,1977,491292.0
MOZ,1978,510193.0
MOZ,1979,529821.0
MOZ,1980,550233.0
MOZ,1981,569588.0
MOZ,1982,589481.0
MOZ,1983,610068.0
MOZ,1984,631404.0
MOZ,1985,653425.0
MOZ,1986,676246.0
MOZ,1987,699864.0
MOZ,1988,724341.0
MOZ,1989,749603.0
MOZ,1990,775783.0
MOZ,1991,802877.0
MOZ,1992,830956.0
MOZ,1993,859937.0
MOZ,1994,889970.0
MOZ,1995,921052.0
MOZ,1996,953265.0
MOZ,1997,986511.0
MOZ,1998,998585.0
MOZ,1999,1008730.0
MOZ,2000,1018992.0
MOZ,2001,1029330.0
MOZ,2002,1039787.0
MOZ,2003,1050351.0
MOZ,2004,1061036.0
MOZ,2005,1071801.0
MOZ,2006,1082689.0
MOZ,2007,1093689.0
MOZ,2008,1095226.0
MOZ,2009,1095878.0
MOZ,2010,1096531.0
MOZ,2011,1097185.0
MOZ,2012,1097839.0
MOZ,2013,1129019.0
MOZ,2014,1232663.0
MOZ,2015,1345821.0
MOZ,2016,1469545.0
MOZ,2017,1604256.0
MOZ,2018,1635392.0
MOZ,2019,1668740.0
MOZ,2020,1705886.0
MOZ,2021,1748247.0
MOZ,2022,1796872.0
MOZ,2023,1852405.0
MOZ,2024,1915035.0
MOZ,2025,1984662.0
MRT,1960,5254.0
MRT,1961,5616.0
MRT,1962,6603.0
MRT,1963,8544.0
MRT,1964,11059.0
MRT,1965,13879.0
MRT,1966,16952.0
MRT,1967,20704.0
MRT,1968,25295.0
MRT,1969,30887.0
MRT,1970,37725.0
MRT,1971,46077.0
MRT,1972,56294.0
MRT,1973,68738.0
MRT,1974,83956.0
MRT,1975,102543.0
MRT,1976,125279.0
MRT,1977,145045.0
MRT,1978,159131.0
MRT,1979,174585.0
MRT,1980,191563.0
MRT,1981,210139.0
MRT,1982,230546.0
MRT,1983,252935.0
MRT,1984,277534.0
MRT,1985,304447.0
MRT,1986,334012.0
MRT,1987,366449.0
MRT,1988,395937.0
MRT,1989,407099.0
MRT,1990,418593.0
MRT,1991,430411.0
MRT,1992,442580.0
MRT,1993,455057.0
MRT,1994,467905.0
MRT,1995,481115.0
MRT,1996,494717.0
MRT,1997,508665.0
MRT,1998,523026.0
MRT,1999,537792.0
MRT,2000,552997.0
MRT,2001,574557.0
MRT,2002,600164.0
MRT,2003,626913.0
MRT,2004,654893.0
MRT,2005,684040.0
MRT,2006,714527.0
MRT,2007,746373.0
MRT,2008,779685.0
MRT,2009,814386.0
MRT,2010,850682.0
MRT,2011,888597.0
MRT,2012,928256.0
MRT,2013,969570.0
MRT,2014,1012723.0
MRT,2015,1057796.0
MRT,2016,1104876.0
MRT,2017,1154050.0
MRT,2018,1205414.0
MRT,2019,1258973.0
MRT,2020,1314636.0
MRT,2021,1372244.0
MRT,2022,1431539.0
MRT,2023,1491958.0
MRT,2024,1552146.0
MRT,2025,1612940.0
MWI,1960,50199.0
MWI,1961,57026.0
MWI,1962,64792.0
MWI,1963,73617.0
MWI,1964,83658.0
MWI,1965,95035.0
MWI,1966,107978.0
MWI,1967,115735.0
MWI,1968,123197.0
MWI,1969,131118.0
MWI,1970,139560.0
MWI,1971,148545.0
MWI,1972,158123.0
MWI,1973,168289.0
MWI,1974,179125.0
MWI,1975,190658.0
MWI,1976,202951.0
MWI,1977,215999.0
MWI,1978,226314.0
MWI,1979,236059.0
MWI,1980,246238.0
MWI,1981,256825.0
MWI,1982,267884.0
MWI,1983,279419.0
MWI,1984,291467.0
MWI,1985,304000.0
MWI,1986,317090.0
MWI,1987,330743.0
MWI,1988,343611.0
MWI,1989,356649.0
MWI,1990,370199.0
MWI,1991,384265.0
MWI,1992,398886.0
MWI,1993,414020.0
MWI,1994,429751.0
MWI,1995,446080.0
MWI,1996,463052.0
MWI,1997,480622.0
MWI,1998,498883.0
MWI,1999,513955.0
MWI,2000,528689.0
MWI,2001,543802.0
MWI,2002,559370.0
MWI,2003,575383.0
MWI,2004,591877.0
MWI,2005,608797.0
MWI,2006,626225.0
MWI,2007,644152.0
MWI,2008,670822.0
MWI,2009,700189.0
MWI,2010,730841.0
MWI,2011,762835.0
MWI,2012,796230.0
MWI,2013,831086.0
MWI,2014,867469.0
MWI,2015,905444.0
MWI,2016,945082.0
MWI,2017,986455.0
MWI,2018,1029639.0
MWI,2019,1074695.0
MWI,2020,1121720.0
MWI,2021,1170870.0
MWI,2022,1222325.0
MWI,2023,1276316.0
MWI,2024,1333096.0
MWI,2025,1393006.0
MYS,1960,343527.0
MYS,1961,353010.0
MYS,1962,362768.0
MYS,1963,372796.0
MYS,1964,383116.0
MYS,1965,393692.0
MYS,1966,404576.0
MYS,1967,415760.0
MYS,1968,427269.0
MYS,1969,439064.0
MYS,1970,451201.0
MYS,1971,485787.0
MYS,1972,524721.0
MYS,1973,566654.0
MYS,1974,612004.0
MYS,1975,660984.0
MYS,1976,713959.0
MYS,1977,771016.0
MYS,1978,832722.0
MYS,1979,899365.0
MYS,1980,971445.0
MYS,1981,1049080.0
MYS,1982,1133039.0
MYS,1983,1223718.0
MYS,1984,1321794.0
MYS,1985,1427427.0
MYS,1986,1541666.0
MYS,1987,1665047.0
MYS,1988,1798493.0
MYS,1989,1942223.0
MYS,1990,2097661.0
MYS,1991,2265540.0
MYS,1992,2427445.0
MYS,1993,2597564.0
MYS,1994,2779865.0
MYS,1995,2974961.0
MYS,1996,3184046.0
MYS,1997,3407189.0
MYS,1998,3646311.0
MYS,1999,3902215.0
MYS,2000,4176469.0
MYS,2001,4317941.0
MYS,2002,4462708.0
MYS,2003,4612329.0
MYS,2004,4767182.0
MYS,2005,4926787.0
MYS,2006,5091967.0
MYS,2007,5262684.0
MYS,2008,5439373.0
MYS,2009,5621482.0
MYS,2010,5809953.0
MYS,2011,6004742.0
MYS,2012,6206062.0
MYS,2013,6414131.0
MYS,2014,6629176.0
MYS,2015,6851431.0
MYS,2016,7081137.0
MYS,2017,7318545.0
MYS,2018,7563912.0
MYS,2019,7780301.0
MYS,2020,7996830.0
MYS,2021,8210745.999999999
MYS,2022,8419566.0
MYS,2023,8621724.0
MYS,2024,8815630.0
MYS,2025,9000280.0
NAM,1960,35654.0
NAM,1961,37724.0
NAM,1962,39882.0
NAM,1963,42163.0
NAM,1964,44579.0
NAM,1965,47125.0
NAM,1966,49821.0
NAM,1967,52670.0
NAM,1968,55688.0
NAM,1969,58868.0
NAM,1970,62079.0
NAM,1971,64557.0
NAM,1972,67137.0
NAM,1973,69813.0
NAM,1974,72600.0
NAM,1975,75498.0
NAM,1976,78515.0
NAM,1977,81645.0
NAM,1978,84904.0
NAM,1979,88293.0
NAM,1980,91822.0
NAM,1981,95482.0
NAM,1982,99529.0
NAM,1983,103793.0
NAM,1984,108245.0
NAM,1985,112875.0
NAM,1986,117710.0
NAM,1987,122752.0
NAM,1988,128018.0
NAM,1989,133494.0
NAM,1990,139212.0
NAM,1991,145175.0
NAM,1992,152242.0
NAM,1993,160020.0
NAM,1994,168208.0
NAM,1995,176814.0
NAM,1996,185874.0
NAM,1997,195371.0
NAM,1998,205367.0
NAM,1999,215875.0
NAM,2000,226935.0
NAM,2001,236672.0
NAM,2002,244240.0
NAM,2003,252051.0
NAM,2004,260123.0
NAM,2005,268429.0
NAM,2006,277014.0
NAM,2007,285872.0
NAM,2008,295027.0
NAM,2009,304449.0
NAM,2010,314185.0
NAM,2011,324232.0
NAM,2012,334615.0
NAM,2013,345330.0
NAM,2014,356389.0
NAM,2015,367802.0
NAM,2016,379580.0
NAM,2017,391736.0
NAM,2018,404280.0
NAM,2019,417380.0
NAM,2020,431171.0
NAM,2021,445745.0
NAM,2022,461123.0
NAM,2023,477267.0
NAM,2024,494085.0
NAM,2025,511369.0
NER,1960,57548.0
NER,1961,62704.0
NER,1962,68329.0
NER,1963,73563.0
NER,1964,79206.0
NER,1965,85264.0
NER,1966,91795.0
NER,1967,99986.0
NER,1968,108920.0
NER,1969,118624.0
NER,1970,129209.0
NER,1971,140737.0
NER,1972,153313.0
NER,1973,166973.0
NER,1974,181871.0
NER,1975,198099.0
NER,1976,215800.0
NER,1977,235027.0
NER,1978,250032.0
NER,1979,262032.0
NER,1980,274625.0
NER,1981,287786.0
NER,1982,301598.0
NER,1983,316072.0
NER,1984,331262.0
NER,1985,347138.0
NER,1986,363798.0
NER,1987,381257.0
NER,1988,399552.0
NER,1989,418439.0
NER,1990,438246.0
NER,1991,458991.0
NER,1992,480749.0
NER,1993,503474.0
NER,1994,527307.0
NER,1995,552268.0
NER,1996,578447.0
NER,1997,605790.0
NER,1998,634466.0
NER,1999,664500.0
NER,2000,695999.0
NER,2001,727546.0
NER,2002,749785.0
NER,2003,772704.0
NER,2004,796357.0
NER,2005,820665.0
NER,2006,845751.0
NER,2007,871603.0
NER,2008,898283.0
NER,2009,925702.0
NER,2010,953998.0
NER,2011,983159.0
NER,2012,1013254.0
NER,2013,1044183.0
NER,2014,1076101.0
NER,2015,1108994.0
NER,2016,1142940.0
NER,2017,1177828.0
NER,2018,1213781.0
NER,2019,1251511.0
NER,2020,1291848.0
NER,2021,1335700.0
NER,2022,1383909.0
NER,2023,1437233.0
NER,2024,1496258.0
NER,2025,1561491.0
NGA,1960,762418.0
NGA,1961,840287.0
NGA,1962,926233.0
NGA,1963,1020969.0
NGA,1964,1086830.0
NGA,1965,1135439.0
NGA,1966,1186292.0
NGA,1967,1239424.0
NGA,1968,1295014.0
NGA,1969,1352933.0
NGA,1970,1413528.0
NGA,1971,1476837.0
NGA,1972,1570870.0
NGA,1973,1670607.0
NGA,1974,1776828.0
NGA,1975,1889802.0
NGA,1976,2010130.0
NGA,1977,2137756.0
NGA,1978,2273679.0
NGA,1979,2418243.0
NGA,1980,2572218.0
NGA,1981,2735532.0
NGA,1982,2909463.0
NGA,1983,3094452.0
NGA,1984,3291482.0
NGA,1985,3500464.0
NGA,1986,3723030.0
NGA,1987,3959747.0
NGA,1988,4211873.0
NGA,1989,4479291.0
NGA,1990,4764093.0
NGA,1991,5067003.0
NGA,1992,5318226.0
NGA,1993,5530879.0
NGA,1994,5752346.0
NGA,1995,5982680.0
NGA,1996,6222575.0
NGA,1997,6471389.0
NGA,1998,6730516.0
NGA,1999,7000018.0
NGA,2000,7280706.0
NGA,2001,7571830.0
NGA,2002,7875021.0
NGA,2003,8190352.0
NGA,2004,8518770.0
NGA,2005,8859399.0
NGA,2006,9194896.0
NGA,2007,9491778.0
NGA,2008,9798673.0
NGA,2009,10114606.0
NGA,2010,10441182.0
NGA,2011,10778303.0
NGA,2012,11126796.0
NGA,2013,11485551.0
NGA,2014,11856391.0
NGA,2015,12239206.0
NGA,2016,12634381.0
NGA,2017,13042316.0
NGA,2018,13463421.0
NGA,2019,13903620.0
NGA,2020,14368332.0
NGA,2021,14862111.0
NGA,2022,15387639.0
NGA,2023,15945912.0
NGA,2024,16536018.0
NGA,2025,17156393.0
NIC,1960,198594.0
NIC,1961,210680.0
NIC,1962,223519.0
NIC,1963,237265.0
NIC,1964,252464.0
NIC,1965,268591.0
NIC,1966,285773.0
NIC,1967,304053.0
NIC,1968,323530.0
NIC,1969,344197.0
NIC,1970,366215.0
NIC,1971,387470.0
NIC,1972,400761.0
NIC,1973,414470.0
NIC,1974,428668.0
NIC,1975,443352.0
NIC,1976,458560.0
NIC,1977,474246.0
NIC,1978,490491.0
NIC,1979,507293.0
NIC,1980,524694.0
NIC,1981,542642.0
NIC,1982,561230.0
NIC,1983,580455.0
NIC,1984,600367.0
NIC,1985,620903.0
NIC,1986,642172.0
NIC,1987,664170.0
NIC,1988,686953.0
NIC,1989,710451.0
NIC,1990,734788.0
NIC,1991,759958.0
NIC,1992,786027.0
NIC,1993,812914.0
NIC,1994,840760.0
NIC,1995,864993.0
NIC,1996,869323.0
NIC,1997,873664.0
NIC,1998,878032.0
NIC,1999,882422.0
NIC,2000,886840.0
NIC,2001,891268.0
NIC,2002,895725.0
NIC,2003,900203.0
NIC,2004,904710.0
NIC,2005,910222.0
NIC,2006,928401.0
NIC,2007,946942.0
NIC,2008,965880.0
NIC,2009,985143.0
NIC,2010,991925.0
NIC,2011,998755.0
NIC,2012,1005640.0
NIC,2013,1012554.0
NIC,2014,1019526.0
NIC,2015,1026545.0
NIC,2016,1033622.0
NIC,2017,1040748.0
NIC,2018,1047923.0
NIC,2019,1055472.0
NIC,2020,1063698.0
NIC,2021,1072852.0
NIC,2022,1083094.0
NIC,2023,1094510.0
NIC,2024,1107118.0
NIC,2025,1120897.0
NLD,1960,937458.0
NLD,1961,943852.0
NLD,1962,950298.0
NLD,1963,956788.0
NLD,1964,963331.0
NLD,1965,967143.0
NLD,1966,968171.0
NLD,1967,969201.0
NLD,1968,970234.0
NLD,1969,971264.0
NLD,1970,967479.0
NLD,1971,958853.0
NLD,1972,951394.0
NLD,1973,963589.0
NLD,1974,975958.0
NLD,1975,978461.0
NLD,1976,970850.0
NLD,1977,963318.0
NLD,1978,955834.0
NLD,1979,948408.0
NLD,1980,940603.0
NLD,1981,932455.0
NLD,1982,924367.0
NLD,1983,922076.0
NLD,1984,925462.0
NLD,1985,929244.0
NLD,1986,933448.0
NLD,1987,937670.0
NLD,1988,941918.0
NLD,1989,946174.0
NLD,1990,951473.0
NLD,1991,957845.0
NLD,1992,964269.0
NLD,1993,970717.0
NLD,1994,980378.0
NLD,1995,987823.0
NLD,1996,991148.0
NLD,1997,994475.0
NLD,1998,997818.0
NLD,1999,1001173.0
NLD,2000,1004643.0
NLD,2001,1008217.0
NLD,2002,1011808.0
NLD,2003,1015413.0
NLD,2004,1019035.0
NLD,2005,1024731.0
NLD,2006,1032587.0
NLD,2007,1040503.0
NLD,2008,1048491.0
NLD,2009,1056518.0
NLD,2010,1064617.0
NLD,2011,1072779.0
NLD,2012,1081015.0
NLD,2013,1089290.0
NLD,2014,1097641.0
NLD,2015,1106056.0
NLD,2016,1114536.0
NLD,2017,1123080.0
NLD,2018,1131690.0
NLD,2019,1140339.0
NLD,2020,1148972.0
NLD,2021,1157519.0
NLD,2022,1165898.0
NLD,2023,1174025.0
NLD,2024,1181817.0
NLD,2025,1189205.0
NOR,1960,578044.0
NOR,1961,585230.0
NOR,1962,591398.0
NOR,1963,597630.0
NOR,1964,603937.0
NOR,1965,610293.0
NOR,1966,616725.0
NOR,1967,623224.0
NOR,1968,629802.0
NOR,1969,636430.0
NOR,1970,643137.0
NOR,1971,645250.0
NOR,1972,645003.0
NOR,1973,644757.0
NOR,1974,644511.0
NOR,1975,644265.0
NOR,1976,644019.0
NOR,1977,643774.0
NOR,1978,643528.0
NOR,1979,643282.0
NOR,1980,643036.0
NOR,1981,645690.0
NOR,1982,649841.0
NOR,1983,654019.0
NOR,1984,658230.0
NOR,1985,662456.0
NOR,1986,666715.0
NOR,1987,671002.0
NOR,1988,675322.0
NOR,1989,679657.0
NOR,1990,684027.0
NOR,1991,691539.0
NOR,1992,700790.0
NOR,1993,710140.0
NOR,1994,719628.0
NOR,1995,729242.0
NOR,1996,738998.0
NOR,1997,748858.0
NOR,1998,758863.0
NOR,1999,767207.0
NOR,2000,773811.0
NOR,2001,780454.0
NOR,2002,788367.0
NOR,2003,797599.0
NOR,2004,806951.0
NOR,2005,818478.0
NOR,2006,832344.0
NOR,2007,847482.0
NOR,2008,863994.0
NOR,2009,880780.0
NOR,2010,897916.0
NOR,2011,913306.0
NOR,2012,926833.0
NOR,2013,940522.0
NOR,2014,954433.0
NOR,2015,968549.0
NOR,2016,982894.0
NOR,2017,997451.0
NOR,2018,1012225.0
NOR,2019,1026758.0
NOR,2020,1041378.0
NOR,2021,1056180.0
NOR,2022,1071062.0
NOR,2023,1085992.0
NOR,2024,1100868.0
NOR,2025,1115584.0
NPL,1960,119177.0
NPL,1961,121084.0
NPL,1962,123745.0
NPL,1963,126464.0
NPL,1964,129247.0
NPL,1965,132083.0
NPL,1966,134985.0
NPL,1967,137951.0
NPL,1968,140987.0
NPL,1969,144081.0
NPL,1970,147247.0
NPL,1971,150568.0
NPL,1972,157460.0
NPL,1973,164647.0
NPL,1974,172173.0
NPL,1975,180043.0
NPL,1976,188284.0
NPL,1977,196878.0
NPL,1978,205878.0
NPL,1979,215288.0
NPL,1980,225143.0
NPL,1981,235498.0
NPL,1982,249635.0
NPL,1983,264621.0
NPL,1984,280529.0
NPL,1985,297346.0
NPL,1986,315196.0
NPL,1987,334117.0
NPL,1988,354203.0
NPL,1989,375436.0
NPL,1990,397973.0
NPL,1991,421743.0
NPL,1992,441925.0
NPL,1993,463012.0
NPL,1994,485137.0
NPL,1995,508319.0
NPL,1996,532644.0
NPL,1997,558060.0
NPL,1998,584727.0
NPL,1999,612668.0
NPL,2000,641986.0
NPL,2001,672511.0
NPL,2002,700027.0
NPL,2003,728669.0
NPL,2004,758524.0
NPL,2005,789516.0
NPL,2006,821820.0
NPL,2007,855445.0
NPL,2008,890495.0
NPL,2009,926879.0
NPL,2010,964802.0
NPL,2011,1004278.0
NPL,2012,1045369.0
NPL,2013,1088142.0
NPL,2014,1132664.0
NPL,2015,1179009.0
NPL,2016,1227249.0
NPL,2017,1277463.0
NPL,2018,1329732.0
NPL,2019,1376108.0
NPL,2020,1423515.0
NPL,2021,1471867.0
NPL,2022,1521057.0
NPL,2023,1571010.0
NPL,2024,1621642.0
NPL,2025,1672903.0
NZL,1960,440164.0
NZL,1961,452080.0
NZL,1962,470862.0
NZL,1963,490424.0
NZL,1964,510827.0
NZL,1965,532019.0
NZL,1966,553163.0
NZL,1967,572549.0
NZL,1968,592643.0
NZL,1969,613383.0
NZL,1970,634880.0
NZL,1971,655680.0
NZL,1972,673232.0
NZL,1973,691204.0
NZL,1974,709682.0
NZL,1975,728654.0
NZL,1976,744730.0
NZL,1977,751878.0
NZL,1978,759105.0
NZL,1979,766402.0
NZL,1980,773779.0
NZL,1981,781206.0
NZL,1982,788715.0
NZL,1983,796296.0
NZL,1984,803961.0
NZL,1985,811678.0
NZL,1986,820790.0
NZL,1987,832749.0
NZL,1988,844899.0
NZL,1989,857192.0
NZL,1990,869681.0
NZL,1991,887073.0
NZL,1992,915015.0
NZL,1993,943756.0
NZL,1994,973442.0
NZL,1995,1004061.0
NZL,1996,1035649.0
NZL,1997,1053801.0
NZL,1998,1072297.0
NZL,1999,1091117.0
NZL,2000,1110294.0
NZL,2001,1129774.0
NZL,2002,1157047.0
NZL,2003,1184978.0
NZL,2004,1213624.0
NZL,2005,1242880.0
NZL,2006,1272842.0
NZL,2007,1288150.0
NZL,2008,1303663.0
NZL,2009,1319320.0
NZL,2010,1335187.0
NZL,2011,1351275.0
NZL,2012,1378916.0
NZL,2013,1407043.0
NZL,2014,1435785.0
NZL,2015,1465113.0
NZL,2016,1495083.0
NZL,2017,1525666.0
NZL,2018,1556875.0
NZL,2019,1582028.0
NZL,2020,1606564.0
NZL,2021,1630092.0
NZL,2022,1652341.0
NZL,2023,1673220.0
NZL,2024,1692770.0
NZL,2025,1711127.0
OMN,1960,13792.0
OMN,1961,15364.0
OMN,1962,17118.0
OMN,1963,19072.0
OMN,1964,21253.0
OMN,1965,23675.0
OMN,1966,26378.0
OMN,1967,29390.0
OMN,1968,32750.0
OMN,1969,36483.0
OMN,1970,40648.0
OMN,1971,45288.0
OMN,1972,50465.0
OMN,1973,56218.0
OMN,1974,62636.0
OMN,1975,69786.0
OMN,1976,77765.0
OMN,1977,86629.0
OMN,1978,96519.0
OMN,1979,107537.0
OMN,1980,119832.0
OMN,1981,133492.0
OMN,1982,148731.0
OMN,1983,165710.0
OMN,1984,184655.0
OMN,1985,205704.0
OMN,1986,229187.0
OMN,1987,255351.0
OMN,1988,284544.0
OMN,1989,316980.0
OMN,1990,353166.0
OMN,1991,393483.0
OMN,1992,438468.0
OMN,1993,488451.0
OMN,1994,515539.0
OMN,1995,523284.0
OMN,1996,531156.0
OMN,1997,539125.0
OMN,1998,547224.0
OMN,1999,555445.0
OMN,2000,563802.0
OMN,2001,572260.0
OMN,2002,580857.0
OMN,2003,589584.0
OMN,2004,603489.0
OMN,2005,621669.0
OMN,2006,640423.0
OMN,2007,659743.0
OMN,2008,679674.0
OMN,2009,700149.0
OMN,2010,721270.0
OMN,2011,774615.0
OMN,2012,860772.0
OMN,2013,956235.0
OMN,2014,1062439.0
OMN,2015,1180439.0
OMN,2016,1311734.0
OMN,2017,1377500.0
OMN,2018,1446563.0
OMN,2019,1501635.0
OMN,2020,1549729.0
OMN,2021,1589865.0
OMN,2022,1622620.0
OMN,2023,1650319.0
OMN,2024,1676167.0
OMN,2025,1702506.0
PAK,1960,1853325.0
PAK,1961,1953609.0
PAK,1962,2057826.0
PAK,1963,2167603.0
PAK,1964,2283399.0
PAK,1965,2405037.0
PAK,1966,2533336.0
PAK,1967,2668479.0
PAK,1968,2811033.0
PAK,1969,2960778.0
PAK,1970,3118723.0
PAK,1971,3285094.0
PAK,1972,3460589.0
PAK,1973,3630853.0
PAK,1974,3805807.0
PAK,1975,3989191.0
PAK,1976,4181682.0
PAK,1977,4382894.0
PAK,1978,4594086.0
PAK,1979,4815453.0
PAK,1980,5047815.0
PAK,1981,5267490.0
PAK,1982,5449148.0
PAK,1983,5637071.0
PAK,1984,5831747.0
PAK,1985,6032582.0
PAK,1986,6240626.0
PAK,1987,6455844.0
PAK,1988,6678796.0
PAK,1989,6908802.0
PAK,1990,7147064.0
PAK,1991,7393542.0
PAK,1992,7648877.0
PAK,1993,7912292.0
PAK,1994,8185160.0
PAK,1995,8467439.0
PAK,1996,8759861.0
PAK,1997,9061536.0
PAK,1998,9346317.0
PAK,1999,9582649.0
PAK,2000,9825295.0
PAK,2001,10073392.0
PAK,2002,10328109.0
PAK,2003,10589266.0
PAK,2004,10857401.0
PAK,2005,11131559.0
PAK,2006,11413033.0
PAK,2007,11701624.0
PAK,2008,11997925.0
PAK,2009,12300883.0
PAK,2010,12611924.0
PAK,2011,12930831.0
PAK,2012,13258257.0
PAK,2013,13593039.0
PAK,2014,13936754.0
PAK,2015,14289160.0
PAK,2016,14650981.0
PAK,2017,15020931.0
PAK,2018,15400223.0
PAK,2019,15741406.0
PAK,2020,16093786.0
PAK,2021,16459472.000000002
PAK,2022,16839950.0
PAK,2023,17236230.0
PAK,2024,17648555.0
PAK,2025,18076794.0
PAN,1960,282895.0
PAN,1961,297071.0
PAN,1962,311597.0
PAN,1963,326833.0
PAN,1964,342836.0
PAN,1965,359575.0
PAN,1966,377157.0
PAN,1967,395598.0
PAN,1968,414968.0
PAN,1969,435229.0
PAN,1970,455341.0
PAN,1971,469082.0
PAN,1972,483258.0
PAN,1973,497821.0
PAN,1974,512844.0
PAN,1975,528321.0
PAN,1976,544287.0
PAN,1977,560690.0
PAN,1978,577610.0
PAN,1979,595041.0
PAN,1980,613255.0
PAN,1981,633447.0
PAN,1982,654333.0
PAN,1983,675908.0
PAN,1984,698225.0
PAN,1985,721215.0
PAN,1986,744995.0
PAN,1987,769559.0
PAN,1988,794969.0
PAN,1989,821144.0
PAN,1990,848639.0
PAN,1991,879855.0
PAN,1992,912266.0
PAN,1993,945777.0
PAN,1994,980567.0
PAN,1995,1016637.0
PAN,1996,1054086.0
PAN,1997,1092806.0
PAN,1998,1133004.0
PAN,1999,1174681.0
PAN,2000,1215684.0
PAN,2001,1241812.0
PAN,2002,1268538.0
PAN,2003,1295840.0
PAN,2004,1323768.0
PAN,2005,1352219.0
PAN,2006,1381322.0
PAN,2007,1411051.0
PAN,2008,1441462.0
PAN,2009,1472442.0
PAN,2010,1504133.0
PAN,2011,1536506.0
PAN,2012,1569576.0
PAN,2013,1603358.0
PAN,2014,1637866.0
PAN,2015,1673118.0
PAN,2016,1709128.0
PAN,2017,1745913.0
PAN,2018,1783490.0
PAN,2019,1821693.0
PAN,2020,1860291.0
PAN,2021,1899081.0
PAN,2022,1937963.0
PAN,2023,1976866.0
PAN,2024,2015735.0
PAN,2025,2054541.0
PER,1960,1755920.0
PER,1961,1845658.0
PER,1962,1946579.0
PER,1963,2053037.0
PER,1964,2165476.0
PER,1965,2283738.0
PER,1966,2408636.0
PER,1967,2540364.0
PER,1968,2679493.0
PER,1969,2825827.0
PER,1970,2980371.0
PER,1971,3143367.0
PER,1972,3311451.0
PER,1973,3434706.0
PER,1974,3562728.0
PER,1975,3695522.0
PER,1976,3833458.0
PER,1977,3976143.0
PER,1978,4124346.0
PER,1979,4278073.0
PER,1980,4437754.0
PER,1981,4602931.0
PER,1982,4727282.0
PER,1983,4853494.0
PER,1984,4983256.0
PER,1985,5116117.0
PER,1986,5252710.0
PER,1987,5392950.0
PER,1988,5537135.0
PER,1989,5684762.0
PER,1990,5836537.0
PER,1991,5992365.0
PER,1992,6152576.0
PER,1993,6316612.0
PER,1994,6448579.0
PER,1995,6582251.0
PER,1996,6718884.0
PER,1997,6857966.0
PER,1998,7000124.0
PER,1999,7145230.0
PER,2000,7293549.0
PER,2001,7444526.0
PER,2002,7598844.0
PER,2003,7756360.0
PER,2004,7917365.0
PER,2005,8081255.0
PER,2006,8248771.000000001
PER,2007,8419760.0
PER,2008,8585977.0
PER,2009,8751162.0
PER,2010,8919759.0
PER,2011,9091604.0
PER,2012,9267004.0
PER,2013,9445291.0
PER,2014,9627261.0
PER,2015,9812737.0
PER,2016,10002049.0
PER,2017,10194477.0
PER,2018,10390607.0
PER,2019,10554712.0
PER,2020,10719188.0
PER,2021,10882757.0
PER,2022,11044607.0
PER,2023,11204382.0
PER,2024,11361938.0
PER,2025,11517333.0
PHL,1960,2273734.0
PHL,1961,2375165.0
PHL,1962,2481270.0
PHL,1963,2592116.0
PHL,1964,2708076.0
PHL,1965,2828883.0
PHL,1966,2955257.0
PHL,1967,3087277.0
PHL,1968,3225389.0
PHL,1969,3369273.0
PHL,1970,3534309.0
PHL,1971,3792617.0
PHL,1972,4070198.0
PHL,1973,4367247.0
PHL,1974,4686431.0
PHL,1975,4999303.0
PHL,1976,5178502.0
PHL,1977,5363605.0
PHL,1978,5555593.0
PHL,1979,5754453.0
PHL,1980,5954719.0
PHL,1981,6130455.0
PHL,1982,6311630.0
PHL,1983,6498160.0
PHL,1984,6690471.0
PHL,1985,6887920.0
PHL,1986,7091481.0
PHL,1987,7301058.0
PHL,1988,7517130.0
PHL,1989,7738976.0
PHL,1990,7972799.0
PHL,1991,8239973.0
PHL,1992,8516488.0
PHL,1993,8801482.0
PHL,1994,9096427.0
PHL,1995,9401255.0
PHL,1996,9537615.0
PHL,1997,9638964.0
PHL,1998,9741532.0
PHL,1999,9845191.0
PHL,2000,9957962.0
PHL,2001,10111528.0
PHL,2002,10267680.0
PHL,2003,10426243.0
PHL,2004,10587478.0
PHL,2005,10750752.0
PHL,2006,10916775.0
PHL,2007,11085362.0
PHL,2008,11346468.0
PHL,2009,11621500.0
PHL,2010,11887189.0
PHL,2011,12075689.0
PHL,2012,12267444.0
PHL,2013,12461704.0
PHL,2014,12659314.0
PHL,2015,12860058.0
PHL,2016,13064268.0
PHL,2017,13271721.0
PHL,2018,13482468.0
PHL,2019,13698889.0
PHL,2020,13923452.0
PHL,2021,14158573.0
PHL,2022,14406059.0
PHL,2023,14667089.0
PHL,2024,14941953.0
PHL,2025,15230559.0
PNG,1960,29103.0
PNG,1961,30953.0
PNG,1962,32923.0
PNG,1963,35018.0
PNG,1964,37251.0
PNG,1965,39618.0
PNG,1966,42147.0
PNG,1967,47466.0
PNG,1968,53465.0
PNG,1969,60203.0
PNG,1970,67801.0
PNG,1971,76358.0
PNG,1972,80535.0
PNG,1973,84835.0
PNG,1974,89372.0
PNG,1975,94151.0
PNG,1976,99192.0
PNG,1977,104489.0
PNG,1978,110076.0
PNG,1979,115963.0
PNG,1980,122172.0
PNG,1981,128172.0
PNG,1982,134314.0
PNG,1983,140750.0
PNG,1984,147504.0
PNG,1985,154563.0
PNG,1986,161969.0
PNG,1987,169731.0
PNG,1988,177876.0
PNG,1989,186388.0
PNG,1990,195319.0
PNG,1991,200620.0
PNG,1992,205957.0
PNG,1993,211419.0
PNG,1994,217035.0
PNG,1995,222800.0
PNG,1996,228726.0
PNG,1997,234793.0
PNG,1998,241029.0
PNG,1999,247431.0
PNG,2000,254012.0
PNG,2001,259275.0
PNG,2002,264620.0
PNG,2003,270075.0
PNG,2004,275651.0
PNG,2005,281326.0
PNG,2006,287126.0
PNG,2007,293045.0
PNG,2008,299095.0
PNG,2009,305252.0
PNG,2010,311545.0
PNG,2011,317968.0
PNG,2012,324532.0
PNG,2013,331232.0
PNG,2014,338069.0
PNG,2015,345048.0
PNG,2016,352171.0
PNG,2017,359441.0
PNG,2018,366862.0
PNG,2019,374517.0
PNG,2020,382516.0
PNG,2021,390986.0
PNG,2022,400051.0
PNG,2023,409831.0
PNG,2024,420419.0
PNG,2025,431903.0
POL,1960,1119181.0
POL,1961,1145117.0
POL,1962,1161377.0
POL,1963,1177868.0
POL,1964,1194617.0
POL,1965,1211556.0
POL,1966,1228760.0
POL,1967,1246208.0
POL,1968,1263928.0
POL,1969,1281850.0
POL,1970,1300052.0
POL,1971,1324116.0
POL,1972,1353138.0
POL,1973,1382714.0
POL,1974,1412978.0
POL,1975,1443904.0
POL,1976,1475552.0
POL,1977,1507803.0
POL,1978,1540805.0
POL,1979,1558887.0
POL,1980,1565082.0
POL,1981,1571284.0
POL,1982,1577520.0
POL,1983,1583780.0
POL,1984,1590074.0
POL,1985,1596375.0
POL,1986,1602710.0
POL,1987,1609071.0
POL,1988,1615465.0
POL,1989,1621867.0
POL,1990,1628303.0
POL,1991,1634765.0
POL,1992,1641262.0
POL,1993,1645947.0
POL,1994,1648822.0
POL,1995,1651702.0
POL,1996,1654592.0
POL,1997,1657478.0
POL,1998,1660373.0
POL,1999,1663274.0
POL,2000,1666183.0
POL,2001,1669090.0
POL,2002,1672106.0
POL,2003,1675899.0
POL,2004,1679705.0
POL,2005,1683510.0
POL,2006,1687328.0
POL,2007,1691156.0
POL,2008,1694997.0
POL,2009,1698836.0
POL,2010,1702689.0
POL,2011,1706551.0
POL,2012,1712984.0
POL,2013,1721992.0
POL,2014,1731060.0
POL,2015,1740175.0
POL,2016,1749352.0
POL,2017,1758551.0
POL,2018,1767798.0
POL,2019,1775933.0
POL,2020,1783251.0
POL,2021,1789620.0
POL,2022,1794532.0
POL,2023,1797516.0
POL,2024,1799451.0
POL,2025,1800233.0
PRI,1960,596271.0
PRI,1961,622536.0
PRI,1962,649997.0
PRI,1963,678669.0
PRI,1964,708648.0
PRI,1965,739864.0
PRI,1966,772500.0
PRI,1967,806576.0
PRI,1968,842205.0
PRI,1969,879303.0
PRI,1970,915302.0
PRI,1971,944089.0
PRI,1972,973823.0
PRI,1973,1004408.0
PRI,1974,1035998.0
PRI,1975,1068581.0
PRI,1976,1102236.0
PRI,1977,1136853.0
PRI,1978,1172608.0
PRI,1979,1209488.0
PRI,1980,1257531.0
PRI,1981,1339076.0
PRI,1982,1426034.0
PRI,1983,1518638.0
PRI,1984,1617395.0
PRI,1985,1722277.0
PRI,1986,1834118.0
PRI,1987,1953223.0
PRI,1988,2080242.0
PRI,1989,2215137.0
PRI,1990,2326750.0
PRI,1991,2344812.0
PRI,1992,2363039.0
PRI,1993,2381357.0
PRI,1994,2399843.0
PRI,1995,2418472.0
PRI,1996,2437271.0
PRI,1997,2456165.0
PRI,1998,2475231.0
PRI,1999,2494445.0
PRI,2000,2508254.0
PRI,2001,2505232.0
PRI,2002,2502209.0
PRI,2003,2499190.0
PRI,2004,2496171.0
PRI,2005,2493163.0
PRI,2006,2490155.0
PRI,2007,2487151.0
PRI,2008,2484146.0
PRI,2009,2481153.0
PRI,2010,2478159.0
PRI,2011,2475169.0
PRI,2012,2472182.0
PRI,2013,2469199.0
PRI,2014,2466219.0
PRI,2015,2463243.0
PRI,2016,2460271.0
PRI,2017,2457302.0
PRI,2018,2454337.0
PRI,2019,2451375.0
PRI,2020,2448417.0
PRI,2021,2445462.0
PRI,2022,2442512.0
PRI,2023,2439564.0
PRI,2024,2436620.0
PRI,2025,2433680.0
PRK,1960,645814.0
PRK,1961,665055.0
PRK,1962,689696.0
PRK,1963,715249.0
PRK,1964,741786.0
PRK,1965,769231.0
PRK,1966,797731.0
PRK,1967,827287.0
PRK,1968,871081.0
PRK,1969,927094.0
PRK,1970,986793.0
PRK,1971,1050338.0
PRK,1972,1118070.0
PRK,1973,1189965.0
PRK,1974,1266592.0
PRK,1975,1348153.0
PRK,1976,1435090.0
PRK,1977,1527371.0
PRK,1978,1625725.0
PRK,1979,1730413.0
PRK,1980,1842000.0
PRK,1981,1907720.0
PRK,1982,1975881.0
PRK,1983,2046476.0
PRK,1984,2119697.0
PRK,1985,2195325.0
PRK,1986,2273761.0
PRK,1987,2355000.0
PRK,1988,2410740.0
PRK,1989,2467640.0
PRK,1990,2525965.0
PRK,1991,2585668.0
PRK,1992,2646867.0
PRK,1993,2709341.0
PRK,1994,2743998.0
PRK,1995,2749496.0
PRK,1996,2755013.0
PRK,1997,2760526.0
PRK,1998,2766057.0
PRK,1999,2771600.0
PRK,2000,2777161.0
PRK,2001,2782719.0
PRK,2002,2788295.0
PRK,2003,2793882.0
PRK,2004,2799488.0
PRK,2005,2805090.0
PRK,2006,2810710.0
PRK,2007,2816343.0
PRK,2008,2821994.0
PRK,2009,2839304.0
PRK,2010,2860710.0
PRK,2011,2882276.0
PRK,2012,2904035.0
PRK,2013,2925898.0
PRK,2014,2947956.0
PRK,2015,2970180.0
PRK,2016,2992572.0
PRK,2017,3015132.0
PRK,2018,3037862.0
PRK,2019,3060864.0
PRK,2020,3084244.0
PRK,2021,3108108.0
PRK,2022,3132527.0
PRK,2023,3157538.0
PRK,2024,3183135.0
PRK,2025,3209302.0
PRT,1960,1513856.0
PRT,1961,1539498.0
PRT,1962,1568069.0
PRT,1963,1597170.0
PRT,1964,1626853.0
PRT,1965,1657003.0
PRT,1966,1687755.0
PRT,1967,1719078.0
PRT,1968,1751026.0
PRT,1969,1783478.0
PRT,1970,1816577.0
PRT,1971,1862402.0
PRT,1972,1919999.0
PRT,1973,1979211.0
PRT,1974,2040335.0
PRT,1975,2103347.0
PRT,1976,2168396.0
PRT,1977,2235269.0
PRT,1978,2304300.0
PRT,1979,2375464.0
PRT,1980,2448928.0
PRT,1981,2503147.0
PRT,1982,2506915.0
PRT,1983,2510689.0
PRT,1984,2514473.0
PRT,1985,2518253.0
PRT,1986,2522044.0
PRT,1987,2525840.0
PRT,1988,2529647.0
PRT,1989,2533450.0
PRT,1990,2537263.0
PRT,1991,2543228.0
PRT,1992,2557289.0
PRT,1993,2571389.0
PRT,1994,2585585.0
PRT,1995,2599861.0
PRT,1996,2614235.0
PRT,1997,2628648.0
PRT,1998,2643161.0
PRT,1999,2657754.0
PRT,2000,2672448.0
PRT,2001,2686804.0
PRT,2002,2700389.0
PRT,2003,2714041.0
PRT,2004,2727782.0
PRT,2005,2741554.0
PRT,2006,2755415.0
PRT,2007,2769346.0
PRT,2008,2783367.0
PRT,2009,2797419.0
PRT,2010,2811563.0
PRT,2011,2825778.0
PRT,2012,2840065.0
PRT,2013,2854424.0
PRT,2014,2868856.0
PRT,2015,2883360.0
PRT,2016,2897938.0
PRT,2017,2912590.0
PRT,2018,2927316.0
PRT,2019,2942097.0
PRT,2020,2956879.0
PRT,2021,2971587.0
PRT,2022,2986162.0
PRT,2023,3000536.0
PRT,2024,3014607.0
PRT,2025,3028268.0
PRY,1960,384961.0
PRY,1961,400426.0
PRY,1962,416535.0
PRY,1963,432019.0
PRY,1964,447561.0
PRY,1965,463617.0
PRY,1966,480272.0
PRY,1967,497526.0
PRY,1968,515424.0
PRY,1969,533914.0
PRY,1970,553095.0
PRY,1971,572965.0
PRY,1972,593577.0
PRY,1973,613584.0
PRY,1974,634265.0
PRY,1975,655642.0
PRY,1976,677772.0
PRY,1977,700584.0
PRY,1978,724197.0
PRY,1979,748606.0
PRY,1980,773873.0
PRY,1981,799919.0
PRY,1982,826881.0
PRY,1983,857070.0
PRY,1984,888480.0
PRY,1985,920949.0
PRY,1986,954653.0
PRY,1987,989590.0
PRY,1988,1025857.0
PRY,1989,1063348.0
PRY,1990,1102263.0
PRY,1991,1142602.0
PRY,1992,1184476.0
PRY,1993,1237512.0
PRY,1994,1294894.0
PRY,1995,1354937.0
PRY,1996,1417852.0
PRY,1997,1483504.0
PRY,1998,1552292.0
PRY,1999,1624270.0
PRY,2000,1699692.0
PRY,2001,1778393.0
PRY,2002,1860855.0
PRY,2003,1947838.0
PRY,2004,2039162.0
PRY,2005,2134498.0
PRY,2006,2234432.0
PRY,2007,2339045.0
PRY,2008,2448710.0
PRY,2009,2516773.0
PRY,2010,2586826.0
PRY,2011,2658829.0
PRY,2012,2732939.0
PRY,2013,2808903.0
PRY,2014,2887087.0
PRY,2015,2967447.0
PRY,2016,3050044.0
PRY,2017,3134940.0
PRY,2018,3222199.0
PRY,2019,3279160.0
PRY,2020,3336562.0
PRY,2021,3394309.0
PRY,2022,3452315.0
PRY,2023,3510511.0
PRY,2024,3568830.0
PRY,2025,3627225.0
PSE,1960,91135.0
PSE,1961,94491.0
PSE,1962,97975.0
PSE,1963,101588.0
PSE,1964,105340.0
PSE,1965,109219.0
PSE,1966,113247.0
PSE,1967,117423.0
PSE,1968,121759.0
PSE,1969,126243.0
PSE,1970,130899.0
PSE,1971,135726.0
PSE,1972,140738.0
PSE,1973,145921.0
PSE,1974,151302.0
PSE,1975,156881.0
PSE,1976,162675.0
PSE,1977,168665.0
PSE,1978,174885.0
PSE,1979,181334.0
PSE,1980,188031.0
PSE,1981,194955.0
PSE,1982,202145.0
PSE,1983,209599.0
PSE,1984,217339.0
PSE,1985,225343.0
PSE,1986,233653.0
PSE,1987,242269.0
PSE,1988,251216.0
PSE,1989,260467.0
PSE,1990,270072.0
PSE,1991,280032.0
PSE,1992,290373.0
PSE,1993,301066.0
PSE,1994,312169.0
PSE,1995,323681.0
PSE,1996,335634.0
PSE,1997,347994.0
PSE,1998,360394.0
PSE,1999,372878.0
PSE,2000,385814.0
PSE,2001,399160.0
PSE,2002,412988.0
PSE,2003,427295.0
PSE,2004,442118.0
PSE,2005,457412.0
PSE,2006,473257.0
PSE,2007,489652.0
PSE,2008,505091.0
PSE,2009,519831.0
PSE,2010,535021.0
PSE,2011,550656.0
PSE,2012,566770.0
PSE,2013,583309.0
PSE,2014,600354.0
PSE,2015,617898.0
PSE,2016,635980.0
PSE,2017,654538.0
PSE,2018,673638.0
PSE,2019,693323.0
PSE,2020,713621.0
PSE,2021,734547.0
PSE,2022,756083.0
PSE,2023,778187.0
PSE,2024,800636.0
PSE,2025,823407.0
QAT,1960,31288.0
QAT,1961,33091.0
QAT,1962,35000.0
QAT,1963,38311.0
QAT,1964,41941.0
QAT,1965,45903.0
QAT,1966,50246.0
QAT,1967,55000.0
QAT,1968,61779.0
QAT,1969,69372.0
QAT,1970,77911.0
QAT,1971,87500.0
QAT,1972,93091.0
QAT,1973,99022.0
QAT,1974,105339.0
QAT,1975,112060.0
QAT,1976,119220.0
QAT,1977,126816.0
QAT,1978,134907.0
QAT,1979,143514.0
QAT,1980,152684.0
QAT,1981,162412.0
QAT,1982,172774.0
QAT,1983,183797.0
QAT,1984,195541.0
QAT,1985,207999.0
QAT,1986,218429.0
QAT,1987,222345.0
QAT,1988,226337.0
QAT,1989,230389.0
QAT,1990,234519.0
QAT,1991,238724.0
QAT,1992,243010.0
QAT,1993,247360.0
QAT,1994,251795.0
QAT,1995,256309.0
QAT,1996,260911.0
QAT,1997,267210.0
QAT,1998,277022.0
QAT,1999,287194.0
QAT,2000,297755.0
QAT,2001,308673.0
QAT,2002,320007.0
QAT,2003,331758.0
QAT,2004,347839.0
QAT,2005,372925.0
QAT,2006,399859.0
QAT,2007,428738.0
QAT,2008,459747.0
QAT,2009,492904.0
QAT,2010,523732.0
QAT,2011,536328.0
QAT,2012,549245.0
QAT,2013,562435.0
QAT,2014,575962.0
QAT,2015,595462.0
QAT,2016,626458.0
QAT,2017,659067.0
QAT,2018,693373.0
QAT,2019,715997.0
QAT,2020,737903.0
QAT,2021,759174.0
QAT,2022,779386.0
QAT,2023,798382.0
QAT,2024,815869.0
QAT,2025,831689.0
ROU,1960,1002300.0
ROU,1961,1031002.0
ROU,1962,1060568.0
ROU,1963,1090981.0
ROU,1964,1122310.0
ROU,1965,1154449.0
ROU,1966,1191543.0
ROU,1967,1239680.0
ROU,1968,1289832.0
ROU,1969,1341867.0
ROU,1970,1396077.0
ROU,1971,1452478.0
ROU,1972,1511239.0
ROU,1973,1572206.0
ROU,1974,1635722.0
ROU,1975,1701803.0
ROU,1976,1770651.0
ROU,1977,1815072.0
ROU,1978,1831425.0
ROU,1979,1847925.0
ROU,1980,1864597.0
ROU,1981,1881373.0
ROU,1982,1898323.0
ROU,1983,1915426.0
ROU,1984,1932707.0
ROU,1985,1950096.0
ROU,1986,1967665.0
ROU,1987,1985393.0
ROU,1988,2003305.0
ROU,1989,2021329.0
ROU,1990,2039540.0
ROU,1991,2057915.0
ROU,1992,2060655.0
ROU,1993,2046421.0
ROU,1994,2032266.0
ROU,1995,2018208.0
ROU,1996,2004229.0
ROU,1997,1990384.0
ROU,1998,1976617.0
ROU,1999,1962944.0
ROU,2000,1949348.0
ROU,2001,1935882.0
ROU,2002,1925033.0
ROU,2003,1920517.0
ROU,2004,1916006.0
ROU,2005,1911518.0
ROU,2006,1907034.0
ROU,2007,1902560.0
ROU,2008,1898091.0
ROU,2009,1893644.0
ROU,2010,1889202.0
ROU,2011,1884771.0
ROU,2012,1876867.0
ROU,2013,1867514.0
ROU,2014,1858195.0
ROU,2015,1848922.0
ROU,2016,1839695.0
ROU,2017,1830515.0
ROU,2018,1821380.0
ROU,2019,1812290.0
ROU,2020,1803247.0
ROU,2021,1794248.0
ROU,2022,1785294.0
ROU,2023,1776385.0
ROU,2024,1767520.0
ROU,2025,1758699.0
RUS,1960,6169961.0
RUS,1961,6257691.0
RUS,1962,6346792.0
RUS,1963,6437162.0
RUS,1964,6528946.0
RUS,1965,6621780.0
RUS,1966,6716065.0
RUS,1967,6811693.0
RUS,1968,6908817.0
RUS,1969,7007053.0
RUS,1970,7106457.0
RUS,1971,7206830.0
RUS,1972,7308763.0
RUS,1973,7411850.0
RUS,1974,7516537.0
RUS,1975,7622703.0
RUS,1976,7730517.0
RUS,1977,7839553.0
RUS,1978,7950281.0
RUS,1979,8050037.0
RUS,1980,8136141.0
RUS,1981,8222924.999999999
RUS,1982,8310757.0
RUS,1983,8399527.0
RUS,1984,8489369.0
RUS,1985,8579920.0
RUS,1986,8671565.0
RUS,1987,8764189.0
RUS,1988,8857931.0
RUS,1989,8933063.0
RUS,1990,8986631.0
RUS,1991,9040520.0
RUS,1992,9067511.0
RUS,1993,9066913.0
RUS,1994,9110941.0
RUS,1995,9200994.0
RUS,1996,9334368.0
RUS,1997,9512887.0
RUS,1998,9682476.0
RUS,1999,9842072.0
RUS,2000,10004523.0
RUS,2001,10169198.0
RUS,2002,10336816.0
RUS,2003,10479960.0
RUS,2004,10615013.0
RUS,2005,10751428.0
RUS,2006,10889788.0
RUS,2007,11029929.0
RUS,2008,11172069.0
RUS,2009,11315643.0
RUS,2010,11461264.0
RUS,2011,11584367.0
RUS,2012,11699009.0
RUS,2013,11814466.0
RUS,2014,11931224.0
RUS,2015,12049135.0
RUS,2016,12168377.0
RUS,2017,12288465.0
RUS,2018,12409738.0
RUS,2019,12476171.0
RUS,2020,12537954.0
RUS,2021,12593252.0
RUS,2022,12640818.0
RUS,2023,12680389.0
RUS,2024,12712305.0
RUS,2025,12737356.0
RWA,1960,34319.0
RWA,1961,36251.0
RWA,1962,38295.0
RWA,1963,40453.0
RWA,1964,42737.0
RWA,1965,45143.0
RWA,1966,47688.0
RWA,1967,50377.0
RWA,1968,53220.0
RWA,1969,56217.0
RWA,1970,59386.0
RWA,1971,64353.0
RWA,1972,69910.0
RWA,1973,75929.0
RWA,1974,82475.0
RWA,1975,89586.0
RWA,1976,97321.0
RWA,1977,105700.0
RWA,1978,114813.0
RWA,1979,121567.0
RWA,1980,128266.0
RWA,1981,135315.0
RWA,1982,142761.0
RWA,1983,150617.0
RWA,1984,158917.0
RWA,1985,167650.0
RWA,1986,176875.0
RWA,1987,186609.0
RWA,1988,196892.0
RWA,1989,207712.0
RWA,1990,219142.0
RWA,1991,231201.0
RWA,1992,250130.0
RWA,1993,271500.0
RWA,1994,294729.0
RWA,1995,319946.0
RWA,1996,347360.0
RWA,1997,379052.0
RWA,1998,415010.0
RWA,1999,454380.0
RWA,2000,497546.0
RWA,2001,544678.0
RWA,2002,596348.0
RWA,2003,622065.0
RWA,2004,644520.0
RWA,2005,667720.0
RWA,2006,691789.0
RWA,2007,716725.0
RWA,2008,742597.0
RWA,2009,769327.0
RWA,2010,797059.0
RWA,2011,825790.0
RWA,2012,855599.0
RWA,2013,886397.0
RWA,2014,918304.0
RWA,2015,951359.0
RWA,2016,985604.0
RWA,2017,1021081.0
RWA,2018,1057836.0
RWA,2019,1094796.0
RWA,2020,1132101.0
RWA,2021,1169889.0
RWA,2022,1208296.0
RWA,2023,1247551.0
RWA,2024,1287952.0
RWA,2025,1329829.0
SAU,1960,156699.0
SAU,1961,160856.0
SAU,1962,166357.0
SAU,1963,179370.0
SAU,1964,201715.0
SAU,1965,226770.0
SAU,1966,254977.0
SAU,1967,286694.0
SAU,1968,322408.0
SAU,1969,362454.0
SAU,1970,407540.0
SAU,1971,458234.0
SAU,1972,515317.0
SAU,1973,579324.0
SAU,1974,651386.0
SAU,1975,710374.0
SAU,1976,768894.0
SAU,1977,832054.0
SAU,1978,900500.0
SAU,1979,974576.0
SAU,1980,1054860.0
SAU,1981,1141510.0
SAU,1982,1235412.0
SAU,1983,1337038.0
SAU,1984,1447182.0
SAU,1985,1566059.0
SAU,1986,1694884.0
SAU,1987,1834307.0
SAU,1988,1985416.0
SAU,1989,2148505.0
SAU,1990,2325243.0
SAU,1991,2516520.0
SAU,1992,2723829.0
SAU,1993,2844967.0
SAU,1994,2938424.0
SAU,1995,3034951.0
SAU,1996,3134789.0
SAU,1997,3237622.0
SAU,1998,3343978.0
SAU,1999,3453827.0
SAU,2000,3567444.0
SAU,2001,3684470.0
SAU,2002,3805504.0
SAU,2003,3930515.0
SAU,2004,4059812.0
SAU,2005,4252232.0
SAU,2006,4470513.0
SAU,2007,4700000.0
SAU,2008,4867609.0
SAU,2009,5040709.0
SAU,2010,5220217.0
SAU,2011,5406118.0
SAU,2012,5598638.0
SAU,2013,5798015.0
SAU,2014,6004492.0
SAU,2015,6218322.0
SAU,2016,6439767.0
SAU,2017,6669098.0
SAU,2018,6906595.0
SAU,2019,7070665.0
SAU,2020,7231447.0
SAU,2021,7387817.0
SAU,2022,7538200.0
SAU,2023,7682430.0
SAU,2024,7820551.0
SAU,2025,7952861.0
SDN,1960,346586.0
SDN,1961,369470.0
SDN,1962,393900.0
SDN,1963,419945.0
SDN,1964,447752.0
SDN,1965,477316.0
SDN,1966,508877.0
SDN,1967,542524.0
SDN,1968,578448.0
SDN,1969,616641.0
SDN,1970,657414.0
SDN,1971,700884.0
SDN,1972,747293.0
SDN,1973,794791.0
SDN,1974,839329.0
SDN,1975,886362.0
SDN,1976,936102.0
SDN,1977,988484.0
SDN,1978,1043876.0
SDN,1979,1102372.0
SDN,1980,1164234.0
SDN,1981,1229382.0
SDN,1982,1298273.0
SDN,1983,1383355.0
SDN,1984,1493207.0
SDN,1985,1611443.0
SDN,1986,1739224.0
SDN,1987,1877138.0
SDN,1988,2026202.0
SDN,1989,2186642.0
SDN,1990,2360035.0
SDN,1991,2547177.0
SDN,1992,2749447.0
SDN,1993,2935428.0
SDN,1994,3010784.0
SDN,1995,3088076.0
SDN,1996,3167462.0
SDN,1997,3248662.0
SDN,1998,3332060.0
SDN,1999,3417598.0
SDN,2000,3505456.0
SDN,2001,3595320.0
SDN,2002,3687617.0
SDN,2003,3782284.0
SDN,2004,3879516.0
SDN,2005,3978970.0
SDN,2006,4081116.0
SDN,2007,4185884.0
SDN,2008,4293492.0
SDN,2009,4403866.0
SDN,2010,4517078.0
SDN,2011,4633200.0
SDN,2012,4752308.0
SDN,2013,4874477.0
SDN,2014,4999787.0
SDN,2015,5128318.0
SDN,2016,5260153.0
SDN,2017,5395378.0
SDN,2018,5534079.0
SDN,2019,5677921.0
SDN,2020,5828858.0
SDN,2021,5989024.0
SDN,2022,6160327.0
SDN,2023,6344348.0
SDN,2024,6542070.0
SDN,2025,6754180.0
SEN,1960,359097.0
SEN,1961,384417.0
SEN,1962,404785.0
SEN,1963,426232.0
SEN,1964,448847.0
SEN,1965,472595.0
SEN,1966,497635.0
SEN,1967,524002.0
SEN,1968,551805.0
SEN,1969,581000.0
SEN,1970,610490.0
SEN,1971,641478.0
SEN,1972,674084.0
SEN,1973,708251.0
SEN,1974,744200.0
SEN,1975,781974.0
SEN,1976,819890.0
SEN,1977,852253.0
SEN,1978,885939.0
SEN,1979,920958.0
SEN,1980,957411.0
SEN,1981,995202.0
SEN,1982,1034539.0
SEN,1983,1075431.0
SEN,1984,1117999.0
SEN,1985,1162128.0
SEN,1986,1208063.0
SEN,1987,1255814.0
SEN,1988,1304387.0
SEN,1989,1343622.0
SEN,1990,1384093.0
SEN,1991,1425784.0
SEN,1992,1468790.0
SEN,1993,1512970.0
SEN,1994,1558542.0
SEN,1995,1605487.0
SEN,1996,1653914.0
SEN,1997,1703662.0
SEN,1998,1754978.0
SEN,1999,1807840.0
SEN,2000,1862370.0
SEN,2001,1918388.0
SEN,2002,1976172.0
SEN,2003,2028406.0
SEN,2004,2081097.0
SEN,2005,2135006.0
SEN,2006,2190388.0
SEN,2007,2247207.0
SEN,2008,2305582.0
SEN,2009,2365306.0
SEN,2010,2426662.0
SEN,2011,2489611.0
SEN,2012,2554282.0
SEN,2013,2620448.0
SEN,2014,2688423.0
SEN,2015,2758161.0
SEN,2016,2829709.0
SEN,2017,2903112.0
SEN,2018,2978419.0
SEN,2019,3057065.0
SEN,2020,3140442.0
SEN,2021,3229800.0
SEN,2022,3326001.0
SEN,2023,3429536.0
SEN,2024,3540462.0
SEN,2025,3658643.0
SGP,1960,1633086.0
SGP,1961,1689546.0
SGP,1962,1741417.0
SGP,1963,1789338.0
SGP,1964,1834493.0
SGP,1965,1877808.0
SGP,1966,1919268.0
SGP,1967,1958726.0
SGP,1968,1996866.0
SGP,1969,2034528.0
SGP,1970,2072290.0
SGP,1971,2110975.0
SGP,1972,2150524.0
SGP,1973,2189635.0
SGP,1974,2226404.0
SGP,1975,2259748.0
SGP,1976,2288888.0
SGP,1977,2315015.0
SGP,1978,2341429.0
SGP,1979,2372615.0
SGP,1980,2411700.0
SGP,1981,2460387.0
SGP,1982,2517579.0
SGP,1983,2580261.0
SGP,1984,2643951.0
SGP,1985,2705535.0
SGP,1986,2763589.0
SGP,1987,2819601.0
SGP,1988,2876892.0
SGP,1989,2940264.0
SGP,1990,3012953.0
SGP,1991,3096570.0
SGP,1992,3189433.0
SGP,1993,3287588.0
SGP,1994,3385350.0
SGP,1995,3478779.0
SGP,1996,3566133.0
SGP,1997,3649135.0
SGP,1998,3731440.0
SGP,1999,3818462.0
SGP,2000,3913960.0
SGP,2001,4018779.0
SGP,2002,4131208.0
SGP,2003,4249295.0
SGP,2004,4370040.0
SGP,2005,4491042.0
SGP,2006,4611901.0
SGP,2007,4732528.0
SGP,2008,4851109.0
SGP,2009,4965518.0
SGP,2010,5074252.0
SGP,2011,5176017.0
SGP,2012,5270958.0
SGP,2013,5360837.0
SGP,2014,5448342.0
SGP,2015,5535262.0
SGP,2016,5622455.0
SGP,2017,5708844.0
SGP,2018,5791901.0
SGP,2019,5868104.0
SGP,2020,5935053.0
SGP,2021,5991801.0
SGP,2022,6039577.0
SGP,2023,6080859.0
SGP,2024,6119203.0
SGP,2025,6157267.0
SLE,1960,119017.0
SLE,1961,122176.0
SLE,1962,125423.0
SLE,1963,130035.0
SLE,1964,138902.0
SLE,1965,148347.0
SLE,1966,158448.0
SLE,1967,169237.0
SLE,1968,180777.0
SLE,1969,193069.0
SLE,1970,206216.0
SLE,1971,220257.0
SLE,1972,235277.0
SLE,1973,251274.0
SLE,1974,268384.0
SLE,1975,284039.0
SLE,1976,298481.0
SLE,1977,313615.0
SLE,1978,329539.0
SLE,1979,346271.0
SLE,1980,363878.0
SLE,1981,382327.0
SLE,1982,401740.0
SLE,1983,422138.0
SLE,1984,443602.0
SLE,1985,466094.0
SLE,1986,483408.0
SLE,1987,495876.0
SLE,1988,508683.0
SLE,1989,521785.0
SLE,1990,535242.0
SLE,1991,549047.0
SLE,1992,563228.0
SLE,1993,577734.0
SLE,1994,592635.0
SLE,1995,607920.0
SLE,1996,623621.0
SLE,1997,639683.0
SLE,1998,656181.0
SLE,1999,673106.0
SLE,2000,690490.0
SLE,2001,708274.0
SLE,2002,726542.0
SLE,2003,745281.0
SLE,2004,764530.0
SLE,2005,785524.0
SLE,2006,808125.0
SLE,2007,831376.0
SLE,2008,855330.0
SLE,2009,879905.0
SLE,2010,905221.0
SLE,2011,931266.0
SLE,2012,958098.0
SLE,2013,985626.0
SLE,2014,1013984.0
SLE,2015,1043158.0
SLE,2016,1073214.0
SLE,2017,1104136.0
SLE,2018,1135949.0
SLE,2019,1168424.0
SLE,2020,1201900.0
SLE,2021,1236425.0
SLE,2022,1272145.0
SLE,2023,1309168.0
SLE,2024,1347559.0
SLE,2025,1387356.0
SLV,1960,311194.0
SLV,1961,326221.0
SLV,1962,342035.0
SLV,1963,358616.0
SLV,1964,376025.0
SLV,1965,394228.0
SLV,1966,413339.0
SLV,1967,433376.0
SLV,1968,454415.0
SLV,1969,476412.0
SLV,1970,499507.0
SLV,1971,523658.0
SLV,1972,540940.0
SLV,1973,558742.0
SLV,1974,577156.0
SLV,1975,596178.0
SLV,1976,615853.0
SLV,1977,636121.0
SLV,1978,657085.0
SLV,1979,678741.0
SLV,1980,701141.0
SLV,1981,724216.0
SLV,1982,748084.0
SLV,1983,772738.0
SLV,1984,798240.0
SLV,1985,824511.0
SLV,1986,851684.0
SLV,1987,879752.0
SLV,1988,908787.0
SLV,1989,938695.0
SLV,1990,969631.0
SLV,1991,1001587.0
SLV,1992,1034642.0
SLV,1993,1044569.0
SLV,1994,1046986.0
SLV,1995,1049408.0
SLV,1996,1051840.0
SLV,1997,1054270.0
SLV,1998,1056710.0
SLV,1999,1059155.0
SLV,2000,1061609.0
SLV,2001,1064062.0
SLV,2002,1066524.0
SLV,2003,1068992.0
SLV,2004,1071469.0
SLV,2005,1073945.0
SLV,2006,1076430.0
SLV,2007,1078921.0
SLV,2008,1081421.0
SLV,2009,1083919.0
SLV,2010,1086428.0
SLV,2011,1088941.0
SLV,2012,1091465.0
SLV,2013,1093987.0
SLV,2014,1096518.0
SLV,2015,1099055.0
SLV,2016,1101602.0
SLV,2017,1104147.0
SLV,2018,1106698.0
SLV,2019,1105662.0
SLV,2020,1105766.0
SLV,2021,1107305.0
SLV,2022,1110681.0
SLV,2023,1116052.0
SLV,2024,1123376.0
SLV,2025,1132425.0
SOM,1960,93923.0
SOM,1961,100879.0
SOM,1962,108361.0
SOM,1963,116398.0
SOM,1964,127855.0
SOM,1965,143560.0
SOM,1966,161221.0
SOM,1967,181054.0
SOM,1968,203359.0
SOM,1969,228340.0
SOM,1970,256430.0
SOM,1971,287975.0
SOM,1972,323453.0
SOM,1973,363185.0
SOM,1974,407863.0
SOM,1975,444981.0
SOM,1976,464428.0
SOM,1977,484668.0
SOM,1978,505820.0
SOM,1979,527895.0
SOM,1980,550966.0
SOM,1981,574977.0
SOM,1982,600127.0
SOM,1983,648176.0
SOM,1984,700125.0
SOM,1985,747230.0
SOM,1986,797577.0
SOM,1987,851315.0
SOM,1988,908756.0
SOM,1989,969899.0
SOM,1990,1035248.0
SOM,1991,1105000.0
SOM,1992,1115275.0
SOM,1993,1125616.0
SOM,1994,1136068.0
SOM,1995,1146617.0
SOM,1996,1157279.0
SOM,1997,1168010.0
SOM,1998,1178855.0
SOM,1999,1189802.0
SOM,2000,1200865.0
SOM,2001,1212000.0
SOM,2002,1259866.0
SOM,2003,1309622.0
SOM,2004,1361416.0
SOM,2005,1415108.0
SOM,2006,1470995.0
SOM,2007,1100208.0
SOM,2008,1178934.0
SOM,2009,1263053.0
SOM,2010,1353302.0
SOM,2011,1450000.0
SOM,2012,1526976.0
SOM,2013,1607810.0
SOM,2014,1693044.0
SOM,2015,1782796.0
SOM,2016,1877307.0
SOM,2017,1976828.0
SOM,2018,2081624.0
SOM,2019,2179855.0
SOM,2020,2282009.0
SOM,2021,2387920.0
SOM,2022,2497463.0
SOM,2023,2610483.0
SOM,2024,2726815.0
SOM,2025,2846418.0
SRB,1960,638101.0
SRB,1961,662571.0
SRB,1962,683648.0
SRB,1963,705395.0
SRB,1964,727866.0
SRB,1965,750988.0
SRB,1966,774877.0
SRB,1967,799526.0
SRB,1968,824996.0
SRB,1969,851203.0
SRB,1970,878280.0
SRB,1971,903424.0
SRB,1972,920836.0
SRB,1973,938534.0
SRB,1974,956597.0
SRB,1975,975007.0
SRB,1976,993798.0
SRB,1977,1012898.0
SRB,1978,1032392.0
SRB,1979,1052262.0
SRB,1980,1072542.0
SRB,1981,1089033.0
SRB,1982,1093478.0
SRB,1983,1097941.0
SRB,1984,1102429.0
SRB,1985,1106923.0
SRB,1986,1111441.0
SRB,1987,1115977.0
SRB,1988,1120539.0
SRB,1989,1125106.0
SRB,1990,1129699.0
SRB,1991,1136350.0
SRB,1992,1149167.0
SRB,1993,1162093.0
SRB,1994,1175182.0
SRB,1995,1188419.0
SRB,1996,1201823.0
SRB,1997,1215341.0
SRB,1998,1229030.0
SRB,1999,1242873.0
SRB,2000,1256892.0
SRB,2001,1271030.0
SRB,2002,1283400.0
SRB,2003,1289908.0
SRB,2004,1296457.0
SRB,2005,1303021.0
SRB,2006,1309628.0
SRB,2007,1316268.0
SRB,2008,1322952.0
SRB,2009,1329650.0
SRB,2010,1336392.0
SRB,2011,1343168.0
SRB,2012,1349747.0
SRB,2013,1356261.0
SRB,2014,1362815.0
SRB,2015,1369401.0
SRB,2016,1376019.0
SRB,2017,1382669.0
SRB,2018,1389351.0
SRB,2019,1393717.0
SRB,2020,1397939.0
SRB,2021,1401786.0
SRB,2022,1405192.0
SRB,2023,1408144.0
SRB,2024,1410697.0
SRB,2025,1412952.0
SSD,1960,16477.0
SSD,1961,18152.0
SSD,1962,20000.0
SSD,1963,22036.0
SSD,1964,24282.0
SSD,1965,26750.0
SSD,1966,29473.0
SSD,1967,32473.0
SSD,1968,35784.0
SSD,1969,39421.0
SSD,1970,43434.0
SSD,1971,47855.0
SSD,1972,52734.0
SSD,1973,57298.0
SSD,1974,59658.0
SSD,1975,62115.0
SSD,1976,64677.0
SSD,1977,67337.0
SSD,1978,70111.0
SSD,1979,72998.0
SSD,1980,76009.0
SSD,1981,79135.0
SSD,1982,82395.0
SSD,1983,85436.0
SSD,1984,88071.0
SSD,1985,90780.0
SSD,1986,93577.0
SSD,1987,96459.0
SSD,1988,99435.0
SSD,1989,102494.0
SSD,1990,105651.0
SSD,1991,108905.0
SSD,1992,112265.0
SSD,1993,116106.0
SSD,1994,121598.0
SSD,1995,127349.0
SSD,1996,133381.0
SSD,1997,139681.0
SSD,1998,146287.0
SSD,1999,153206.0
SSD,2000,160463.0
SSD,2001,168041.0
SSD,2002,175989.0
SSD,2003,184313.0
SSD,2004,193043.0
SSD,2005,202161.0
SSD,2006,211722.0
SSD,2007,221736.0
SSD,2008,232239.0
SSD,2009,243239.0
SSD,2010,254761.0
SSD,2011,266828.0
SSD,2012,279467.0
SSD,2013,292705.0
SSD,2014,306569.0
SSD,2015,321091.0
SSD,2016,336300.0
SSD,2017,352229.0
SSD,2018,368914.0
SSD,2019,385765.0
SSD,2020,403215.0
SSD,2021,421292.0
SSD,2022,439993.0
SSD,2023,459342.0
SSD,2024,479359.0
SSD,2025,500088.0
SVK,1960,238519.0
SVK,1961,243133.0
SVK,1962,247176.0
SVK,1963,251287.0
SVK,1964,255472.0
SVK,1965,259715.0
SVK,1966,264035.0
SVK,1967,268426.0
SVK,1968,272897.0
SVK,1969,277429.0
SVK,1970,282043.0
SVK,1971,288896.0
SVK,1972,297536.0
SVK,1973,306410.0
SVK,1974,315561.0
SVK,1975,324985.0
SVK,1976,334705.0
SVK,1977,344687.0
SVK,1978,354981.0
SVK,1979,365583.0
SVK,1980,376517.0
SVK,1981,383912.0
SVK,1982,389491.0
SVK,1983,395151.0
SVK,1984,400902.0
SVK,1985,406720.0
SVK,1986,412631.0
SVK,1987,418628.0
SVK,1988,424720.0
SVK,1989,430884.0
SVK,1990,437146.0
SVK,1991,440985.0
SVK,1992,439724.0
SVK,1993,438470.0
SVK,1994,437218.0
SVK,1995,435969.0
SVK,1996,434722.0
SVK,1997,433482.0
SVK,1998,432244.0
SVK,1999,431010.0
SVK,2000,429777.0
SVK,2001,428603.0
SVK,2002,427902.0
SVK,2003,427203.0
SVK,2004,426504.0
SVK,2005,425808.0
SVK,2006,424121.0
SVK,2007,421451.0
SVK,2008,418794.0
SVK,2009,416160.0
SVK,2010,413540.0
SVK,2011,411517.0
SVK,2012,414101.0
SVK,2013,416694.0
SVK,2014,419307.0
SVK,2015,421937.0
SVK,2016,424587.0
SVK,2017,427245.0
SVK,2018,429920.0
SVK,2019,432508.0
SVK,2020,434926.0
SVK,2021,437120.0
SVK,2022,439070.0
SVK,2023,440787.0
SVK,2024,442306.0
SVK,2025,443679.0
SWE,1960,804595.0
SWE,1961,827495.0
SWE,1962,868218.0
SWE,1963,910946.0
SWE,1964,955839.0
SWE,1965,1002812.0
SWE,1966,1034645.0
SWE,1967,1049617.0
SWE,1968,1064827.0
SWE,1969,1080215.0
SWE,1970,1095847.0
SWE,1971,1033207.0
SWE,1972,1028502.0
SWE,1973,1023832.0
SWE,1974,1019177.0
SWE,1975,1014543.0
SWE,1976,1009924.0
SWE,1977,1005338.0
SWE,1978,1000767.0
SWE,1979,996217.0
SWE,1980,991681.0
SWE,1981,991930.0
SWE,1982,996974.0
SWE,1983,1002044.0
SWE,1984,1007147.0
SWE,1985,1012261.0
SWE,1986,1017409.0
SWE,1987,1022583.0
SWE,1988,1027790.0
SWE,1989,1033010.0
SWE,1990,1038263.0
SWE,1991,1051209.0
SWE,1992,1072208.0
SWE,1993,1093567.0
SWE,1994,1115381.0
SWE,1995,1137631.0
SWE,1996,1155126.0
SWE,1997,1167554.0
SWE,1998,1180134.0
SWE,1999,1192848.0
SWE,2000,1205718.0
SWE,2001,1216110.0
SWE,2002,1223997.0
SWE,2003,1231936.0
SWE,2004,1239937.0
SWE,2005,1247968.0
SWE,2006,1263550.0
SWE,2007,1286995.0
SWE,2008,1310908.0
SWE,2009,1335197.0
SWE,2010,1359972.0
SWE,2011,1385646.0
SWE,2012,1412295.0
SWE,2013,1439380.0
SWE,2014,1467023.0
SWE,2015,1495198.0
SWE,2016,1523953.0
SWE,2017,1553180.0
SWE,2018,1582968.0
SWE,2019,1608037.0
SWE,2020,1632798.0
SWE,2021,1656571.0
SWE,2022,1679050.0
SWE,2023,1700066.0
SWE,2024,1719604.0
SWE,2025,1737765.0
SYR,1960,580464.0
SYR,1961,605922.0
SYR,1962,634209.0
SYR,1963,663817.0
SYR,1964,694851.0
SYR,1965,727244.0
SYR,1966,761196.0
SYR,1967,796732.0
SYR,1968,833980.0
SYR,1969,872860.0
SYR,1970,913609.0
SYR,1971,952737.0
SYR,1972,992500.0
SYR,1973,1033807.0
SYR,1974,1076894.0
SYR,1975,1121776.0
SYR,1976,1168595.0
SYR,1977,1217230.0
SYR,1978,1267962.0
SYR,1979,1320807.0
SYR,1980,1375932.0
SYR,1981,1433197.0
SYR,1982,1465412.0
SYR,1983,1491866.0
SYR,1984,1518835.0
SYR,1985,1546216.0
SYR,1986,1574129.0
SYR,1987,1602546.0
SYR,1988,1631516.0
SYR,1989,1660929.0
SYR,1990,1690913.0
SYR,1991,1721438.0
SYR,1992,1752557.0
SYR,1993,1784151.0
SYR,1994,1816360.0
SYR,1995,1864088.0
SYR,1996,1927604.0
SYR,1997,1993101.0
SYR,1998,2060919.0
SYR,1999,2131044.0
SYR,2000,2203657.0
SYR,2001,2278534.0
SYR,2002,2356063.0
SYR,2003,2436231.0
SYR,2004,2519242.0
SYR,2005,2604762.0
SYR,2006,2693284.0
SYR,2007,2784815.0
SYR,2008,2879589.0
SYR,2009,2977315.0
SYR,2010,3078498.0
SYR,2011,2346492.0
SYR,2012,2293491.0
SYR,2013,2241828.0
SYR,2014,2191260.0
SYR,2015,2222661.0
SYR,2016,2254557.0
SYR,2017,2286820.0
SYR,2018,2319545.0
SYR,2019,2353637.0
SYR,2020,2392045.0
SYR,2021,2439814.0
SYR,2022,2502761.0
SYR,2023,2584771.0
SYR,2024,2685361.0
SYR,2025,2799964.0
TCD,1960,71280.0
TCD,1961,79267.0
TCD,1962,88162.0
TCD,1963,94733.0
TCD,1964,101770.0
TCD,1965,109203.0
TCD,1966,117189.0
TCD,1967,125760.0
TCD,1968,134970.0
TCD,1969,144827.0
TCD,1970,155419.0
TCD,1971,166785.0
TCD,1972,179000.0
TCD,1973,195007.0
TCD,1974,212470.0
TCD,1975,231497.0
TCD,1976,252258.0
TCD,1977,274816.0
TCD,1978,299426.0
TCD,1979,311267.0
TCD,1980,323593.0
TCD,1981,336372.0
TCD,1982,349674.0
TCD,1983,363502.0
TCD,1984,377897.0
TCD,1985,392820.0
TCD,1986,408355.0
TCD,1987,424503.0
TCD,1988,441314.0
TCD,1989,458742.0
TCD,1990,476883.0
TCD,1991,495741.0
TCD,1992,515373.0
TCD,1993,535406.0
TCD,1994,555139.0
TCD,1995,575600.0
TCD,1996,596844.0
TCD,1997,618810.0
TCD,1998,641617.0
TCD,1999,665265.0
TCD,2000,689818.0
TCD,2001,715207.0
TCD,2002,741567.0
TCD,2003,768898.0
TCD,2004,797277.0
TCD,2005,826620.0
TCD,2006,857086.0
TCD,2007,888675.0
TCD,2008,921474.0
TCD,2009,955389.0
TCD,2010,990552.0
TCD,2011,1027010.0
TCD,2012,1064809.0
TCD,2013,1103999.0
TCD,2014,1144632.0
TCD,2015,1186761.0
TCD,2016,1230440.0
TCD,2017,1275726.0
TCD,2018,1322679.0
TCD,2019,1371524.0
TCD,2020,1422547.0
TCD,2021,1476115.0
TCD,2022,1532588.0
TCD,2023,1592324.0
TCD,2024,1655618.0
TCD,2025,1722784.0
TGO,1960,94904.0
TGO,1961,105400.0
TGO,1962,112666.0
TGO,1963,120432.0
TGO,1964,128745.0
TGO,1965,137608.0
TGO,1966,147093.0
TGO,1967,157233.0
TGO,1968,168087.0
TGO,1969,179657.0
TGO,1970,191650.0
TGO,1971,203192.0
TGO,1972,215446.0
TGO,1973,228402.0
TGO,1974,242157.0
TGO,1975,256740.0
TGO,1976,272223.0
TGO,1977,288594.0
TGO,1978,305974.0
TGO,1979,324401.0
TGO,1980,343964.0
TGO,1981,364649.0
TGO,1982,387190.0
TGO,1983,411746.0
TGO,1984,437895.0
TGO,1985,465627.0
TGO,1986,495156.0
TGO,1987,526559.0
TGO,1988,560000.0
TGO,1989,588800.0
TGO,1990,619124.0
TGO,1991,651010.0
TGO,1992,684585.0
TGO,1993,719793.0
TGO,1994,756863.0
TGO,1995,795842.0
TGO,1996,836887.0
TGO,1997,879927.0
TGO,1998,925245.0
TGO,1999,972896.0
TGO,2000,1023073.0
TGO,2001,1075688.0
TGO,2002,1131087.0
TGO,2003,1189340.0
TGO,2004,1250679.0
TGO,2005,1315000.0
TGO,2006,1343976.0
TGO,2007,1373590.0
TGO,2008,1403899.0
TGO,2009,1434791.0
TGO,2010,1466407.0
TGO,2011,1498719.0
TGO,2012,1531789.0
TGO,2013,1565495.0
TGO,2014,1599990.0
TGO,2015,1635246.0
TGO,2016,1671279.0
TGO,2017,1708106.0
TGO,2018,1745744.0
TGO,2019,1785310.0
TGO,2020,1827878.0
TGO,2021,1874394.0
TGO,2022,1925517.0
TGO,2023,1981615.0
TGO,2024,2042734.0
TGO,2025,2108740.0
THA,1960,2150853.0
THA,1961,2231234.0
THA,1962,2314737.0
THA,1963,2401364.0
THA,1964,2491360.0
THA,1965,2584466.0
THA,1966,2681188.0
THA,1967,2781530.0
THA,1968,2885773.0
THA,1969,2993620.0
THA,1970,3109945.0
THA,1971,3244249.0
THA,1972,3384550.0
THA,1973,3530507.0
THA,1974,3682972.0
THA,1975,3842023.0
THA,1976,4008175.0
THA,1977,4181025.0
THA,1978,4361584.0
THA,1979,4549940.0
THA,1980,4723143.0
THA,1981,4829328.0
THA,1982,4938050.0
THA,1983,5049221.0
THA,1984,5163053.0
THA,1985,5279127.0
THA,1986,5397976.0
THA,1987,5519501.0
THA,1988,5643934.0
THA,1989,5770820.0
THA,1990,5888835.0
THA,1991,5935017.0
THA,1992,5981625.0
THA,1993,6028469.0
THA,1994,6075746.0
THA,1995,6123394.0
THA,1996,6171481.0
THA,1997,6219812.0
THA,1998,6268590.0
THA,1999,6317749.0
THA,2000,6395429.0
THA,2001,6561670.0
THA,2002,6732471.0
THA,2003,6907718.0
THA,2004,7087778.0
THA,2005,7272016.0
THA,2006,7461307.0
THA,2007,7655526.0
THA,2008,7855078.0
THA,2009,8059261.0
THA,2010,8269045.0
THA,2011,8484289.0
THA,2012,8705444.0
THA,2013,8931731.0
THA,2014,9164225.0
THA,2015,9402771.0
THA,2016,9647526.0
THA,2017,9898653.0
THA,2018,10156316.0
THA,2019,10350204.0
THA,2020,10539415.0
THA,2021,10722815.0
THA,2022,10899698.0
THA,2023,11069982.0
THA,2024,11233869.0
THA,2025,11391704.0
TJK,1960,239983.0
TJK,1961,251391.0
TJK,1962,263357.0
TJK,1963,275893.0
TJK,1964,289044.0
TJK,1965,302784.0
TJK,1966,317197.0
TJK,1967,332295.0
TJK,1968,348135.0
TJK,1969,364683.0
TJK,1970,379289.0
TJK,1971,391112.0
TJK,1972,403321.0
TJK,1973,415875.0
TJK,1974,428838.0
TJK,1975,442205.0
TJK,1976,456008.0
TJK,1977,470203.0
TJK,1978,484859.0
TJK,1979,497111.0
TJK,1980,506228.0
TJK,1981,515486.0
TJK,1982,524927.0
TJK,1983,534541.0
TJK,1984,544345.0
TJK,1985,554300.0
TJK,1986,564452.0
TJK,1987,574790.0
TJK,1988,585332.0
TJK,1989,589935.0
TJK,1990,587220.0
TJK,1991,584517.0
TJK,1992,581823.0
TJK,1993,579149.0
TJK,1994,576483.0
TJK,1995,573830.0
TJK,1996,571185.0
TJK,1997,568560.0
TJK,1998,565943.0
TJK,1999,563338.0
TJK,2000,567900.0
TJK,2001,581598.0
TJK,2002,595647.0
TJK,2003,610035.0
TJK,2004,624791.0
TJK,2005,639862.0
TJK,2006,655318.0
TJK,2007,671148.0
TJK,2008,687382.0
TJK,2009,703963.0
TJK,2010,720968.0
TJK,2011,738383.0
TJK,2012,756219.0
TJK,2013,774485.0
TJK,2014,793193.0
TJK,2015,812352.0
TJK,2016,831975.0
TJK,2017,852071.0
TJK,2018,872653.0
TJK,2019,893826.0
TJK,2020,915712.0
TJK,2021,938444.0
TJK,2022,962139.0
TJK,2023,986899.0
TJK,2024,1012794.0
TJK,2025,1039903.0
TKM,1960,179146.0
TKM,1961,185736.0
TKM,1962,192579.0
TKM,1963,199674.0
TKM,1964,207041.0
TKM,1965,214658.0
TKM,1966,222566.0
TKM,1967,230766.0
TKM,1968,239280.0
TKM,1969,248083.0
TKM,1970,255710.0
TKM,1971,261736.0
TKM,1972,267912.0
TKM,1973,274216.0
TKM,1974,280678.0
TKM,1975,287292.0
TKM,1976,294071.0
TKM,1977,300990.0
TKM,1978,308083.0
TKM,1979,315472.0
TKM,1980,323205.0
TKM,1981,331106.0
TKM,1982,339211.0
TKM,1983,347514.0
TKM,1984,356033.0
TKM,1985,364736.0
TKM,1986,373665.0
TKM,1987,382812.0
TKM,1988,392196.0
TKM,1989,401783.0
TKM,1990,411619.0
TKM,1991,421695.0
TKM,1992,432032.0
TKM,1993,442593.0
TKM,1994,453427.0
TKM,1995,464527.0
TKM,1996,475914.0
TKM,1997,487548.0
TKM,1998,499483.0
TKM,1999,511710.0
TKM,2000,524236.0
TKM,2001,537069.0
TKM,2002,550216.0
TKM,2003,563685.0
TKM,2004,577484.0
TKM,2005,591620.0
TKM,2006,606103.0
TKM,2007,620940.0
TKM,2008,636140.0
TKM,2009,651712.0
TKM,2010,667666.0
TKM,2011,684010.0
TKM,2012,700754.0
TKM,2013,717908.0
TKM,2014,735482.0
TKM,2015,753486.0
TKM,2016,771930.0
TKM,2017,790827.0
TKM,2018,810186.0
TKM,2019,828065.0
TKM,2020,846255.0
TKM,2021,864695.0
TKM,2022,883389.0
TKM,2023,902353.0
TKM,2024,921601.0
TKM,2025,941130.0
TTO,1960,179979.0
TTO,1961,188346.0
TTO,1962,197113.0
TTO,1963,206289.0
TTO,1964,215906.0
TTO,1965,225943.0
TTO,1966,236461.0
TTO,1967,247468.0
TTO,1968,259005.0
TTO,1969,271045.0
TTO,1970,283663.0
TTO,1971,296868.0
TTO,1972,310707.0
TTO,1973,325150.0
TTO,1974,340287.0
TTO,1975,356128.0
TTO,1976,372729.0
TTO,1977,390056.0
TTO,1978,408214.0
TTO,1979,427217.0
TTO,1980,444958.0
TTO,1981,449653.0
TTO,1982,454405.0
TTO,1983,459206.0
TTO,1984,464065.0
TTO,1985,468961.0
TTO,1986,473917.0
TTO,1987,478924.0
TTO,1988,483992.0
TTO,1989,489099.0
TTO,1990,494267.0
TTO,1991,499489.0
TTO,1992,504774.0
TTO,1993,510101.0
TTO,1994,515491.0
TTO,1995,520937.0
TTO,1996,526450.0
TTO,1997,532004.0
TTO,1998,537626.0
TTO,1999,543307.0
TTO,2000,548271.0
TTO,2001,548056.0
TTO,2002,547842.0
TTO,2003,547627.0
TTO,2004,547412.0
TTO,2005,547198.0
TTO,2006,546984.0
TTO,2007,546769.0
TTO,2008,546555.0
TTO,2009,546341.0
TTO,2010,546127.0
TTO,2011,545913.0
TTO,2012,545699.0
TTO,2013,545485.0
TTO,2014,545272.0
TTO,2015,545058.0
TTO,2016,544844.0
TTO,2017,544631.0
TTO,2018,544417.0
TTO,2019,544259.0
TTO,2020,544207.0
TTO,2021,544305.0
TTO,2022,544579.0
TTO,2023,545045.0
TTO,2024,545707.0
TTO,2025,546564.0
TUN,1960,588271.0
TUN,1961,601006.0
TUN,1962,614036.0
TUN,1963,627347.0
TUN,1964,640967.0
TUN,1965,654843.0
TUN,1966,670169.0
TUN,1967,691880.0
TUN,1968,714325.0
TUN,1969,737434.0
TUN,1970,761324.0
TUN,1971,785988.0
TUN,1972,811487.0
TUN,1973,837739.0
TUN,1974,864879.0
TUN,1975,892898.0
TUN,1976,921865.0
TUN,1977,951688.0
TUN,1978,982519.0
TUN,1979,1014349.0
TUN,1980,1047256.0
TUN,1981,1081135.0
TUN,1982,1116160.0
TUN,1983,1152319.0
TUN,1984,1190764.0
TUN,1985,1233560.0
TUN,1986,1277956.0
TUN,1987,1323951.0
TUN,1988,1371667.0
TUN,1989,1420964.0
TUN,1990,1472105.0
TUN,1991,1525087.0
TUN,1992,1580052.0
TUN,1993,1636839.0
TUN,1994,1686610.0
TUN,1995,1700091.0
TUN,1996,1713700.0
TUN,1997,1727379.0
TUN,1998,1741186.0
TUN,1999,1755104.0
TUN,2000,1769153.0
TUN,2001,1783275.0
TUN,2002,1797529.0
TUN,2003,1811897.0
TUN,2004,1828955.0
TUN,2005,1858568.0
TUN,2006,1888701.0
TUN,2007,1919324.0
TUN,2008,1950485.0
TUN,2009,1982065.0
TUN,2010,2014201.0
TUN,2011,2046858.0
TUN,2012,2080091.0
TUN,2013,2113769.0
TUN,2014,2148041.0
TUN,2015,2182869.0
TUN,2016,2218261.0
TUN,2017,2254227.0
TUN,2018,2290777.0
TUN,2019,2327822.0
TUN,2020,2365201.0
TUN,2021,2402680.0
TUN,2022,2439404.0
TUN,2023,2475446.0
TUN,2024,2510673.0
TUN,2025,2545034.0
TUR,1960,1453353.0
TUR,1961,1534902.0
TUR,1962,1640147.0
TUR,1963,1752608.0
TUR,1964,1872951.0
TUR,1965,2001192.0
TUR,1966,2136617.0
TUR,1967,2280326.0
TUR,1968,2433920.0
TUR,1969,2597394.0
TUR,1970,2772095.0
TUR,1971,2931066.0
TUR,1972,3085926.0
TUR,1973,3248509.0
TUR,1974,3419899.0
TUR,1975,3600332.0
TUR,1976,3759125.0
TUR,1977,3909144.0
TUR,1978,4065369.0
TUR,1979,4227838.0
TUR,1980,4397037.0
TUR,1981,4580127.0
TUR,1982,4774228.0
TUR,1983,4976556.0
TUR,1984,5187754.0
TUR,1985,5407297.0
TUR,1986,5623536.0
TUR,1987,5842560.0
TUR,1988,6070435.0
TUR,1989,6306534.0
TUR,1990,6552160.0
TUR,1991,6773134.0
TUR,1992,6986256.0
TUR,1993,7205470.0
TUR,1994,7431880.0
TUR,1995,7665403.0
TUR,1996,7906601.0
TUR,1997,8154694.0
TUR,1998,8367183.999999999
TUR,1999,8553323.0
TUR,2000,8743868.0
TUR,2001,9030318.0
TUR,2002,9369562.0
TUR,2003,9721551.0
TUR,2004,10087275.0
TUR,2005,10465694.0
TUR,2006,10858861.0
TUR,2007,11266798.0
TUR,2008,11690655.0
TUR,2009,12129224.0
TUR,2010,12584885.0
TUR,2011,13057664.0
TUR,2012,13419412.0
TUR,2013,13658365.0
TUR,2014,13901910.0
TUR,2015,14126772.0
TUR,2016,14332066.0
TUR,2017,14539767.0
TUR,2018,14750771.0
TUR,2019,14967667.0
TUR,2020,15190336.0
TUR,2021,15415197.0
TUR,2022,15636243.0
TUR,2023,15847768.0
TUR,2024,16047350.0
TUR,2025,16236703.0
TZA,1960,162126.0
TZA,1961,174346.0
TZA,1962,187506.0
TZA,1963,201659.0
TZA,1964,216902.0
TZA,1965,233251.0
TZA,1966,250857.0
TZA,1967,269792.0
TZA,1968,295522.0
TZA,1969,324691.0
TZA,1970,356785.0
TZA,1971,392051.0
TZA,1972,430859.0
TZA,1973,473386.0
TZA,1974,520177.0
TZA,1975,571594.0
TZA,1976,628175.0
TZA,1977,690177.0
TZA,1978,758398.0
TZA,1979,807484.0
TZA,1980,854913.0
TZA,1981,904986.0
TZA,1982,958068.0
TZA,1983,1014262.0
TZA,1984,1073838.0
TZA,1985,1136733.0
TZA,1986,1203408.0
TZA,1987,1273993.0
TZA,1988,1348823.0
TZA,1989,1411425.0
TZA,1990,1473870.0
TZA,1991,1539079.0
TZA,1992,1607268.0
TZA,1993,1678278.0
TZA,1994,1752530.0
TZA,1995,1830067.0
TZA,1996,1911148.0
TZA,1997,1995584.0
TZA,1998,2083875.0
TZA,1999,2176071.0
TZA,2000,2272483.0
TZA,2001,2372882.0
TZA,2002,2477865.0
TZA,2003,2617331.0
TZA,2004,2767907.0
TZA,2005,2926695.0
TZA,2006,3094831.0
TZA,2007,3272625.0
TZA,2008,3460900.0
TZA,2009,3659444.0
TZA,2010,3869675.0
TZA,2011,4091984.0
TZA,2012,4327397.0
TZA,2013,4575650.0
TZA,2014,4838145.0
TZA,2015,5115698.0
TZA,2016,5409174.0
TZA,2017,5719486.0
TZA,2018,6047600.0
TZA,2019,6368272.0
TZA,2020,6701650.0
TZA,2021,7046892.0
TZA,2022,7404689.0
TZA,2023,7775865.0
TZA,2024,8161231.0
TZA,2025,8561525.0
UGA,1960,137486.0
UGA,1961,151339.0
UGA,1962,166609.0
UGA,1963,183421.0
UGA,1964,201955.0
UGA,1965,222304.0
UGA,1966,244735.0
UGA,1967,269430.0
UGA,1968,296655.0
UGA,1969,326546.0
UGA,1970,339836.0
UGA,1971,350668.0
UGA,1972,361862.0
UGA,1973,373380.0
UGA,1974,385281.0
UGA,1975,397562.0
UGA,1976,410253.0
UGA,1977,423311.0
UGA,1978,436804.0
UGA,1979,450728.0
UGA,1980,468589.0
UGA,1981,491444.0
UGA,1982,515448.0
UGA,1983,540624.0
UGA,1984,567067.0
UGA,1985,594725.0
UGA,1986,623773.0
UGA,1987,654240.0
UGA,1988,686240.0
UGA,1989,719711.0
UGA,1990,754863.0
UGA,1991,792274.0
UGA,1992,832239.0
UGA,1993,874101.0
UGA,1994,918131.0
UGA,1995,964379.0
UGA,1996,1013026.0
UGA,1997,1063982.0
UGA,1998,1117577.0
UGA,1999,1173872.0
UGA,2000,1233086.0
UGA,2001,1295111.0
UGA,2002,1360348.0
UGA,2003,1428872.0
UGA,2004,1500949.0
UGA,2005,1576448.0
UGA,2006,1655857.0
UGA,2007,1739266.0
UGA,2008,1827000.0
UGA,2009,1918900.0
UGA,2010,2015559.0
UGA,2011,2117087.0
UGA,2012,2223879.0
UGA,2013,2335743.0
UGA,2014,2453399.0
UGA,2015,2576982.0
UGA,2016,2706790.0
UGA,2017,2843137.0
UGA,2018,2986352.0
UGA,2019,3137690.0
UGA,2020,3298364.0
UGA,2021,3469510.0
UGA,2022,3651919.0
UGA,2023,3846102.0
UGA,2024,4050826.0
UGA,2025,4265162.0
UKR,1960,1163046.0
UKR,1961,1205024.0
UKR,1962,1248578.0
UKR,1963,1293706.0
UKR,1964,1340531.0
UKR,1965,1388914.0
UKR,1966,1439115.0
UKR,1967,1491130.0
UKR,1968,1545100.0
UKR,1969,1600867.0
UKR,1970,1654796.0
UKR,1971,1705736.0
UKR,1972,1758317.0
UKR,1973,1812367.0
UKR,1974,1868157.0
UKR,1975,1925664.0
UKR,1976,1985024.0
UKR,1977,2046043.0
UKR,1978,2109026.0
UKR,1979,2161832.0
UKR,1980,2201380.0
UKR,1981,2241539.0
UKR,1982,2282488.0
UKR,1983,2324185.0
UKR,1984,2366703.0
UKR,1985,2409878.0
UKR,1986,2453903.0
UKR,1987,2498731.0
UKR,1988,2544442.0
UKR,1989,2570607.0
UKR,1990,2573834.0
UKR,1991,2577064.0
UKR,1992,2580303.0
UKR,1993,2583537.0
UKR,1994,2586780.0
UKR,1995,2590026.0
UKR,1996,2593281.0
UKR,1997,2596532.0
UKR,1998,2599791.0
UKR,1999,2603053.0
UKR,2000,2606325.0
UKR,2001,2609592.0
UKR,2002,2620088.0
UKR,2003,2636113.0
UKR,2004,2652258.0
UKR,2005,2673214.0
UKR,2006,2699241.0
UKR,2007,2725520.0
UKR,2008,2752093.0
UKR,2009,2775203.0
UKR,2010,2794810.0
UKR,2011,2814555.0
UKR,2012,2834468.0
UKR,2013,2854466.0
UKR,2014,2874632.0
UKR,2015,2894942.0
UKR,2016,2915423.0
UKR,2017,2935992.0
UKR,2018,2956706.0
UKR,2019,2973335.0
UKR,2020,2988176.0
UKR,2021,3000604.0
UKR,2022,3010209.0
UKR,2023,3016789.0
UKR,2024,3020228.0
UKR,2025,3018156.0
URY,1960,1284958.0
URY,1961,1292480.0
URY,1962,1300058.0
URY,1963,1307679.0
URY,1964,1315356.0
URY,1965,1323057.0
URY,1966,1330813.0
URY,1967,1338615.0
URY,1968,1346474.0
URY,1969,1354356.0
URY,1970,1362296.0
URY,1971,1370283.0
URY,1972,1378327.0
URY,1973,1386397.0
URY,1974,1394524.0
URY,1975,1402912.0
URY,1976,1413053.0
URY,1977,1423239.0
URY,1978,1433513.0
URY,1979,1443860.0
URY,1980,1454297.0
URY,1981,1464780.0
URY,1982,1475354.0
URY,1983,1486004.0
URY,1984,1496745.0
URY,1985,1507535.0
URY,1986,1516381.0
URY,1987,1524350.0
URY,1988,1532372.0
URY,1989,1540415.0
URY,1990,1548510.0
URY,1991,1556648.0
URY,1992,1564840.0
URY,1993,1573053.0
URY,1994,1581320.0
URY,1995,1589631.0
URY,1996,1597189.0
URY,1997,1597988.0
URY,1998,1598789.0
URY,1999,1599589.0
URY,2000,1600392.0
URY,2001,1601192.0
URY,2002,1601994.0
URY,2003,1602797.0
URY,2004,1603601.0
URY,2005,1612740.0
URY,2006,1621967.0
URY,2007,1631247.0
URY,2008,1640593.0
URY,2009,1649967.0
URY,2010,1659407.0
URY,2011,1668901.0
URY,2012,1678462.0
URY,2013,1688078.0
URY,2014,1697749.0
URY,2015,1707475.0
URY,2016,1717257.0
URY,2017,1727095.0
URY,2018,1736989.0
URY,2019,1744700.0
URY,2020,1752388.0
URY,2021,1759906.0
URY,2022,1767243.0
URY,2023,1774396.0
URY,2024,1781363.0
URY,2025,1788172.0
USA,1960,14163521.0
USA,1961,14360388.0
USA,1962,14560269.0
USA,1963,14762931.0
USA,1964,14968700.0
USA,1965,15176758.0
USA,1966,15388002.0
USA,1967,15602185.0
USA,1968,15819651.0
USA,1969,16039538.0
USA,1970,16191180.0
USA,1971,16128515.0
USA,1972,16066007.0
USA,1973,16003912.0
USA,1974,15941972.0
USA,1975,15880271.0
USA,1976,15818725.0
USA,1977,15757586.0
USA,1978,15696599.0
USA,1979,15635849.0
USA,1980,15601401.0
USA,1981,15646170.0
USA,1982,15691130.0
USA,1983,15736220.0
USA,1984,15781501.0
USA,1985,15826788.0
USA,1986,15872267.0
USA,1987,15917876.0
USA,1988,15963680.0
USA,1989,16009490.0
USA,1990,16085599.0
USA,1991,16253492.0
USA,1992,16423372.0
USA,1993,16594553.0
USA,1994,16767758.000000002
USA,1995,16942770.0
USA,1996,17119854.0
USA,1997,17298295.0
USA,1998,17478845.0
USA,1999,17661279.0
USA,2000,17813371.0
USA,2001,17867738.0
USA,2002,17922346.0
USA,2003,17977121.0
USA,2004,18032139.0
USA,2005,18087174.0
USA,2006,18142453.0
USA,2007,18197900.0
USA,2008,18253594.0
USA,2009,18309304.0
USA,2010,18365262.0
USA,2011,18421391.0
USA,2012,18477769.0
USA,2013,18534163.0
USA,2014,18590808.0
USA,2015,18647626.0
USA,2016,18704696.0
USA,2017,18761941.0
USA,2018,18819361.0
USA,2019,18804722.0
USA,2020,18803552.0
USA,2021,18822570.0
USA,2022,18866532.0
USA,2023,18937269.0
USA,2024,19034018.0
USA,2025,19154024.0
UZB,1960,963900.0
UZB,1961,1001171.0
UZB,1962,1039937.0
UZB,1963,1080205.0
UZB,1964,1122090.0
UZB,1965,1165478.0
UZB,1966,1210606.0
UZB,1967,1257482.0
UZB,1968,1306241.0
UZB,1969,1356749.0
UZB,1970,1402740.0
UZB,1971,1442307.0
UZB,1972,1483048.0
UZB,1973,1524822.0
UZB,1974,1567833.0
UZB,1975,1612058.0
UZB,1976,1657593.0
UZB,1977,1704284.0
UZB,1978,1752357.0
UZB,1979,1791114.0
UZB,1980,1817916.0
UZB,1981,1845044.0
UZB,1982,1872615.0
UZB,1983,1900598.0
UZB,1984,1929038.0
UZB,1985,1957824.0
UZB,1986,1987080.0
UZB,1987,2016773.0
UZB,1988,2046952.0
UZB,1989,2074934.0
UZB,1990,2100363.0
UZB,1991,2113647.0
UZB,1992,2114347.0
UZB,1993,2115046.0
UZB,1994,2115746.0
UZB,1995,2116446.0
UZB,1996,2117148.0
UZB,1997,2120104.0
UZB,1998,2125364.0
UZB,1999,2130637.0
UZB,2000,2134602.0
UZB,2001,2137218.0
UZB,2002,2145056.0
UZB,2003,2152922.0
UZB,2004,2160828.0
UZB,2005,2168742.0
UZB,2006,2176695.0
UZB,2007,2184677.0
UZB,2008,2192700.0
UZB,2009,2218383.0
UZB,2010,2244402.0
UZB,2011,2270727.0
UZB,2012,2297397.0
UZB,2013,2324306.0
UZB,2014,2351568.0
UZB,2015,2379149.0
UZB,2016,2407093.0
UZB,2017,2435365.0
UZB,2018,2463969.0
UZB,2019,2490334.0
UZB,2020,2517381.0
UZB,2021,2545159.0
UZB,2022,2573758.0
UZB,2023,2603243.0
UZB,2024,2633661.0
UZB,2025,2665076.0
VEN,1960,1315531.0
VEN,1961,1392520.0
VEN,1962,1454464.0
VEN,1963,1519164.0
VEN,1964,1586838.0
VEN,1965,1657327.0
VEN,1966,1731051.0
VEN,1967,1808055.0
VEN,1968,1888597.0
VEN,1969,1972490.0
VEN,1970,2060234.0
VEN,1971,2151881.0
VEN,1972,2211612.0
VEN,1973,2254051.0
VEN,1974,2297364.0
VEN,1975,2341509.0
VEN,1976,2386565.0
VEN,1977,2432361.0
VEN,1978,2479100.0
VEN,1979,2526737.0
VEN,1980,2575358.0
VEN,1981,2624776.0
VEN,1982,2649954.0
VEN,1983,2664306.0
VEN,1984,2678755.0
VEN,1985,2693243.0
VEN,1986,2707828.0
VEN,1987,2722493.0
VEN,1988,2737258.0
VEN,1989,2752062.0
VEN,1990,2766966.0
VEN,1991,2778062.0
VEN,1992,2787487.0
VEN,1993,2796918.0
VEN,1994,2806395.0
VEN,1995,2815903.0
VEN,1996,2825457.0
VEN,1997,2835017.0
VEN,1998,2844622.0
VEN,1999,2854260.0
VEN,2000,2863944.0
VEN,2001,2873634.0
VEN,2002,2878541.0
VEN,2003,2881060.0
VEN,2004,2883585.0
VEN,2005,2886105.0
VEN,2006,2888630.0
VEN,2007,2891158.0
VEN,2008,2893692.0
VEN,2009,2896221.0
VEN,2010,2898755.0
VEN,2011,2901292.0
VEN,2012,2905549.0
VEN,2013,2910359.0
VEN,2014,2915185.0
VEN,2015,2920018.0
VEN,2016,2924866.0
VEN,2017,2929709.0
VEN,2018,2934560.0
VEN,2019,2935501.0
VEN,2020,2938992.0
VEN,2021,2945858.0
VEN,2022,2956813.0
VEN,2023,2972145.0
VEN,2024,2991727.0
VEN,2025,3015111.0
VNM,1960,1400000.0
VNM,1961,1448551.0
VNM,1962,1498856.0
VNM,1963,1550908.0
VNM,1964,1604843.0
VNM,1965,1660497.0
VNM,1966,1718163.0
VNM,1967,1777831.0
VNM,1968,1839658.0
VNM,1969,1903455.0
VNM,1970,1969558.0
VNM,1971,2037957.0
VNM,1972,2108830.0
VNM,1973,2181962.0
VNM,1974,2257737.0
VNM,1975,2336143.0
VNM,1976,2417386.0
VNM,1977,2501219.0
VNM,1978,2588081.0
VNM,1979,2677959.0
VNM,1980,2716087.0
VNM,1981,2736454.0
VNM,1982,2757003.0
VNM,1983,2777705.0
VNM,1984,2798592.0
VNM,1985,2819578.0
VNM,1986,2840750.0
VNM,1987,2862081.0
VNM,1988,2883603.0
VNM,1989,2927031.0
VNM,1990,3037805.0
VNM,1991,3152771.0
VNM,1992,3272256.0
VNM,1993,3395922.0
VNM,1994,3524441.0
VNM,1995,3657824.0
VNM,1996,3796450.0
VNM,1997,3939926.0
VNM,1998,4089033.0
VNM,1999,4240851.0
VNM,2000,4389369.0
VNM,2001,4542659.0
VNM,2002,4701524.0
VNM,2003,4865945.0
VNM,2004,5036354.0
VNM,2005,5212238.0
VNM,2006,5394520.0
VNM,2007,5583176.0
VNM,2008,5778704.0
VNM,2009,5980513.0
VNM,2010,6189370.0
VNM,2011,6405520.0
VNM,2012,6629220.0
VNM,2013,6860731.0
VNM,2014,7100328.0
VNM,2015,7348291.0
VNM,2016,7604915.0
VNM,2017,7870501.0
VNM,2018,8145361.0
VNM,2019,8371428.0
VNM,2020,8602317.0
VNM,2021,8837544.0
VNM,2022,9077158.0
VNM,2023,9320866.0
VNM,2024,9567656.0
VNM,2025,9816318.0
YEM,1960,121000.0
YEM,1961,127622.0
YEM,1962,134616.0
YEM,1963,141993.0
YEM,1964,149786.0
YEM,1965,157983.0
YEM,1966,166641.0
YEM,1967,175773.0
YEM,1968,185420.0
YEM,1969,195567.0
YEM,1970,206285.0
YEM,1971,217590.0
YEM,1972,229531.0
YEM,1973,240722.0
YEM,1974,243183.0
YEM,1975,245669.0
YEM,1976,249203.0
YEM,1977,252778.0
YEM,1978,256409.0
YEM,1979,260092.0
YEM,1980,263834.0
YEM,1981,267619.0
YEM,1982,293212.0
YEM,1983,325693.0
YEM,1984,361825.0
YEM,1985,401848.0
YEM,1986,444742.0
YEM,1987,489651.0
YEM,1988,539168.0
YEM,1989,593534.0
YEM,1990,653469.0
YEM,1991,719456.0
YEM,1992,792212.0
YEM,1993,872094.0
YEM,1994,960157.0
YEM,1995,1032832.0
YEM,1996,1089287.0
YEM,1997,1148659.0
YEM,1998,1211356.0
YEM,1999,1277476.0
YEM,2000,1347303.0
YEM,2001,1420738.0
YEM,2002,1498286.0
YEM,2003,1580067.0
YEM,2004,1666434.0
YEM,2005,1741060.0
YEM,2006,1804840.0
YEM,2007,1870956.0
YEM,2008,1939590.0
YEM,2009,2010542.0
YEM,2010,2084194.0
YEM,2011,2160544.0
YEM,2012,2239691.0
YEM,2013,2321737.0
YEM,2014,2406789.0
YEM,2015,2494957.0
YEM,2016,2586355.0
YEM,2017,2681100.0
YEM,2018,2779317.0
YEM,2019,2874373.0
YEM,2020,2972988.0
YEM,2021,3075257.0
YEM,2022,3181655.0
YEM,2023,3292497.0
YEM,2024,3407814.0
YEM,2025,3527434.0
ZAF,1960,1147725.0
ZAF,1961,1174562.0
ZAF,1962,1202065.0
ZAF,1963,1230212.0
ZAF,1964,1259058.0
ZAF,1965,1288499.0
ZAF,1966,1318670.0
ZAF,1967,1349547.0
ZAF,1968,1381191.0
ZAF,1969,1413488.0
ZAF,1970,1443042.0
ZAF,1971,1453818.0
ZAF,1972,1464690.0
ZAF,1973,1475613.0
ZAF,1974,1486633.0
ZAF,1975,1497734.0
ZAF,1976,1508935.0
ZAF,1977,1520188.0
ZAF,1978,1531540.0
ZAF,1979,1551264.0
ZAF,1980,1609474.0
ZAF,1981,1669700.0
ZAF,1982,1732267.0
ZAF,1983,1797179.0
ZAF,1984,1864617.0
ZAF,1985,1925491.0
ZAF,1986,1969351.0
ZAF,1987,2014211.0
ZAF,1988,2060157.0
ZAF,1989,2107020.0
ZAF,1990,2155016.0
ZAF,1991,2206438.0
ZAF,1992,2264303.0
ZAF,1993,2323520.0
ZAF,1994,2384371.0
ZAF,1995,2446815.0
ZAF,1996,2555956.0
ZAF,1997,2676412.0
ZAF,1998,2794141.0
ZAF,1999,2917048.0
ZAF,2000,3045543.0
ZAF,2001,3179320.0
ZAF,2002,3292493.0
ZAF,2003,3399183.0
ZAF,2004,3509485.0
ZAF,2005,3623048.0
ZAF,2006,3740450.0
ZAF,2007,3861657.0
ZAF,2008,3986966.0
ZAF,2009,4115979.0
ZAF,2010,4249354.0
ZAF,2011,4387051.0
ZAF,2012,4529409.0
ZAF,2013,4676386.0
ZAF,2014,4828133.0
ZAF,2015,4984804.0
ZAF,2016,5146559.0
ZAF,2017,5313563.0
ZAF,2018,5485986.0
ZAF,2019,5635127.0
ZAF,2020,5782747.0
ZAF,2021,5926668.0
ZAF,2022,6065354.0
ZAF,2023,6198016.0
ZAF,2024,6324351.0
ZAF,2025,6444575.0
ZMB,1960,98968.0
ZMB,1961,106863.0
ZMB,1962,115399.0
ZMB,1963,125639.0
ZMB,1964,141668.0
ZMB,1965,159690.0
ZMB,1966,180034.0
ZMB,1967,202970.0
ZMB,1968,228866.0
ZMB,1969,257980.0
ZMB,1970,277523.0
ZMB,1971,296229.0
ZMB,1972,316224.0
ZMB,1973,337509.0
ZMB,1974,360259.0
ZMB,1975,384542.0
ZMB,1976,410498.0
ZMB,1977,438128.0
ZMB,1978,467660.0
ZMB,1979,499183.0
ZMB,1980,532878.0
ZMB,1981,553203.0
ZMB,1982,572857.0
ZMB,1983,593210.0
ZMB,1984,614316.0
ZMB,1985,636111.0
ZMB,1986,658712.0
ZMB,1987,682115.0
ZMB,1988,706384.0
ZMB,1989,731445.0
ZMB,1990,757433.0
ZMB,1991,784302.0
ZMB,1992,812155.0
ZMB,1993,840918.0
ZMB,1994,870740.0
ZMB,1995,901621.0
ZMB,1996,933641.0
ZMB,1997,966706.0
ZMB,1998,1000989.0
ZMB,1999,1036489.0
ZMB,2000,1073299.0
ZMB,2001,1121302.0
ZMB,2002,1176111.0
ZMB,2003,1233599.0
ZMB,2004,1293983.0
ZMB,2005,1357143.0
ZMB,2006,1423481.0
ZMB,2007,1493061.0
ZMB,2008,1566144.0
ZMB,2009,1642590.0
ZMB,2010,1722879.0
ZMB,2011,1807094.0
ZMB,2012,1895425.0
ZMB,2013,1988075.0
ZMB,2014,2085252.0
ZMB,2015,2187180.0
ZMB,2016,2294091.0
ZMB,2017,2406227.0
ZMB,2018,2523844.0
ZMB,2019,2646619.0
ZMB,2020,2774133.0
ZMB,2021,2905993.0
ZMB,2022,3041789.0
ZMB,2023,3181250.0
ZMB,2024,3324219.0
ZMB,2025,3470866.0
ZWE,1960,247978.0
ZWE,1961,260705.0
ZWE,1962,274104.0
ZWE,1963,288191.0
ZWE,1964,303024.0
ZWE,1965,318576.0
ZWE,1966,334949.0
ZWE,1967,352163.0
ZWE,1968,370288.0
ZWE,1969,390272.0
ZWE,1970,416547.0
ZWE,1971,444591.0
ZWE,1972,474565.0
ZWE,1973,502040.0
ZWE,1974,516965.0
ZWE,1975,532332.0
ZWE,1976,548179.0
ZWE,1977,564452.0
ZWE,1978,581232.0
ZWE,1979,598510.0
ZWE,1980,616327.0
ZWE,1981,634623.0
ZWE,1982,653489.0
ZWE,1983,690785.0
ZWE,1984,733173.0
ZWE,1985,778035.0
ZWE,1986,825710.0
ZWE,1987,876306.0
ZWE,1988,930078.0
ZWE,1989,986988.0
ZWE,1990,1047467.0
ZWE,1991,1111651.0
ZWE,1992,1179865.0
ZWE,1993,1208710.0
ZWE,1994,1231714.0
ZWE,1995,1255156.0
ZWE,1996,1279077.0
ZWE,1997,1303387.0
ZWE,1998,1328193.0
ZWE,1999,1353471.0
ZWE,2000,1379266.0
ZWE,2001,1405480.0
ZWE,2002,1432229.0
ZWE,2003,1440013.0
ZWE,2004,1444905.0
ZWE,2005,1449799.0
ZWE,2006,1454718.0
ZWE,2007,1459652.0
ZWE,2008,1464611.0
ZWE,2009,1469572.0
ZWE,2010,1474557.0
ZWE,2011,1479559.0
ZWE,2012,1484585.0
ZWE,2013,1489614.0
ZWE,2014,1494660.0
ZWE,2015,1499723.0
ZWE,2016,1504803.0
ZWE,2017,1509901.0
ZWE,2018,1515016.0
ZWE,2019,1521311.0
ZWE,2020,1529920.0
ZWE,2021,1541824.0
ZWE,2022,1557740.0
ZWE,2023,1578128.0
ZWE,2024,1603201.0
ZWE,2025,1633019.0
